group,target,pdb_id,title,method,resolution_A,released,organism,chains,n_ligands,ligand_ids,ligand_names,heaviest_ligand_mw,other_het,is_xray,is_h9n2,has_ligand,druglike_ligand
inang,DPP4,4A5S,CRYSTAL STRUCTURE OF HUMAN DPP4 IN COMPLEX WITH A NOVAL HETEROCYCLIC DPP4 INHIBITOR,X-RAY DIFFRACTION,1.62,2012-02-08,HOMO SAPIENS,DIPEPTIDYL PEPTIDASE 4 SOLUBLE FORM,1,N7F,"6-[(3S)-3-AMINOPIPERIDIN-1-YL]-5-BENZYL-4-OXO-3-(QUINOLIN-4-YLMETHYL)-4,5-DIHYDRO-3H-PYRROLO[3,2-D]PYRIMIDINE-7-CARBONITRILE",489.571,NAG SO4,True,False,True,True
inang,DPP4,4N8D,DPP4 complexed with syn-7aa,X-RAY DIFFRACTION,1.65,2014-02-12,Homo sapiens,Dipeptidyl peptidase 4,1,2KS,1-(cis-1-phenyl-4-{[(2E)-3-phenylprop-2-en-1-yl]oxy}cyclohexyl)methanamine,321.456,NAG SO4,True,False,True,True
inang,DPP4,5T4B,Human DPP4 in complex with a ligand 34a,X-RAY DIFFRACTION,1.76,2016-10-05,Homo sapiens,Dipeptidyl peptidase 4,1,75N,"2-[(3R)-3-aminopiperidin-1-yl]-3-(but-2-yn-1-yl)-5-[(4-methylquinazolin-2-yl)methyl]-3H-imidazo[2,1-b]purin-4(5H)-one",481.552,NA NAG,True,False,True,True
inang,DPP4,5T4E,Human DPP4 in complex with ligand 19a,X-RAY DIFFRACTION,1.77,2016-10-05,Homo sapiens,Dipeptidyl peptidase 4,1,75L,"2-[(3R)-3-aminopiperidin-1-yl]-3-(but-2-yn-1-yl)-6-[(4-methylquinazolin-2-yl)methyl]-6,7,8,9-tetrahydropyrimido[2,1-b]purin-4(3H)-one",497.595,NA NAG,True,False,True,True
inang,DPP4,6B1E,The structure of DPP4 in complex with Vildagliptin,X-RAY DIFFRACTION,1.77,2017-09-27,Homo sapiens,Dipeptidyl peptidase 4,1,LF7,"2-{[(1r,3s,5R,7S)-3-hydroxytricyclo[3.3.1.1~3,7~]decan-1-yl]amino}-1-{(2S)-2-[(E)-iminomethyl]pyrrolidin-1-yl}ethan-1-o
ne",305.415,NA NAG,True,False,True,True
inang,DPP4,4PNZ,Human dipeptidyl peptidase IV/CD26 in complex with the long-acting inhibitor Omarigliptin (MK-3102),X-RAY DIFFRACTION,1.9,2014-04-09,Homo sapiens,Dipeptidyl peptidase 4,1,2VH,"(2R,3S,5R)-5-[2-(methylsulfonyl)-2,6-dihydropyrrolo[3,4-c]pyrazol-5(4H)-yl]-2-(2,4,5-trifluorophenyl)tetrahydro-2H-pyran-3-amine",416.418,NA NAG,True,False,True,True
inang,DPP4,5T4F,Human DPP4 in complex with ligand 34p,X-RAY DIFFRACTION,1.9,2016-10-05,Homo sapiens,Dipeptidyl peptidase 4,1,75M,"4-({2-[(3R)-3-aminopiperidin-1-yl]-3-(but-2-yn-1-yl)-4-oxo-3,4-dihydro-5H-imidazo[2,1-b]purin-5-yl}methyl)benzonitrile",440.5,NA NAG,True,False,True,True
inang,DPP4,6B1O,The structure of DPP4 in complex with Vildagliptin Analog,X-RAY DIFFRACTION,1.91,2017-09-27,Homo sapiens,Dipeptidyl peptidase 4,1,C8S,"(2S)-2-amino-1-[(1S,3S,5S)-3-(aminomethyl)-2-azabicyclo[3.1.0]hexan-2-yl]-2-[(1r,3R,5S,7S)-3,5-dihydroxytricyclo[3.3.1.1~3,7~]decan-1-yl]ethan-1-one",335.441,NAG,True,False,True,True
inang,DPP4,5I7U,Human DPP4 in complex with a novel tricyclic hetero-cycle inhibitor,X-RAY DIFFRACTION,1.95,2016-06-08,Homo sapiens,Dipeptidyl peptidase 4,1,6AJ,"2-({2-[(3R)-3-aminopiperidin-1-yl]-5-methyl-6,9-dioxo-5,6,7,9-tetrahydro-1H-imidazo[1,2-a]purin-1-yl}methyl)-4-fluorobenzonitrile",436.442,NA NAG,True,False,True,True
inang,DPP4,2G63,Crystal structure of human dipeptidyl peptidase IV (DPPIV) complexed with cyanopyrrolidine (C5-pro-pro) inhibitor 24b,X-RAY DIFFRACTION,2.0,2006-07-04,Homo sapiens,Dipeptidyl peptidase 4,1,AAF,"METHYL 4-{[({[(2R,5S)-5-{[(2S)-2-(AMINOMETHYL)PYRROLIDIN-1-YL]CARBONYL}PYRROLIDIN-2-YL]METHYL}AMINO)CARBONYL]AMINO}BENZOATE",403.475,,True,False,True,True
inang,DPP4,3EIO,Crystal Structure Analysis of DPPIV Inhibitor,X-RAY DIFFRACTION,2.0,2008-11-04,Homo sapiens,Dipeptidyl peptidase 4 soluble form,1,AJH,"4-({4-[(3R)-3-amino-4-(2,4,5-trifluorophenyl)butanoyl]-1,4-diazepan-1-yl}carbonyl)benzoic acid",463.45,NAG,True,False,True,True
inang,DPP4,3HAC,The structure of DPP-4 in complex with piperidine fused imidazopyridine 34,X-RAY DIFFRACTION,2.0,2009-07-21,Homo sapiens,Dipeptidyl peptidase 4 soluble form,1,361,"(7R,8R)-8-(2,4,5-trifluorophenyl)-6,7,8,9-tetrahydroimidazo[1,2-a:4,5-c']dipyridin-7-amine",318.296,NA NAG,True,False,True,True
inang,DPP4,3SWW,"Crystal structure of human dpp-iv in complex with sa-(+)-3-(aminomethyl)-4-(2,4-dichlorophenyl)-6-(2-methoxyphenyl)- 2-methyl-5h-pyrrolo[3,4-b]pyridin-7(6h)-one",X-RAY DIFFRACTION,2.0,2011-10-26,Homo sapiens,Dipeptidyl peptidase 4,1,KXB,"3-(aminomethyl)-4-(2,4-dichlorophenyl)-6-(2-methoxyethyl)-2-methyl-5,6-dihydro-7H-pyrrolo[3,4-b]pyridin-7-one",380.268,NAG,True,False,True,True
inang,DPP4,3D4L,Human dipeptidyl peptidase IV/CD26 in complex with a novel inhibitor,X-RAY DIFFRACTION,2.0,2008-07-01,Homo sapiens,Dipeptidyl peptidase 4 soluble form,1,605,"4'-[(1R)-1-amino-2-(2,5-difluorophenyl)ethyl]biphenyl-3-carboxamide",352.377,NA NAG,True,False,True,True
inang,DPP4,5ISM,"Human DPP4 in complex with a novel 5,5,6-tricyclic pyrrolidine inhibitor",X-RAY DIFFRACTION,2.0,2016-05-11,Homo sapiens,Dipeptidyl peptidase 4,1,6DG,"(2R,3S,5R)-2-(2,5-difluorophenyl)-5-(7H-pyrrolo[3',4':3,4]pyrazolo[1,5-a]pyrimidin-8(9H)-yl)oxan-3-amine",371.384,NA NAG,True,False,True,True
inang,DPP4,3C45,Human dipeptidyl peptidase IV/CD26 in complex with a fluoroolefin inhibitor,X-RAY DIFFRACTION,2.05,2008-04-22,Homo sapiens,Dipeptidyl peptidase 4 soluble form,1,317,"(2S,3S)-3-{3-[2-chloro-4-(methylsulfonyl)phenyl]-1,2,4-oxadiazol-5-yl}-1-cyclopentylidene-4-cyclopropyl-1-fluorobutan-2-amine",453.958,NA NAG,True,False,True,True
inang,DPP4,1X70,HUMAN DIPEPTIDYL PEPTIDASE IV IN COMPLEX WITH A BETA AMINO ACID INHIBITOR,X-RAY DIFFRACTION,2.1,2005-01-18,Homo sapiens,Dipeptidyl peptidase IV,1,715,"(2R)-4-OXO-4-[3-(TRIFLUOROMETHYL)-5,6-DIHYDRO[1,2,4]TRIAZOLO[4,3-A]PYRAZIN-7(8H)-YL]-1-(2,4,5-TRIFLUOROPHENYL)BUTAN-2-A
MINE",407.314,NA NAG,True,False,True,True
inang,DPP4,2OGZ,Crystal structure of DPP-IV complexed with Lilly aryl ketone inhibitor,X-RAY DIFFRACTION,2.1,2007-03-06,Homo sapiens,Dipeptidyl peptidase,1,U1N,4-[(3R)-3-{[2-(4-FLUOROPHENYL)-2-OXOETHYL]AMINO}BUTYL]BENZAMIDE,328.381,,True,False,True,True
inang,DPP4,2QT9,Human dipeptidyl peptidase iv/cd26 in complex with a 4-aryl cyclohexylalanine inhibitor,X-RAY DIFFRACTION,2.1,2007-11-06,Homo sapiens,Dipeptidyl peptidase 4,1,524,"(2S,3S)-3-AMINO-4-[(3S)-3-FLUOROPYRROLIDIN-1-YL]-N,N-DIMETHYL-4-OXO-2-(TRANS-4-[1,2,4]TRIAZOLO[1,5-A]PYRIDIN-5-YLCYCLOH
EXYL)BUTANAMIDE",430.519,NA NAG,True,False,True,True
inang,DPP4,3HAB,The structure of DPP4 in complex with piperidine fused benzimidazole 25,X-RAY DIFFRACTION,2.1,2009-07-21,Homo sapiens,Dipeptidyl peptidase 4 soluble form,1,677,"(2R,3R)-7-(methylsulfonyl)-3-(2,4,5-trifluorophenyl)-1,2,3,4-tetrahydropyrido[1,2-a]benzimidazol-2-amine",395.399,NA NAG,True,False,True,True
inang,DPP4,3VJM,Crystal structure of human depiptidyl peptidase IV (DPP-4) in complex with a prolylthiazolidine inhibitor #1,X-RAY DIFFRACTION,2.1,2012-08-15,Homo sapiens,Dipeptidyl peptidase 4,1,W61,"1,3-thiazolidin-3-yl[(2S,4S)-4-{4-[2-(trifluoromethyl)quinolin-4-yl]piperazin-1-yl}pyrrolidin-2-yl]methanone",465.535,NAG,True,False,True,True
inang,DPP4,2IIV,Human dipeptidyl peptidase 4 in complex with a diazepan-2-one inhibitor,X-RAY DIFFRACTION,2.15,2006-11-28,Homo sapiens,Dipeptidyl peptidase 4 soluble form,1,565,"(3R)-4-[(3R)-3-AMINO-4-(2,4,5-TRIFLUOROPHENYL)BUTANOYL]-3-METHYL-1,4-DIAZEPAN-2-ONE",343.344,NAG,True,False,True,True
inang,DPP4,1RWQ,"Human Dipeptidyl peptidase IV in complex with 5-aminomethyl-6-(2,4-dichloro-phenyl)-2-(3,5-dimethoxy-phenyl)-pyrimidin-4-ylamine",X-RAY DIFFRACTION,2.2,2004-12-17,Homo sapiens,Dipeptidyl peptidase IV,1,5AP,"5-(AMINOMETHYL)-6-(2,4-DICHLOROPHENYL)-2-(3,5-DIMETHOXYPHENYL)PYRIMIDIN-4-AMINE",405.278,NAG,True,False,True,True
inang,DPP4,2P8S,Human dipeptidyl peptidase IV/CD26 in complex with a cyclohexalamine inhibitor,X-RAY DIFFRACTION,2.2,2007-05-22,Homo sapiens,DIPEPTIDYL PEPTIDASE IV SOLUBLE FORM,1,417,"(1S,2R,5S)-5-[3-(TRIFLUOROMETHYL)-5,6-DIHYDRO[1,2,4]TRIAZOLO[4,3-A]PYRAZIN-7(8H)-YL]-2-(2,4,5-TRIFLUOROPHENYL)CYCLOHEXANAMINE",419.367,NA NAG,True,False,True,True
inang,DPP4,2QJR,dipepdyl peptidase IV in complex with inhibitor PZF,X-RAY DIFFRACTION,2.2,2008-07-29,Homo sapiens,Dipeptidyl peptidase 4 membrane form,2,PZF LGU,"(3R,4S)-1-[6-(6-METHOXYPYRIDIN-3-YL)PYRIMIDIN-4-YL]-4-(2,4,5-TRIFLUOROPHENYL)PYRROLIDIN-3-AMINE | alpha-L-gulopyranuronic acid",401.385,NAG,True,False,True,True
inang,DPP4,3QBJ,Crystal structure of dipeptidyl peptidase IV in complex with inhibitor,X-RAY DIFFRACTION,2.21,2012-01-25,Homo sapiens,Dipeptidyl peptidase 4,1,NXZ,"1-[(3S,4S)-4-amino-1-(6-phenylpyrimidin-4-yl)pyrrolidin-3-yl]piperidin-2-one",337.419,NAG,True,False,True,True
inang,DPP4,5KBY,Crystal structure of dipeptidyl peptidase IV in complex with SYR-472,X-RAY DIFFRACTION,2.24,2016-07-13,Homo sapiens,Dipeptidyl peptidase 4,1,6RL,"2-[[6-[(3~{R})-3-azanylpiperidin-1-yl]-3-methyl-2,4-bis(oxidanylidene)pyrimidin-1-yl]methyl]-4-fluoranyl-benzenecarboni
trile",357.382,NAG,True,False,True,True
inang,DPP4,2QTB,Human dipeptidyl peptidase iv/cd26 in complex with a 4-aryl cyclohexylalanine inhibitor,X-RAY DIFFRACTION,2.25,2007-11-06,Homo sapiens,Dipeptidyl peptidase 4,1,474,"(2S,3S)-3-AMINO-4-(3,3-DIFLUOROPYRROLIDIN-1-YL)-N,N-DIMETHYL-4-OXO-2-(TRANS-4-[1,2,4]TRIAZOLO[1,5-A]PYRIDIN-6-YLCYCLOHEXYL)BUTANAMIDE",448.509,NA NAG,True,False,True,True
inang,DPP4,3G0B,Crystal structure of dipeptidyl peptidase IV in complex with TAK-322,X-RAY DIFFRACTION,2.25,2010-02-16,Homo sapiens,Dipeptidyl peptidase 4,1,T22,"2-({6-[(3R)-3-aminopiperidin-1-yl]-3-methyl-2,4-dioxo-3,4-dihydropyrimidin-1(2H)-yl}methyl)benzonitrile",339.392,NAG,True,False,True,True
inang,DPP4,2G5T,Crystal structure of human dipeptidyl peptidase IV (DPPIV) complexed with cyanopyrrolidine (C5-pro-pro) inhibitor 21ag,X-RAY DIFFRACTION,2.3,2006-07-04,Homo sapiens,Dipeptidyl peptidase 4,1,ACF,"3-{[(2R,5S)-5-{[(2S)-2-(AMINOMETHYL)PYRROLIDIN-1-YL]CARBONYL}PYRROLIDIN-2-YL]METHOXY}-4-CHLOROBENZOIC ACID",381.854,,True,False,True,True
inang,DPP4,2OAG,Crystal structure of human dipeptidyl peptidase IV (DPPIV) with pyrrolidine-constrained phenethylamine 29g,X-RAY DIFFRACTION,2.3,2007-09-11,Homo sapiens,Dipeptidyl peptidase 4,1,DLI,"(3R,4S)-1-{6-[3-(METHYLSULFONYL)PHENYL]PYRIMIDIN-4-YL}-4-(2,4,5-TRIFLUOROPHENYL)PYRROLIDIN-3-AMINE",448.461,,True,False,True,True
inang,DPP4,2QOE,Human Dipeptidyl Peptidase IV in complex with a Triazolopiperazine-based beta amino acid Inhibitor,X-RAY DIFFRACTION,2.3,2007-11-06,Homo sapiens,Dipeptidyl peptidase 4,1,448,"(2R)-4-[(8R)-8-METHYL-2-(TRIFLUOROMETHYL)-5,6-DIHYDRO[1,2,4]TRIAZOLO[1,5-A]PYRAZIN-7(8H)-YL]-4-OXO-1-(2,4,5-TRIFLUOROPHENYL)BUTAN-2-AMINE",421.34,NA NAG,True,False,True,True
inang,DPP4,3C43,Human dipeptidyl peptidase IV/CD26 in complex with a flouroolefin inhibitor,X-RAY DIFFRACTION,2.3,2008-04-22,Homo sapiens,Dipeptidyl peptidase 4 soluble form,1,315,"(2S,3S)-4-cyclopropyl-3-{(3R,5R)-3-[2-fluoro-4-(methylsulfonyl)phenyl]-1,2,4-oxadiazolidin-5-yl}-1-[(3S)-3-fluoropyrrolidin-1-yl]-1-oxobutan-2-amine",458.523,NAG,True,False,True,True
inang,DPP4,4N8E,DPP4 complexed with compound 12a,X-RAY DIFFRACTION,2.3,2014-02-12,Homo sapiens,Dipeptidyl peptidase 4,1,2KV,1-[cis-4-(aminomethyl)-4-(3-chlorophenyl)cyclohexyl]piperidin-2-one,320.857,NAG SO4,True,False,True,True
inang,DPP4,3NOX,"Crystal structure of human DPP-IV in complex with Sa-(+)-(6-(aminomethyl)-5-(2,4-dichlorophenyl)-7-methylimidazo[1,2-a]pyrimidin-2-yl)(morpholino)methanone",X-RAY DIFFRACTION,2.338,2010-08-11,Homo sapiens,"Dipeptidyl-peptidase 4 (CD26, adenosine deaminase complexing protein 2)",1,6A5,"Sa-(+)-(6-(aminomethyl)-5-(2,4-dichlorophenyl)-7-methylimidazo[1,2-a]pyrimidin-2-yl)(morpholino)methanone",420.292,GOL NAG,True,False,True,True
inang,DPP4,2HHA,The structure of DPP4 in complex with an oxadiazole inhibitor,X-RAY DIFFRACTION,2.35,2006-09-19,Homo sapiens,Hypothetical protein DPP4,1,3TP,"(2S,3S)-3-{3-[4-(METHYLSULFONYL)PHENYL]-1,2,4-OXADIAZOL-5-YL}-1-OXO-1-PYRROLIDIN-1-YLBUTAN-2-AMINE",378.446,NA NAG,True,False,True,True
inang,DPP4,2IIT,Human dipeptidyl peptidase 4 in complex with a diazepan-2-one inhibitor,X-RAY DIFFRACTION,2.35,2006-11-28,Homo sapiens,Dipeptidyl peptidase 4 soluble form,1,872,"(3R)-4-[(3R)-3-AMINO-4-(2,4,5-TRIFLUOROPHENYL)BUTANOYL]-3-(2,2,2-TRIFLUOROETHYL)-1,4-DIAZEPAN-2-ONE",411.342,NA NAG,True,False,True,True
inang,DPP4,3BJM,"Crystal structure of human DPP-IV in complex with (1S,3S, 5S)-2-[(2S)-2-AMINO-2-(3-HYDROXYTRICYCLO[3.3.1.13,7]DEC-1- YL)ACETYL]-2-AZABICYCLO[3.1.0]HEXANE-3-CARBONITRILE (CAS), (1S,3S,5S)-2-((2S)-2-AMINO-2-(3-HYDROXYADAMANTAN-1- YL)ACETYL)-2-AZABICYCLO[3.1.0]HEXANE-3-CARBONITRILE (IUPAC), OR BMS-477118",X-RAY DIFFRACTION,2.35,2008-04-22,Homo sapiens,Dipeptidyl peptidase 4,1,BJM,"(2~{S})-2-azanyl-1-[(1~{S},3~{S},5~{S})-3-(iminomethyl)-2-azabicyclo[3.1.0]hexan-2-yl]-2-[(5~{R},7~{S})-3-oxidanyl-1-ad
amantyl]ethanone",317.426,NAG,True,False,True,True
inang,DPP4,4JH0,"Crystal structure of dipeptidyl-peptidase 4 (CD26, adenosine deaminase complexing protein 2) (DPP-IV-WT) complex with bms-767778 AKA 2-(3-(aminomethyl)-4-(2,4- dichlorophenyl)-2-methyl-5-oxo-5,7-dihydro-6h-pyrrolo[3,4- b]pyridin-6-yl)-n,n-dimethylacetamide",X-RAY DIFFRACTION,2.35,2013-09-04,Homo sapiens,Dipeptidyl peptidase 4,1,1MD,"2-[3-(aminomethyl)-4-(2,4-dichlorophenyl)-2-methyl-5-oxo-5,7-dihydro-6H-pyrrolo[3,4-b]pyridin-6-yl]-N,N-dimethylacetamide",407.294,,True,False,True,True
inang,DPP4,3W2T,Crystal structure of human depiptidyl peptidase IV (DPP-4) in complex with vildagliptin,X-RAY DIFFRACTION,2.36,2013-05-15,Homo sapiens,Dipeptidyl peptidase 4,1,LF7,"2-{[(1r,3s,5R,7S)-3-hydroxytricyclo[3.3.1.1~3,7~]decan-1-yl]amino}-1-{(2S)-2-[(E)-iminomethyl]pyrrolidin-1-yl}ethan-1-o
ne",305.415,GOL NAG,True,False,True,True
inang,DPP4,9GOH,Crystal structure of DPP4 in complex with sulphostin.,X-RAY DIFFRACTION,2.38,2025-07-16,Homo sapiens,Dipeptidyl peptidase 4 soluble form,1,A1INF,azanyl-oxidanylidene-(sulfoamino)phosphanium,159.082,EDO NAG SO4,True,False,True,True
inang,DPP4,3G0D,Crystal structure of dipeptidyl peptidase IV in complex with a pyrimidinedione inhibitor 2,X-RAY DIFFRACTION,2.39,2010-02-16,Homo sapiens,Dipeptidyl peptidase 4,1,XIH,"2-({8-[(3R)-3-AMINOPIPERIDIN-1-YL]-1,3-DIMETHYL-2,6-DIOXO-1,2,3,6-TETRAHYDRO-7H-PURIN-7-YL}METHYL)BENZONITRILE",393.442,NAG,True,False,True,True
inang,DPP4,3VJL,Crystal structure of human depiptidyl peptidase IV (DPP-4) in complex with a prolylthiazolidine inhibitor #2,X-RAY DIFFRACTION,2.393,2012-10-24,Homo sapiens,Dipeptidyl peptidase 4,1,W94,"[(2S,4S)-4-{4-[1-phenyl-3-(trifluoromethyl)-1H-pyrazol-5-yl]piperidin-1-yl}pyrrolidin-2-yl](1,3-thiazolidin-3-yl)methanone",479.562,NAG,True,False,True,True
inang,DPP4,2FJP,Human dipeptidyl peptidase IV/CD26 in complex with an inhibitor,X-RAY DIFFRACTION,2.4,2006-07-04,Homo sapiens,Dipeptidyl peptidase 4,1,S14,"6-(4-{(1S,2S)-2-AMINO-1-[(DIMETHYLAMINO)CARBONYL]-3-[(3S)-3-FLUOROPYRROLIDIN-1-YL]-3-OXOPROPYL}PHENYL)-1H-[1,2,4]TRIAZOLO[1,5-A]PYRIDIN-4-IUM",424.471,NAG,True,False,True,True
inang,DPP4,2G5P,Crystal structure of human dipeptidyl peptidase IV (DPPIV) complexed with cyanopyrrolidine (C5-pro-pro) inhibitor 21ac,X-RAY DIFFRACTION,2.4,2006-07-04,Homo sapiens,Dipeptidyl peptidase 4,1,ADF,"4-{[(2R,5S)-5-{[(2S)-2-(AMINOMETHYL)PYRROLIDIN-1-YL]CARBONYL}PYRROLIDIN-2-YL]METHOXY}-3-TERT-BUTYLBENZOIC ACID",403.515,,True,False,True,True
inang,DPP4,2I03,Crystal structure of human dipeptidyl peptidase 4 (DPP IV) with potent alkynyl cyanopyrrolidine (ABT-279),X-RAY DIFFRACTION,2.4,2006-12-12,Homo sapiens,Dipeptidyl peptidase 4,1,AXD,"2-[4-({2-[(2S,5R)-2-(AMINOMETHYL)-5-ETHYNYLPYRROLIDIN-1-YL]-2-OXOETHYL}AMINO)-4-METHYLPIPERIDIN-1-YL]ISONICOTINIC ACID",399.487,,True,False,True,True
inang,DPP4,2OLE,Crystal Structure Of Human Dipeptidyl Peptidase IV (DPPIV) Complex With Cyclic Hydrazine Derivatives,X-RAY DIFFRACTION,2.4,2008-01-22,Homo sapiens,Dipeptidyl peptidase 4,1,KR2,"(2R)-4-(2-BENZOYL-1,2-DIAZEPAN-1-YL)-4-OXO-1-(2,4,5-TRIFLUOROPHENYL)BUTAN-2-AMINE",419.44,,True,False,True,True
inang,DPP4,2OPH,Human dipeptidyl peptidase IV in complex with an alpha amino acid inhibitor,X-RAY DIFFRACTION,2.4,2007-05-08,Homo sapiens,Dipeptidyl peptidase 4 soluble form,1,277,"N-(TRANS-4-{(1S,2S)-2-AMINO-3-[(3S)-3-FLUOROPYRROLIDIN-1-YL]-1-METHYL-3-OXOPROPYL}CYCLOHEXYL)-N-METHYLACETAMIDE",327.437,NA NAG,True,False,True,True
inang,DPP4,3KWF,"human DPP-IV with carmegliptin (S)-1-((2S,3S,11bS)-2-Amino-9,10-dimethoxy-1,3,4,6,7,11b-hexahydro-2H-pyrido[2,1-a]isoquinolin-3-yl)-4-fluoromethyl-pyrrolidin-2-one",X-RAY DIFFRACTION,2.4,2010-01-12,Homo sapiens,Dipeptidyl peptidase 4,1,B1Q,"(4S)-1-[(2S,3S,11bS)-2-amino-9,10-dimethoxy-1,3,4,6,7,11b-hexahydro-2H-pyrido[2,1-a]isoquinolin-3-yl]-4-(fluoromethyl)pyrrolidin-2-one",377.453,NAG,True,False,True,True
inang,DPP4,3Q0T,"Crystal structure of human dpp-iv in complex withsa-(+)- methyl2-(3-(aminomethyl)-4-(2,4-dichlorophenyl)-2-methyl- 7-oxo-5h-pyrrolo[3,4-b]pyridin-6(7h)-yl)acetate",X-RAY DIFFRACTION,2.401,2012-02-29,Homo sapiens,Dipeptidyl peptidase 4,1,LGE,"methyl [3-(aminomethyl)-4-(2,4-dichlorophenyl)-2-methyl-7-oxo-5,7-dihydro-6H-pyrrolo[3,4-b]pyridin-6-yl]acetate",394.252,NAG,True,False,True,True
inang,DPP4,3F8S,Crystal structure of dipeptidyl peptidase IV in complex with inhibitor,X-RAY DIFFRACTION,2.43,2009-06-23,Homo sapiens,Dipeptidyl peptidase 4,1,PF2,"2-(4-{(3S,5S)-5-[(3,3-difluoropyrrolidin-1-yl)carbonyl]pyrrolidin-3-yl}piperazin-1-yl)pyrimidine",366.409,NAG,True,False,True,True
inang,DPP4,4LKO,Crystal structure of human DPP-IV in complex with BMS-744891,X-RAY DIFFRACTION,2.43,2013-09-04,Homo sapiens,Dipeptidyl peptidase 4,1,1WH,"3-(aminomethyl)-4-(2,4-dichlorophenyl)-6-(2-methoxyethyl)-2-methyl-6,7-dihydro-5H-pyrrolo[3,4-b]pyridin-5-one",380.268,,True,False,True,True
inang,DPP4,3G0G,Crystal structure of dipeptidyl peptidase IV in complex with a pyrimidinone inhibitor 3,X-RAY DIFFRACTION,2.45,2010-02-16,Homo sapiens,Dipeptidyl peptidase 4,1,RUM,2-({2-[(3R)-3-aminopiperidin-1-yl]-5-bromo-6-oxopyrimidin-1(6H)-yl}methyl)benzonitrile,388.262,NAG,True,False,True,True
inang,DPP4,3CCB,Crystal Structure of Human DPP4 in complex with a benzimidazole derivative,X-RAY DIFFRACTION,2.49,2008-10-21,Homo sapiens,Dipeptidyl peptidase 4,1,B2Y,1-biphenyl-2-ylmethanamine,183.249,NAG,True,False,True,True
inang,DPP4,3VJK,Crystal structure of human depiptidyl peptidase IV (DPP-4) in complex with MP-513,X-RAY DIFFRACTION,2.49,2012-10-24,Homo sapiens,Dipeptidyl peptidase 4,1,M51,"{(2S,4S)-4-[4-(3-methyl-1-phenyl-1H-pyrazol-5-yl)piperazin-1-yl]pyrrolidin-2-yl}(1,3-thiazolidin-3-yl)methanone",426.578,NAG,True,False,True,True
inang,DPP4,1N1M,Human Dipeptidyl Peptidase IV/CD26 in complex with an inhibitor,X-RAY DIFFRACTION,2.5,2002-12-27,Homo sapiens,Dipeptidyl peptidase IV SOLUBLE FORM,1,A3M,2-AMINO-3-METHYL-1-PYRROLIDIN-1-YL-BUTAN-1-ONE,170.252,HG NAG,True,False,True,True
inang,DPP4,2AJL,X-ray Structure of Novel Biaryl-Based Dipeptidyl peptidase IV inhibitor,X-RAY DIFFRACTION,2.5,2005-11-08,Homo sapiens,Dipeptidyl peptidase 4,1,JNH,1-[2-(S)-AMINO-3-BIPHENYL-4-YL-PROPIONYL]-PYRROLIDINE-2-(S)-CARBONITRILE,323.432,NAG,True,False,True,True
inang,DPP4,2I78,"Crystal structure of human dipeptidyl peptidase IV (DPP IV) complexed with ABT-341, a cyclohexene-constrained phenethylamine inhibitor",X-RAY DIFFRACTION,2.5,2007-10-09,Homo sapiens,Dipeptidyl peptidase IV,1,KIQ,"(1S,6R)-3-{[3-(TRIFLUOROMETHYL)-5,6-DIHYDRO[1,2,4]TRIAZOLO[4,3-A]PYRAZIN-7(8H)-YL]CARBONYL}-6-(2,4,5-TRIFLUOROPHENYL)CYCLOHEX-3-EN-1-AMINE",445.362,,True,False,True,True
inang,DPP4,5Y7K,Crystal structure of human DPP4 in complex with inhibitor1,X-RAY DIFFRACTION,2.512,2019-03-20,Homo sapiens,Dipeptidyl peptidase 4,1,8VU,"(R)-4-((R)-3-amino-4-(2,4,5-trifluorophenyl)butanoyl)-3-(tert-butoxymethyl)piperazine-2-one",401.423,,True,False,True,True
inang,DPP4,5Y7J,Crystal structure of human DPP4 in complex with inhibitor2,X-RAY DIFFRACTION,2.521,2019-03-20,Homo sapiens,Dipeptidyl peptidase 4,1,8OL,"(S)-4-((R)-3-amino-4-(2,4,5-trifluorophenyl)butanoyl)-3-(tert-butoxymethyl)piperazin-2-one",401.423,,True,False,True,True
inang,DPP4,2ONC,Crystal structure of human DPP-4,X-RAY DIFFRACTION,2.55,2008-03-04,Homo sapiens,Dipeptidyl peptidase 4,1,SY1,2-({2-[(3R)-3-AMINOPIPERIDIN-1-YL]-4-OXOQUINAZOLIN-3(4H)-YL}METHYL)BENZONITRILE,359.424,NAG,True,False,True,True
inang,DPP4,2RGU,Crystal structure of complex of human DPP4 and inhibitor,X-RAY DIFFRACTION,2.6,2007-11-06,Homo sapiens,Dipeptidyl peptidase 4,1,356,"8-[(3R)-3-Aminopiperidin-1-yl]-7-but-2-yn-1-yl-3-methyl-1-[(4-methylquinazolin-2-yl)methyl]-3,7-dihydro-1H-purine-2,6-d
ione",472.542,NAG,True,False,True,True
inang,DPP4,3SX4,"Crystal structure of human dpp-iv in complex with sa-(+)-3-(aminomethyl)-4-(2,4-dichlorophenyl)-6-(2-methoxyphenyl)- 2-methyl-5h-pyrrolo[3,4-b]pyridin-7(6h)-one",X-RAY DIFFRACTION,2.6,2011-10-26,Homo sapiens,Dipeptidyl peptidase 4,1,KXA,"3-(aminomethyl)-4-(2,4-dichlorophenyl)-6-(2-methoxyphenyl)-2-methyl-5,6-dihydro-7H-pyrrolo[3,4-b]pyridin-7-one",428.311,NAG,True,False,True,True
inang,DPP4,5T4H,Human DPP4 in complex with ligand 34n,X-RAY DIFFRACTION,2.61,2016-10-05,Homo sapiens,Dipeptidyl peptidase 4,1,75J,"2-({2-[(3R)-3-aminopiperidin-1-yl]-3-(but-2-yn-1-yl)-4-oxo-3,4-dihydro-5H-imidazo[2,1-b]purin-5-yl}methyl)benzonitrile",440.5,NA NAG,True,False,True,True
inang,DPP4,2BUB,Crystal Structure Of Human Dipeptidyl Peptidase IV (CD26) in Complex with a Reversed Amide Inhibitor,X-RAY DIFFRACTION,2.66,2006-01-23,HOMO SAPIENS,DIPEPTIDYL PEPTIDASE 4,1,FPB,N-({(2S)-1-[(3R)-3-AMINO-4-(2-FLUOROPHENYL)BUTANOYL]PYRROLIDIN-2-YL}METHYL)BENZAMIDE,383.459,NAG,True,False,True,True
inang,DPP4,3H0C,Crystal Structure of Human Dipeptidyl Peptidase IV (CD26) in Complex with a Reversed Amide Inhibitor,X-RAY DIFFRACTION,2.66,2009-06-09,Homo sapiens,Dipeptidyl peptidase 4,1,PS4,N-({(2S)-1-[(3R)-3-amino-4-(3-chlorophenyl)butanoyl]pyrrolidin-2-yl}methyl)-3-(methylsulfonyl)benzamide,478.004,NAG,True,False,True,True
inang,DPP4,3G0C,Crystal structure of dipeptidyl peptidase IV in complex with a pyrimidinedione inhibitor 1,X-RAY DIFFRACTION,2.69,2010-02-16,Homo sapiens,Dipeptidyl peptidase 4,1,RUF,"7-(2-chlorobenzyl)-1,3-dimethyl-8-piperazin-1-yl-3,7-dihydro-1H-purine-2,6-dione",388.851,NAG,True,False,True,True
inang,DPP4,1TKR,Human Dipeptidyl Peptidase IV/CD26 inhibited with Diisopropyl FluoroPhosphate,X-RAY DIFFRACTION,2.7,2004-07-06,Homo sapiens,Dipeptidyl peptidase IV,1,DFP,DIISOPROPYL PHOSPHONATE,166.155,NAG,True,False,True,True
inang,DPP4,3OC0,"Structure of human DPP-IV with HTS hit (2S,3S,11bS)-3-butyl-9,10-dimethoxy-1,3,4,6,7,11b-hexahydro-2H-pyrido[2,1-a]isoquinolin-2-ylamine",X-RAY DIFFRACTION,2.7,2010-08-25,Homo sapiens,Dipeptidyl peptidase 4,1,B2Q,"(2S,3R,11bR)-3-butyl-9,10-dimethoxy-1,3,4,6,7,11b-hexahydro-2H-pyrido[2,1-a]isoquinolin-2-amine",318.454,NAG,True,False,True,True
inang,DPP4,3CCC,Crystal Structure of Human DPP4 in complex with a benzimidazole derivative,X-RAY DIFFRACTION,2.71,2008-10-21,Homo sapiens,Dipeptidyl peptidase 4,1,7AC,7-(aminomethyl)-6-(2-chlorophenyl)-1-methyl-1H-benzimidazole-5-carbonitrile,296.754,NAG,True,False,True,True
inang,DPP4,3OPM,Crystal Structure of Human DPP4 Bound to TAK-294,X-RAY DIFFRACTION,2.72,2011-10-19,Homo sapiens,Dipeptidyl peptidase 4,1,LUI,"2-{[3-(aminomethyl)-2-(2-methylpropyl)-1-oxo-4-phenyl-1,2-dihydroisoquinolin-6-yl]oxy}acetamide",379.452,NAG,True,False,True,True
inang,DPP4,3O9V,Crystal Structure of Human DPP4 Bound to TAK-986,X-RAY DIFFRACTION,2.75,2011-02-09,Homo sapiens,Dipeptidyl peptidase 4,1,10T,5-(aminomethyl)-2-methyl-4-(4-methylphenyl)-6-(2-methylpropyl)pyridine-3-carboxic acid,312.406,NAG,True,False,True,True
inang,DPP4,5J3J,Crystal Structure of human DPP-IV in complex with HL1,X-RAY DIFFRACTION,2.75,2017-04-05,Homo sapiens,Dipeptidyl peptidase 4,1,HL1,"(2~{S},3~{R})-8,9-dimethoxy-3-[2,4,5-tris(fluoranyl)phenyl]-2,3-dihydro-1~{H}-benzo[f]chromen-2-amine",389.368,NAG,True,False,True,True
inang,DPP4,2JID,"Human Dipeptidyl peptidase IV in complex with 1-(3,4-Dimethoxy-phenyl) -3-m-tolyl-piperidine-4-ylamine",X-RAY DIFFRACTION,2.8,2008-05-27,HOMO SAPIENS,DIPEPTIDYL PEPTIDASE 4,1,GVB,"(3R,4S)-1-(3,4-DIMETHOXYPHENYL)-3-(3-METHYLPHENYL)PIPERIDIN-4-AMINE",326.433,NAG,True,False,True,True
inang,DPP4,2OQI,Human Dipeptidyl Peptidase IV (DPP4) with Piperidinone-constrained phenethylamine,X-RAY DIFFRACTION,2.8,2007-04-03,Homo sapiens,Dipeptidyl peptidase 4 (Dipeptidyl peptidase IV) (DPP IV) (T-cell activation antigen CD26) (TP103) (Adenosine deaminase complexing protein 2) (ADABP),1,GGO,"(4R,5R)-5-AMINO-1-[2-(1,3-BENZODIOXOL-5-YL)ETHYL]-4-(2,4,5-TRIFLUOROPHENYL)PIPERIDIN-2-ONE",392.372,,True,False,True,True
inang,DPP4,2OQV,Human Dipeptidyl Peptidase IV (DPP4) with piperidine-constrained phenethylamine,X-RAY DIFFRACTION,2.8,2007-04-24,Homo sapiens,Dipeptidyl peptidase 4 (Dipeptidyl peptidase IV) (DPP IV),1,MA9,"(3R,4R)-1-{6-[3-(METHYLSULFONYL)PHENYL]PYRIMIDIN-4-YL}-4-(2,4,5-TRIFLUOROPHENYL)PIPERIDIN-3-AMINE",462.488,,True,False,True,True
inang,DPP4,3KWJ,"Structure of human DPP-IV with (2S,3S,11bS)-3-(3-Fluoromethyl-phenyl)-9,10-dimethoxy-1,3,4,6,7,11b-hexahydro-2H-pyrido[2,1-a]isoquinolin-2-ylamine",X-RAY DIFFRACTION,2.8,2010-09-15,Homo sapiens,Dipeptidyl peptidase 4 soluble form,1,23Q,"(2S,3S,11bS)-3-[3-(fluoromethyl)phenyl]-9,10-dimethoxy-1,3,4,6,7,11b-hexahydro-2H-pyrido[2,1-a]isoquinolin-2-amine",370.46,NAG,True,False,True,True
inang,DPP4,3O95,Crystal Structure of Human DPP4 Bound to TAK-100,X-RAY DIFFRACTION,2.85,2011-01-26,Homo sapiens,Dipeptidyl peptidase 4,1,01T,"[5-(aminomethyl)-6-(2,2-dimethylpropyl)-2-ethyl-4-(4-methylphenyl)pyridin-3-yl]acetic acid",354.486,NAG,True,False,True,True
inang,DPP4,3WQH,Crystal Structure of human DPP-IV in complex with Anagliptin,X-RAY DIFFRACTION,2.85,2015-07-15,Homo sapiens,Dipeptidyl peptidase 4,1,SKK,"N-[2-({2-[(2S)-2-cyanopyrrolidin-1-yl]-2-oxoethyl}amino)-2-methylpropyl]-2-methylpyrazolo[1,5-a]pyrimidine-6-carboxamide",383.448,NAG,True,False,True,True
inang,DPP4,2RIP,Structure of DPPIV in complex with an inhibitor,X-RAY DIFFRACTION,2.9,2008-03-18,Homo sapiens,Dipeptidyl peptidase 4,1,34Q,"(3R,4R)-4-(pyrrolidin-1-ylcarbonyl)-1-(quinoxalin-2-ylcarbonyl)pyrrolidin-3-amine",339.392,NAG,True,False,True,True
inang,DPP4,4G1F,Crystal Structure of human Dipeptidyl Peptidase IV in complex with a pyridopyrimidinedione analogue,X-RAY DIFFRACTION,2.9,2013-02-27,Homo sapiens,Dipeptidyl peptidase 4,1,0WG,"7-amino-6-(aminomethyl)-5-(2-bromophenyl)-1,3-dimethylpyrido[2,3-d]pyrimidine-2,4(1H,3H)-dione",390.235,NAG,True,False,True,True
inang,DPP4,4DTC,Crystal Structure of DPP-IV with Compound C5,X-RAY DIFFRACTION,3.0,2013-02-27,Homo sapiens,Dipeptidyl peptidase 4,1,D5C,"N-[(3R)-3-amino-4-(2,4,5-trifluorophenyl)butyl]-3'-(trifluoromethyl)biphenyl-4-carboxamide",466.419,,True,False,True,True
inang,DPP4,5Y7H,Crystal structure of human DPP4 in complex with inhibitor3,X-RAY DIFFRACTION,3.0,2019-03-20,Homo sapiens,Dipeptidyl peptidase 4,1,8O3,"(R)-4-(3-amino-4-(2,4,5-trifluorophenyl)butanoyl)piperazin-2-one",315.291,,True,False,True,True
inang,DPP4,5ZID,Crystal Structure of human DPP-IV in complex with HL2,X-RAY DIFFRACTION,3.0,2019-03-20,Homo sapiens,Dipeptidyl peptidase 4,1,9EL,"(2S,3R)-2-amino-9-methoxy-3-(2,4,5-trifluorophenyl)-2,3-dihydro-1H-naphtho[2,1-b]pyran-8-carbonitrile",384.351,NAG,True,False,True,True
inang,DPP4,2QKY,complex structure of dipeptidyl peptidase IV and a oxadiazolyl ketone,X-RAY DIFFRACTION,3.1,2008-07-15,Homo sapiens,Dipeptidyl peptidase 4 (EC 3.4.14.5) (Dipeptidyl peptidase IV) (DPP IV) (T-cell activation antigen CD26) (TP103) (Adenosine deaminase complexing protein 2) (ADABP) (Dipeptidyl peptidase 4 soluble form) (Dipeptidyl peptidase IV soluble form),1,13Z,"2-[(2-{(2S,4S)-2-[(R)-(5-tert-butyl-1,3,4-oxadiazol-2-yl)(hydroxy)methyl]-4-fluoropyrrolidin-1-yl}-2-oxoethyl)amino]-2-methylpropan-1-ol",372.435,,True,False,True,True
inang,DPP4,4DSZ,Crystal Structure of DPP-IV with Compound C2,X-RAY DIFFRACTION,3.2,2013-02-27,Homo sapiens,Dipeptidyl peptidase 4,1,DC3,"(2R)-4-[4-(3-methylphenyl)-1H-1,2,3-triazol-1-yl]-1-(2,4,5-trifluorophenyl)butan-2-amine",360.376,,True,False,True,True
inang,DPP4,4J3J,Crystal Structure of DPP-IV with Compound C3,X-RAY DIFFRACTION,3.2,2014-02-05,Homo sapiens,Dipeptidyl peptidase 4,1,D3C,"N-[(3R)-3-amino-4-(2,4,5-trifluorophenyl)butyl]-6-(trifluoromethyl)-3,4-dihydropyrrolo[1,2-a]pyrazine-2(1H)-carboxamide",434.379,,True,False,True,True
inang,DPP4,4PV7,Cocrystal structure of dipeptidyl-peptidase 4 with an indole scaffold inhibitor,X-RAY DIFFRACTION,3.24,2015-03-18,Homo sapiens,Dipeptidyl peptidase 4 soluble form,1,CJP,"1-[2-(2,4-dichlorophenyl)-1-(methylsulfonyl)-1H-indol-3-yl]methanamine",369.266,,True,False,True,True
inang,DPP4,4DSA,Crystal Structure of DPP-IV with Compound C1,X-RAY DIFFRACTION,3.25,2013-02-27,Homo sapiens,Dipeptidyl peptidase 4,1,D1C,"4-[({[(2R)-2-amino-3-(2,4,5-trifluorophenyl)propyl]sulfamoyl}amino)methyl]benzenesulfonamide",452.472,,True,False,True,True
inang,DPP4,3Q8W,A b-aminoacyl containing thiazolidine derivative and DPPIV complex,X-RAY DIFFRACTION,3.64,2011-03-16,Homo sapiens,Dipeptidyl peptidase 4,1,AZV,"N-(4-{[({(2R)-3-[(3R)-3-amino-4-(2,4,5-trifluorophenyl)butanoyl]-1,3-thiazolidin-2-yl}carbonyl)amino]methyl}phenyl)-D-valine",552.609,,True,False,True,True
inang,DPP4,1PFQ,crystal structure of human apo dipeptidyl peptidase IV / CD26,X-RAY DIFFRACTION,1.9,2003-07-01,Homo sapiens,Dipeptidyl peptidase IV soluble form,0,,,0.0,NAG,True,False,False,False
inang,DPP4,9LBT,DPPIV-VAMP,X-RAY DIFFRACTION,1.99,2025-07-23,Cannabis sativa | Homo sapiens,VAL-ALA-MET-PRO | Dipeptidyl peptidase 4 soluble form,0,,,0.0,,True,False,False,False
inang,DPP4,1TK3,Crystal Structure Of Human Apo Dipeptidyl Peptidase IV/CD26,X-RAY DIFFRACTION,2.0,2004-07-06,Homo sapiens,Dipeptidyl peptidase IV,0,,,0.0,NAG,True,False,False,False
inang,DPP4,2BGR,Crystal structure of HIV-1 Tat derived nonapeptides Tat(1-9) bound to the active site of Dipeptidyl peptidase IV (CD26),X-RAY DIFFRACTION,2.0,2005-01-27,HOMO SAPIENS | HUMAN IMMUNODEFICIENCY VIRUS TYPE 1,DIPEPTIDYL PEPTIDASE IV | HIV-1 TAT PROTEIN DERIVED N-TERMINAL NONAPEPTIDE,0,,,0.0,NAG,True,False,False,False
inang,DPP4,1NU6,Crystal structure of human Dipeptidyl Peptidase IV (DPP-IV),X-RAY DIFFRACTION,2.1,2003-08-26,Homo sapiens,Dipeptidyl peptidase IV,0,,,0.0,HG NAG,True,False,False,False
inang,DPP4,1R9M,Crystal Structure of Human Dipeptidyl Peptidase IV at 2.1 Ang. Resolution.,X-RAY DIFFRACTION,2.1,2004-06-29,Homo sapiens,Dipeptidyl peptidase IV,0,,,0.0,FUC NAG,True,False,False,False
inang,DPP4,1U8E,HUMAN DIPEPTIDYL PEPTIDASE IV/CD26 MUTANT Y547F,X-RAY DIFFRACTION,2.2,2004-08-17,Homo sapiens,Dipeptidyl peptidase IV,0,,,0.0,NAG,True,False,False,False
inang,DPP4,1WCY,Crystal Structure Of Human Dipeptidyl Peptidase IV (DPPIV) Complex With Diprotin A,X-RAY DIFFRACTION,2.2,2005-05-07,Homo sapiens,Dipeptidyl peptidase IV | Diprotin A,0,,,0.0,NAG,True,False,False,False
inang,DPP4,1R9N,Crystal Structure of human dipeptidyl peptidase IV in complex with a decapeptide (tNPY) at 2.3 Ang. Resolution,X-RAY DIFFRACTION,2.3,2005-03-29,Homo sapiens,Dipeptidyl peptidase IV | Neuropeptide Y,0,,,0.0,NAG,True,False,False,False
inang,DPP4,1NU8,Crystal structure of human dipeptidyl peptidase IV (DPP-IV) in complex with Diprotin A (IPI),X-RAY DIFFRACTION,2.5,2003-08-26,Homo sapiens | synthetic construct,Dipeptidyl peptidase IV | 3-mer peptide,0,,,0.0,NAG,True,False,False,False
inang,DPP4,4QZV,Bat-derived coronavirus HKU4 uses MERS-CoV receptor human CD26 for cell entry,X-RAY DIFFRACTION,2.592,2014-10-29,Homo sapiens | Tylonycteris bat coronavirus HKU4,Dipeptidyl peptidase 4 | Spike protein S1,0,,,0.0,NAG,True,False,False,False
inang,DPP4,1J2E,Crystal structure of Human Dipeptidyl peptidase IV,X-RAY DIFFRACTION,2.6,2003-12-30,Homo sapiens,Dipeptidyl peptidase IV,0,,,0.0,NAG,True,False,False,False
inang,DPP4,8ZDX,Crystal structure of MjHKU4r-CoV-1 RBD bound to hDPP4,X-RAY DIFFRACTION,2.6,2024-10-30,Pangolin coronavirus HKU4 | Homo sapiens,Spike glycoprotein | Dipeptidyl peptidase 4 membrane form,0,,,0.0,EPE NAG,True,False,False,False
inang,DPP4,8ZE6,Crystal structure of MjHKU4r-CoV-1 RBD bound to MjDPP4,X-RAY DIFFRACTION,2.7,2024-10-30,Pangolin coronavirus HKU4 | Manis javanica,Spike glycoprotein | Dipeptidyl peptidase 4,0,,,0.0,GOL NAG,True,False,False,False
inang,DPP4,4KR0,Complex structure of MERS-CoV spike RBD bound to CD26,X-RAY DIFFRACTION,2.702,2013-07-10,Human betacoronavirus 2c EMC/2012 | Homo sapiens,S protein | Dipeptidyl peptidase 4,0,,,0.0,NAG,True,False,False,False
inang,DPP4,4L72,Crystal structure of MERS-CoV complexed with human DPP4,X-RAY DIFFRACTION,3.005,2013-08-21,Middle East respiratory syndrome coronavirus | Homo sapiens,MERS-CoV RBD | Dipeptidyl peptidase 4,0,,,0.0,NAG,True,False,False,False
inang,DPP4,1W1I,Crystal structure of dipeptidyl peptidase IV (DPPIV or CD26) in complex with adenosine deaminase,X-RAY DIFFRACTION,3.03,2004-09-02,HOMO SAPIENS | BOS TAURUS,DIPEPTIDYL PEPTIDASE IV | ADENOSINE DEAMINASE,0,,,0.0,NAG ZN,True,False,False,False
inang,DPP4,2BGN,HIV-1 Tat protein derived N-terminal nonapeptide Trp2-Tat(1-9) bound to the active site of Dipeptidyl peptidase IV (CD26),X-RAY DIFFRACTION,3.15,2005-01-27,HOMO SAPIENS | BOS TAURUS | HUMAN IMMUNODEFICIENCY VIRUS TYPE 1,DIPEPTIDYL PEPTIDASE IV | ADENOSINE DEAMINASE | TAT PROTEIN,0,,,0.0,NAG ZN,True,False,False,False
inang,DPP4,8WKU,Complex structure of MjHKU4r-CoV-1 spike RBD bound to human CD26,X-RAY DIFFRACTION,3.5,2024-06-26,Manis javanica | Homo sapiens,MjHKU4r-CoV-1 spike RBD | Dipeptidyl peptidase 4 soluble form,0,,,0.0,NAG,True,False,False,False
inang,DPP4,9V2P,Complex structure of GX2012 spike RBD bound to human DPP4,ELECTRON MICROSCOPY,2.4,2025-12-24,BtTp-BetaCoV/GX2012 | Homo sapiens,Spike glycoprotein | Dipeptidyl peptidase 4 soluble form,0,,,0.0,NAG,False,False,False,False
inang,DPP4,9K9N,Cryo-EM structure of MjHKU4r-CoV-1 receptor-binding domain complexed with human CD26,ELECTRON MICROSCOPY,2.61,2025-09-03,Tylonycteris bat coronavirus HKU4 | Homo sapiens,Spike protein S1 | Dipeptidyl peptidase 4 soluble form,0,,,0.0,NAG,False,False,False,False
inang,DPP4,9JMM,Cryo-EM structure of the SE-PangolinCoV (MjHKU4r-CoV-1) RBD in complex with human DPP4,ELECTRON MICROSCOPY,2.8,2025-06-18,Pangolin coronavirus HKU4/P251T/pangolin/2018 | Homo sapiens,"Spike glycoprotein,Isoform 1 of Immunoglobulin heavy constant gamma 1 | Dipeptidyl peptidase 4 soluble form",0,,,0.0,NAG,False,False,False,False
inang,DPP4,9V2L,Complex structure of 2014-422 spike RBD bound to human DPP4,ELECTRON MICROSCOPY,3.0,2025-12-24,Homo sapiens | Middle East respiratory syndrome-related coronavirus,Dipeptidyl peptidase 4 soluble form | Spike glycoprotein,0,,,0.0,NAG,False,False,False,False
inang,DPP4,9CAR,human kidney Dipeptidyl peptidase 4,ELECTRON MICROSCOPY,3.02,2025-08-06,Homo sapiens,Dipeptidyl peptidase 4 membrane form,0,,,0.0,NAG,False,False,False,False
inang,DPP4,9JMJ,Cryo-EM structure of the GD-BatCoV (BtCoV/Ii/GD/2014-422) RBD in complex with human DPP4,ELECTRON MICROSCOPY,3.4,2025-06-18,Middle East respiratory syndrome-related coronavirus | Homo sapiens,"Spike glycoprotein,Isoform 1 of Immunoglobulin heavy constant gamma 1 | Dipeptidyl peptidase 4 soluble form,Isoform 1 of Immunoglobulin heavy constant gamma 1",0,,,0.0,NAG,False,False,False,False
inang,DPP4,9D56,Human kidney Dipeptidyl peptidase 4 with N-ter TM,ELECTRON MICROSCOPY,3.55,2025-08-06,Homo sapiens,Dipeptidyl peptidase 4 membrane form,0,,,0.0,NAG,False,False,False,False
inang,DPP4,8Z4T,MERS-CoV S ectodomain trimer in complex with receptor DPP4-750E,ELECTRON MICROSCOPY,3.93,2025-10-22,Homo sapiens | Middle East respiratory syndrome-related coronavirus (isolate United Kingdom/H123990006/2012),Dipeptidyl peptidase 4 soluble form | Spike glycoprotein,0,,,0.0,,False,False,False,False
inang,MIF,9BNQ,N-(4-(isothiocyanatomethyl)phenyl)methanesulfonamide complexed with Macrophage Migration Inhibitory Factor,X-RAY DIFFRACTION,1.09,2024-07-24,Homo sapiens,Macrophage migration inhibitory factor,2,IPA A1AQU,ISOPROPYL ALCOHOL | N-{[4-(methanesulfonamido)phenyl]methyl}methanethioamide,244.334,SO4,True,False,True,True
inang,MIF,6B1K,Macrophage Migration Inhibitory Factor in Complex with a Naphthyridinone Inhibitor (3a),X-RAY DIFFRACTION,1.17,2018-01-03,Homo sapiens,Macrophage migration inhibitory factor,1,C9G,"2-[1-(4-hydroxyphenyl)-1H-1,2,3-triazol-4-yl]-7-methyl-1,7-naphthyridin-8(7H)-one",319.317,GOL SO4,True,False,True,True
inang,MIF,7EE8,The crystal structure of MIF bound to compound D5,X-RAY DIFFRACTION,1.22,2025-03-26,Homo sapiens,Macrophage migration inhibitory factor,2,7Y8 J23,3-[(2R)-2-azanyl-1-oxidanyl-propyl]phenol | 3-[(2S)-2-azanyl-1-oxidanyl-propyl]phenol,167.205,CL,True,False,True,True
inang,MIF,3IJJ,Ternary Complex of Macrophage Migration Inhibitory Factor (MIF) Bound Both to 4-hydroxyphenylpyruvate and to the Allosteric Inhibitor AV1013 (R-stereoisomer),X-RAY DIFFRACTION,1.25,2010-06-16,Homo sapiens,Macrophage migration inhibitory factor,3,EN1 ENO AVR,"(2E)-2-hydroxy-3-(4-hydroxyphenyl)prop-2-enoic acid | 3-(4-HYDROXY-PHENYL)PYRUVIC ACID | (2R)-2-amino-1-[2-(1-methylethyl)pyrazolo[1,5-a]pyridin-3-yl]propan-1-one",231.294,CL,True,False,True,True
inang,MIF,7EDQ,MIF complex to compound7,X-RAY DIFFRACTION,1.266,2025-03-26,Homo sapiens,Macrophage migration inhibitory factor,1,HFC,"6,7-bis(oxidanyl)chromen-2-one",178.142,CL,True,False,True,True
inang,MIF,7XTX,High resolution crystal structure of human macrophage migration inhibitory factor in complex with methotrexate,X-RAY DIFFRACTION,1.28,2023-05-24,Homo sapiens,Macrophage migration inhibitory factor,2,IPA MT1,"ISOPROPYL ALCOHOL | N-(4-{[(2,4-DIAMINOPTERIDIN-1-IUM-6-YL)METHYL](METHYL)AMINO}BENZOYL)-L-GLUTAMIC ACID",455.447,EDO SO4,True,False,True,True
inang,MIF,5B4O,Crystal structure of Macrophage Migration Inhibitory Factor in complex with BTZO-14,X-RAY DIFFRACTION,1.37,2016-04-20,Homo sapiens,Macrophage migration inhibitory factor,1,6DQ,"2-pyridin-3-yl-1,3-benzothiazin-4-one",240.28,EDO SO4,True,False,True,True
inang,MIF,7E47,Crystal structure of compound 6 bound to MIF,X-RAY DIFFRACTION,1.38,2023-02-15,Homo sapiens,Macrophage migration inhibitory factor,1,HWR,"(2S,3R,4R,5R,6R)-2-[(2S,3R,4S,5R,6S)-6-(hydroxymethyl)-2-[[(2R,4R)-2-(4-hydroxyphenyl)-4,5-bis(oxidanyl)-3,4-dihydro-2H-chromen-7-yl]oxy]-4,5-bis(oxidanyl)oxan-3-yl]oxy-6-methyl-oxane-3,4,5-triol",582.55,CL,True,False,True,True
inang,MIF,6FVE,Macrophage Migration Inhibitory Factor (MIF) with Covalently Bound FITC,X-RAY DIFFRACTION,1.41,2018-06-06,Homo sapiens,Macrophage migration inhibitory factor,1,6B9,2-(6-hydroxy-3-oxo-3H-xanthen-9-yl)-5-[(E)-(sulfanylmethylidene)amino]benzoic acid,391.397,SO4,True,False,True,True
inang,MIF,7E45,Crystal structure of compound 7 bound to MIF,X-RAY DIFFRACTION,1.433,2023-02-15,Homo sapiens,Macrophage migration inhibitory factor,1,HWO,"(2R)-7-[(2R,3R,4R,5S,6S)-6-(hydroxymethyl)-3-[(2R,3R,4R,5R,6S)-6-methyl-3,4,5-tris(oxidanyl)oxan-2-yl]oxy-4,5-bis(oxidanyl)oxan-2-yl]oxy-2-(4-methoxy-3-oxidanyl-phenyl)-5-oxidanyl-2,3-dihydrochromen-4-one",610.561,CL,True,False,True,True
inang,MIF,4GRR,characterization of N- and C- terminus mutants of human MIF,X-RAY DIFFRACTION,1.47,2013-09-25,Homo sapiens,Macrophage migration inhibitory factor,1,AVR,"(2R)-2-amino-1-[2-(1-methylethyl)pyrazolo[1,5-a]pyridin-3-yl]propan-1-one",231.294,CL SO4,True,False,True,True
inang,MIF,7E4A,Crystal structure of MIF bound to compound 13,X-RAY DIFFRACTION,1.475,2023-02-15,Homo sapiens,Macrophage migration inhibitory factor,1,HWL,Flavoxate,391.46,CL NA,True,False,True,True
inang,MIF,4F2K,Macrophage Migration Inhibitory Factor covalently complexed with phenethylisothiocyanate,X-RAY DIFFRACTION,1.53,2012-06-06,Homo sapiens,Macrophage migration inhibitory factor,2,LE2 IPA,N-(2-phenylethyl)thioformamide | ISOPROPYL ALCOHOL,165.255,SO4,True,False,True,True
inang,MIF,9BNR,4-(2-isothiocyanatoethyl)benzenesulfonamide complexed with Macrophage Migration Inhibitory Factor,X-RAY DIFFRACTION,1.53,2024-07-24,Homo sapiens,Macrophage migration inhibitory factor,1,A1AQT,N-[2-(4-sulfamoylphenyl)ethyl]methanethioamide,244.334,SO4,True,False,True,True
inang,MIF,3CE4,Structure of Macrophage Migration Inhibitory Factor Covalently Inhibited by PMSF Treatment,X-RAY DIFFRACTION,1.55,2008-12-30,Homo sapiens,Macrophage migration inhibitory factor,2,PMF IPA,phenylmethylsulfonyl fluoride | ISOPROPYL ALCOHOL,174.193,GOL SO4,True,False,True,True
inang,MIF,4K9G,1.55 A Crystal Structure of Macrophage Migration Inhibitory Factor bound to ISO-66 and a related compound,X-RAY DIFFRACTION,1.55,2014-09-24,Homo sapiens,Macrophage migration inhibitory factor,2,1Q1 1Q2,"1-[(5S)-3-(3-fluoro-4-hydroxyphenyl)-4,5-dihydro-1,2-oxazol-5-yl]propan-2-one | (4R,6Z)-6-(3-fluoro-4-hydroxyphenyl)-4-hydroxy-6-iminohexan-2-one",239.243,CL SO4,True,False,True,True
inang,MIF,7E49,Crystal structure of MIF bound to compound10,X-RAY DIFFRACTION,1.574,2023-02-15,Homo sapiens,Macrophage migration inhibitory factor,1,MYC,"3,5,7-TRIHYDROXY-2-(3,4,5-TRIHYDROXYPHENYL)-4H-CHROMEN-4-ONE",318.235,CL,True,False,True,True
inang,MIF,3JSG,Crystal structure of macrophage migration inhibitory factor (mif) with hydroxyquinoline inhibitor 707 at 1.58a resolution,X-RAY DIFFRACTION,1.58,2009-11-10,Homo sapiens,Macrophage migration inhibitory factor,1,0IN,7-(pyridin-3-ylmethyl)quinolin-8-ol,236.269,SO4,True,False,True,True
inang,MIF,3SMB,Phenethylisothiocyanate Covalently Bound to Macrophage Migration Inhibitory Factor (MIF),X-RAY DIFFRACTION,1.6,2012-10-03,Homo sapiens,Macrophage migration inhibitory factor,1,LE2,N-(2-phenylethyl)thioformamide,165.255,CL NA,True,False,True,True
inang,MIF,4OSF,4-(2-isothiocyanatoethyl)phenol inhibitor complexed with Macrophage Migration Inhibitory Factor,X-RAY DIFFRACTION,1.62,2014-03-12,Homo sapiens,Macrophage migration inhibitory factor,2,IPA 4MT,ISOPROPYL ALCOHOL | N-[2-(4-hydroxyphenyl)ethyl]thioformamide,181.255,CL SO4,True,False,True,True
inang,MIF,4TRF,Crystal structure of Macrophage Migration Inhibitory Factor in complex with N-(pyridin-3-ylmethyl)thioformamide,X-RAY DIFFRACTION,1.63,2015-09-30,Homo sapiens,Macrophage migration inhibitory factor,2,35J IPA,N-(pyridin-3-ylmethyl)thioformamide | ISOPROPYL ALCOHOL,152.217,GOL SO4,True,False,True,True
inang,MIF,8SON,Crystal structure of macrophage migration inhibitory factor in complex with N-[3-(Trifluoromethyl)phenyl]-3-(2-chloroanilino)-2-cyano-3-thioxopropanamide,X-RAY DIFFRACTION,1.63,2024-05-22,Homo sapiens,Macrophage migration inhibitory factor,1,30Y,(2R)-3-[(2-chlorophenyl)amino]-2-cyano-3-thioxo-N-[3-(trifluoromethyl)phenyl]propanamide,397.802,GOL SO4,True,False,True,True
inang,MIF,7E4C,Crystal structure of MIF bound to compound11,X-RAY DIFFRACTION,1.644,2023-02-15,Homo sapiens,Macrophage migration inhibitory factor,1,GBJ,"4-[(3R)-8,8-dimethyl-3,4-dihydro-2H,8H-pyrano[2,3-f]chromen-3-yl]benzene-1,3-diol",324.37,CL NA SO4,True,False,True,True
inang,MIF,4GRQ,Characterization of N- and C- terminus mutants of human MIF,X-RAY DIFFRACTION,1.65,2013-10-02,Homo sapiens,Macrophage migration inhibitory factor,1,AVL,"2-methyl-1-[2-(propan-2-yl)pyrazolo[1,5-a]pyridin-3-yl]propan-1-one",230.306,CL SO4,True,False,True,True
inang,MIF,8TT9,X-ray structure of Macrophage Migration Inhibitory Factor (MIF) Covalently Bound to 4-hydroxyphenylpyruvate (HPP),X-RAY DIFFRACTION,1.68,2024-08-28,Homo sapiens,Macrophage migration inhibitory factor,2,ENO IPA,3-(4-HYDROXY-PHENYL)PYRUVIC ACID | ISOPROPYL ALCOHOL,180.157,,True,False,True,True
inang,MIF,3IJG,Macrophage Migration Inhibitory Factor (MIF) Bound to the (R)-Stereoisomer of AV1013,X-RAY DIFFRACTION,1.7,2010-06-16,Homo sapiens,Macrophage migration inhibitory factor,1,AVR,"(2R)-2-amino-1-[2-(1-methylethyl)pyrazolo[1,5-a]pyridin-3-yl]propan-1-one",231.294,CL,True,False,True,True
inang,MIF,4OYQ,(6-isothiocyanatohexyl)benzene inhibitor complexed with Macrophage Migration Inhibitory Factor,X-RAY DIFFRACTION,1.7,2014-03-05,Homo sapiens,Macrophage migration inhibitory factor,1,1X2,6-isothiocyanatohexylbenzene,219.346,GOL SO4,True,False,True,True
inang,MIF,8SPN,Crystal structure of macrophage migration inhibitory factor in complex with T614,X-RAY DIFFRACTION,1.73,2024-05-01,Homo sapiens,Macrophage migration inhibitory factor,2,IPA 7TN,ISOPROPYL ALCOHOL | Iguratimod,374.368,GOL SO4,True,False,True,True
inang,MIF,2OOW,MIF Bound to a Fluorinated OXIM Derivative,X-RAY DIFFRACTION,1.75,2007-06-05,Homo sapiens,Macrophage migration inhibitory factor,2,OX4 IPA,3-FLUORO-4-HYDROXYBENZALDEHYDE O-(CYCLOHEXYLCARBONYL)OXIME | ISOPROPYL ALCOHOL,265.28,GOL SO4,True,False,True,True
inang,MIF,5HVS,Crystal Structure of Macrophage Migration Inhibitory Factor (MIF) with a Biaryltriazole Inhibitor (3i-305),X-RAY DIFFRACTION,1.75,2016-06-29,Homo sapiens,Macrophage migration inhibitory factor,1,65V,"3-({2-[1-(3-fluoro-4-hydroxyphenyl)-1H-1,2,3-triazol-4-yl]quinolin-5-yl}oxy)benzoic acid",442.399,GOL SO4,True,False,True,True
inang,MIF,5HVT,Crystal Structure of Macrophage Migration Inhibitory Factor (MIF) with a Potent Inhibitor (NVS-2),X-RAY DIFFRACTION,1.75,2016-06-29,Homo sapiens,Macrophage migration inhibitory factor,2,NVS IPA,"7-hydroxy-3-(4-methoxyphenyl)-3,4-dihydro-2H-1,3-benzoxazin-2-one | ISOPROPYL ALCOHOL",271.268,GOL SO4,True,False,True,True
inang,MIF,8TT8,Joint Xray/Neutron structure of Macrophage Migration Inhibitory Factor (MIF) Bound to 4-hydroxyphenylpyruvate at room temperature,X-RAY DIFFRACTION,1.75,2025-08-27,Homo sapiens,Macrophage migration inhibitory factor,3,EN1 IPA ENO,(2E)-2-hydroxy-3-(4-hydroxyphenyl)prop-2-enoic acid | ISOPROPYL ALCOHOL | 3-(4-HYDROXY-PHENYL)PYRUVIC ACID,180.157,,True,False,True,True
inang,MIF,7E4B,Crystal structure of MIF bound to compound 5,X-RAY DIFFRACTION,1.772,2023-02-15,Homo sapiens,Macrophage migration inhibitory factor,1,MRI,"2-[2,4-bis(oxidanyl)phenyl]-3,5,7-tris(oxidanyl)chromen-4-one",302.236,CL,True,False,True,True
inang,MIF,6CB5,Macrophage Migration Inhibitory Factor in complex with a Pyrazole Inhibitor (8g),X-RAY DIFFRACTION,1.78,2018-04-04,Homo sapiens,Macrophage migration inhibitory factor,1,EV7,2-[(naphthalen-2-yl)oxy]-5-(1H-pyrazol-4-yl)benzoic acid,330.337,SO4,True,False,True,True
inang,MIF,2OOZ,Macrophage Migration Inhibitory Factor (MIF) Complexed with OXIM6 (an OXIM Derivative Not Containing a Ring in its R-group),X-RAY DIFFRACTION,1.8,2007-06-05,Homo sapiens,Macrophage migration inhibitory factor,2,OX5 IPA,"4-HYDROXYBENZALDEHYDE O-(3,3-DIMETHYLBUTANOYL)OXIME | ISOPROPYL ALCOHOL",235.279,GOL SO4,True,False,True,True
inang,MIF,3B9S,"Macrophage Migration Inhibitory Factor (MIF) complexed with Inhibitor, 4-IPP.",X-RAY DIFFRACTION,1.8,2008-09-23,Homo sapiens,Macrophage Migration Inhibitory Factor,1,RW1,4-phenylpyrimidine,156.184,GOL SO4,True,False,True,True
inang,MIF,3L5P,Crystal structure of macrophage migration inhibitory factor (MIF) with imidazopyridazinol inhibitor at 1.80A resolution,X-RAY DIFFRACTION,1.8,2010-03-09,Homo sapiens,Macrophage migration inhibitory factor,1,428,"2-(1-methylethyl)imidazo[1,2-b]pyridazin-6-ol",177.203,GOL SO4,True,False,True,True
inang,MIF,3SMC,Macrophage Migration Inhibitory Factor (MIF) with Covalently Bound L-sulforaphane,X-RAY DIFFRACTION,1.8,2012-10-03,Homo sapiens,Macrophage migration inhibitory factor,1,LE3,N-{4-[(R)-methylsulfinyl]butyl}thioformamide,179.304,CL NA SO4,True,False,True,True
inang,MIF,4WRB,Macrophage Migration Inhibitory Factor in complex with a biaryltriazole inhibitor (3b-190),X-RAY DIFFRACTION,1.81,2015-03-11,Homo sapiens,Macrophage migration inhibitory factor,2,IPA 3TW,"ISOPROPYL ALCOHOL | 4-{4-[6-(2-methoxyethoxy)quinolin-2-yl]-1H-1,2,3-triazol-1-yl}phenol",362.382,GOL SO4,True,False,True,True
inang,MIF,2OOH,"Crystal Structure of MIF bound to a Novel Inhibitor, OXIM-11",X-RAY DIFFRACTION,1.85,2007-06-05,Homo sapiens,Macrophage migration inhibitory factor,1,OX3,4-HYDROXYBENZALDEHYDE O-(CYCLOHEXYLCARBONYL)OXIME,247.29,GOL SO4,True,False,True,True
inang,MIF,5J7P,Macrophage Migration Inhibitory Factor bound to Covalent Inhibitor RDR03785,X-RAY DIFFRACTION,1.85,2016-05-04,Homo sapiens,Macrophage migration inhibitory factor,2,6H1 IPA,"6-{[4-(trifluoromethyl)phenyl]methyl}-2H-1,3-benzodioxol-5-ol | ISOPROPYL ALCOHOL",296.241,GOL SO4,True,False,True,True
inang,MIF,3JTU,Crystal structure of macrophage migration inhibitory factor (mif) with hydroxyquinoline inhibitor 708 at 1.86a resolution,X-RAY DIFFRACTION,1.86,2009-11-10,Homo sapiens,Macrophage migration inhibitory factor,1,ZIN,7-(pyridin-2-ylmethyl)quinolin-8-ol,236.269,SO4,True,False,True,True
inang,MIF,3L5S,Crystal structure of macrophage migration inhibitory factor (MIF) with imidazopyrimidinylphenyl inhibitor at 1.86A resolution,X-RAY DIFFRACTION,1.86,2010-03-09,Homo sapiens,Macrophage migration inhibitory factor,1,88X,"5-ethyl-2-(phenylcarbonyl)imidazo[1,2-a]pyrimidin-7(1H)-one",267.283,SO4,True,False,True,True
inang,MIF,3L5T,Crystal structure of macrophage migration inhibitory factor (MIF) with thiophenepiperazinylquinolinone inhibitor at 1.86A resolution,X-RAY DIFFRACTION,1.86,2010-03-09,Homo sapiens,Macrophage migration inhibitory factor,1,956,"1-methyl-2-oxo-4-[4-(thiophen-2-ylcarbonyl)piperazin-1-yl]-1,2-dihydroquinoline-3-carbonitrile",378.448,SO4,True,False,True,True
inang,MIF,1GCZ,MACROPHAGE MIGRATION INHIBITORY FACTOR (MIF) COMPLEXED WITH INHIBITOR.,X-RAY DIFFRACTION,1.9,2001-02-21,Homo sapiens,MACROPHAGE MIGRATION INHIBITORY FACTOR,1,YZ9,7-HYDROXY-2-OXO-CHROMENE-3-CARBOXYLIC ACID ETHYL ESTER,234.205,CIT SO4,True,False,True,True
inang,MIF,3HOF,Structure of macrophage migration inhibitory factor (MIF) with caffeic acid at 1.9A resolution,X-RAY DIFFRACTION,1.9,2009-06-16,Homo sapiens,Macrophage migration inhibitory factor,1,DHC,CAFFEIC ACID,180.157,,True,False,True,True
inang,MIF,3L5U,Crystal structure of macrophage migration inhibitory factor (MIF) with benzothiazole inhibitor at 1.90A resolution,X-RAY DIFFRACTION,1.9,2010-03-09,Homo sapiens,Macrophage migration inhibitory factor,1,ZEC,"6-HYDROXY-1,3-BENZOTHIAZOLE-2-SULFONAMIDE",230.264,SO4,True,False,True,True
inang,MIF,3U18,"Chicago Sky Blue 6B, A Novel Inhibitor for Macrophage Migration Inhibitory Factor",X-RAY DIFFRACTION,1.9,2012-07-18,Homo sapiens,Macrophage migration inhibitory factor,2,Y0X IPA,"6,6'-[(3,3'-dimethoxybiphenyl-4,4'-diyl)di(E)diazene-2,1-diyl]bis(4-amino-5-hydroxynaphthalene-1,3-disulfonic acid) | ISOPROPYL ALCOHOL",904.877,EDO GOL NA SO4,True,False,True,True
inang,MIF,3JSF,Crystal structure of macrophage migration inhibitory factor (mif) with hydroxyquinoline inhibitor 638 at 1.93a resolution,X-RAY DIFFRACTION,1.93,2009-11-10,Homo sapiens,Macrophage migration inhibitory factor,1,XV1,7-(2-fluorobenzyl)quinolin-8-ol,253.271,SO4,True,False,True,True
inang,MIF,3L5R,Crystal structure of macrophage migration inhibitory factor (MIF) with phenylchromenone inhibitor at 1.94A resolution,X-RAY DIFFRACTION,1.94,2010-03-09,Homo sapiens,Macrophage migration inhibitory factor,1,47X,"3-(3,4-dihydroxyphenyl)-7-hydroxy-4H-chromen-4-one",270.237,GOL SO4,True,False,True,True
inang,MIF,3DJI,Crystal Structure of Macrophage Migration Inhibitory Factor Bound to an Acetaminophen Dimer Derived from NAPQI,X-RAY DIFFRACTION,1.95,2008-12-23,Homo sapiens,Macrophage migration inhibitory factor,1,3E1,"N,N'-(6,6'-dihydroxybiphenyl-3,3'-diyl)diacetamide",300.309,CL,True,False,True,True
inang,MIF,1LJT,"Crystal Structure of Macrophage Migration Inhibitory Factor complexed with (S,R)-3-(4-hydroxyphenyl)-4,5-dihydro-5-isoxazole-acetic acid methyl ester (ISO-1)",X-RAY DIFFRACTION,2.0,2002-11-27,Homo sapiens,Macrophage migration inhibitory factor,1,HDI,"3-(4-HYDROXYPHENYL)-4,5-DIHYDRO-5-ISOXAZOLE-ACETIC ACID METHYL ESTER",235.236,,True,False,True,True
inang,MIF,6B2C,Macrophage Migration Inhibitory Factor in Complex with a Naphthyridinone Inhibitor (4b),X-RAY DIFFRACTION,2.0,2018-01-03,Homo sapiens,Macrophage migration inhibitory factor,1,C9Y,"{2-[1-(3-fluoro-4-hydroxyphenyl)-1H-1,2,3-triazol-4-yl]-8-oxo-1,7-naphthyridin-7(8H)-yl}acetic acid",381.317,SO4,True,False,True,True
inang,MIF,6CBH,Macrophage Migration Inhibitory Factor in Complex with a Pyrazole Inhibitor (8m),X-RAY DIFFRACTION,2.0,2018-04-04,Homo sapiens,Macrophage migration inhibitory factor,2,IPA EWJ,ISOPROPYL ALCOHOL | 5-(3-fluoro-1H-pyrazol-4-yl)-2-[(naphthalen-2-yl)oxy]benzoic acid,348.327,GOL SO4,True,False,True,True
inang,MIF,6PEG,MIF with a allosteric inhibitor,X-RAY DIFFRACTION,2.0,2019-11-27,Homo sapiens,Macrophage migration inhibitory factor,1,4FQ,"4-amino-5-hydroxy-6-[(E)-(3-{[3-(2-methylpropanoyl)pyrazolo[1,5-a]pyridin-2-yl]methyl}phenyl)diazenyl]naphthalene-1,3-disulfonic acid",623.657,ACT GOL PO4 SO4,True,False,True,True
inang,MIF,6CBG,Macrophage Migration Inhibitory Factor in Complex with a Pyrazole Inhibitor (5),X-RAY DIFFRACTION,2.0,2018-04-04,Homo sapiens,Macrophage migration inhibitory factor,1,EWG,3-(1H-pyrazol-4-yl)benzoic acid,188.183,GOL SO4,True,False,True,True
inang,MIF,3WNR,Multiple binding modes of benzyl isothiocyanate inhibitor complexed with Macrophage Migration Inhibitory Factor,X-RAY DIFFRACTION,2.008,2014-03-05,Homo sapiens,Macrophage migration inhibitory factor,1,9BE,N-benzylthioformamide,151.229,CL GOL SO4,True,False,True,True
inang,MIF,5J7Q,Macrophage Migration Inhibitory Factor bound to Inhibitor K664 Derivative,X-RAY DIFFRACTION,2.05,2016-05-04,Homo sapiens,Macrophage migration inhibitory factor,2,IPA 6H2,"ISOPROPYL ALCOHOL | 4-(imidazo[1,2-a]pyridin-2-yl)benzene-1,2-diol",226.231,GOL SO4,True,False,True,True
inang,MIF,4P01,Crystal Structure Analysis of Macrophage Migration Inhibitory Factor in complex with N-[(4-cyanophenyl)methyl]methanethioamide,X-RAY DIFFRACTION,2.07,2014-03-19,Homo sapiens,Macrophage migration inhibitory factor,2,1ZW IPA,N-[(4-cyanophenyl)methyl]methanethioamide | ISOPROPYL ALCOHOL,176.238,CL GOL,True,False,True,True
inang,MIF,3WNT,Multiple binding modes of benzyl isothiocyanate inhibitor complexed with Macrophage Migration Inhibitory Factor,X-RAY DIFFRACTION,2.074,2014-03-05,Homo sapiens,Macrophage migration inhibitory factor,2,9BE IPA,N-benzylthioformamide | ISOPROPYL ALCOHOL,151.229,SO4,True,False,True,True
inang,MIF,6B1C,Macrophage Migration Inhibitory Factor in complex with a Naphthyridinone Inhibitor (4a),X-RAY DIFFRACTION,2.163,2018-01-03,Homo sapiens,Macrophage migration inhibitory factor,1,C9J,"2-[1-(3-fluoro-4-hydroxyphenyl)-1H-1,2,3-triazol-4-yl]-7-methyl-1,7-naphthyridin-8(7H)-one",337.308,SO4,True,False,True,True
inang,MIF,6CBF,Macrophage Migration Inhibitory Factor in Complex with a Pyrazole Inhibitor (6a),X-RAY DIFFRACTION,2.3,2018-04-04,Homo sapiens,Macrophage migration inhibitory factor,1,EWD,2-phenoxy-5-(1H-pyrazol-4-yl)benzoic acid,280.278,SO4,True,False,True,True
inang,MIF,1CA7,MACROPHAGE MIGRATION INHIBITORY FACTOR (MIF) WITH HYDROXPHENYLPYRUVATE,X-RAY DIFFRACTION,2.5,1999-06-30,Homo sapiens,PROTEIN (MACROPHAGE MIGRATION INHIBITORY FACTOR),1,EN1,(2E)-2-hydroxy-3-(4-hydroxyphenyl)prop-2-enoic acid,180.157,,True,False,True,True
inang,MIF,5XEJ,Crystal Structure of Macrophage Migration Inhibitory Factor bound to MTX,X-RAY DIFFRACTION,2.5,2018-07-25,Homo sapiens,Macrophage migration inhibitory factor,1,6UV,"(2~{R})-2-[[4-[[2,4-bis(azanyl)pteridin-6-yl]methyl-methyl-amino]phenyl]carbonylamino]pentanedioic acid",454.439,SO4,True,False,True,True
inang,MIF,4WR8,Macrophage Migration Inhibitory Factor in complex with a biaryltriazole inhibitor (3b-180),X-RAY DIFFRACTION,2.6,2015-03-11,Homo sapiens,Macrophage migration inhibitory factor,1,3TX,"4-[4-(quinolin-2-yl)-1H-1,2,3-triazol-1-yl]phenol",288.303,NA SO4,True,False,True,True
inang,MIF,8CA0,Macrophage inhibitory factor (MIF) in complex with small molecule PAV174,SOLUTION NMR,,2024-02-07,Homo sapiens,Macrophage migration inhibitory factor,1,VIU,"1-ethyl-9-methyl-3,7-dipyrrolidin-1-yl-phenothiazine",379.561,,False,False,True,True
inang,MIF,9JIT,Macrophage migration inhibitory factor S61H/Y100H mutant (MIF(S61H/Y100H)),X-RAY DIFFRACTION,1.08,2025-08-06,Homo sapiens,Macrophage migration inhibitory factor,1,IPA,ISOPROPYL ALCOHOL,60.095,GOL SO4,True,False,True,False
inang,MIF,9JIY,Macrophage migration inhibitory factor S61H/Y100H mutant complexed with three Zinc ions (Zn3-MIF(S61H/Y100H)-L),X-RAY DIFFRACTION,1.2,2025-08-06,Homo sapiens,Macrophage migration inhibitory factor,2,IPA CO3,ISOPROPYL ALCOHOL | CARBONATE ION,60.095,GOL SO4 ZN,True,False,True,False
inang,MIF,3DJH,Macrophage Migration Inhibitory Factor (MIF) at 1.25 A Resolution,X-RAY DIFFRACTION,1.25,2008-12-23,Homo sapiens,Macrophage migration inhibitory factor,1,IPA,ISOPROPYL ALCOHOL,60.095,GOL SO4,True,False,True,False
inang,MIF,4GRN,crystal structure of PAAM mutant of human MIF,X-RAY DIFFRACTION,1.25,2013-09-25,Homo sapiens,Macrophage migration inhibitory factor,0,,,0.0,CL NA SO4,True,False,False,False
inang,MIF,9JIV,Macrophage migration inhibitory factor Y100H mutant (MIF(Y100H)),X-RAY DIFFRACTION,1.25,2025-08-06,Homo sapiens,Macrophage migration inhibitory factor,1,IPA,ISOPROPYL ALCOHOL,60.095,GOL SO4,True,False,True,False
inang,MIF,9JJ0,Macrophage migration inhibitory factor Y100H mutant complexed with three Zinc ions (Zn3-MIF(Y100H)),X-RAY DIFFRACTION,1.25,2025-08-06,Homo sapiens,Macrophage migration inhibitory factor,2,CO3 IPA,CARBONATE ION | ISOPROPYL ALCOHOL,60.095,CL GOL SO4 ZN,True,False,True,False
inang,MIF,4GRP,Crystallographic and biological characterization of N- and C- terminus mutants of human MIF,X-RAY DIFFRACTION,1.27,2013-10-02,Homo sapiens,Macrophage migration inhibitory factor,0,,,0.0,CL SO4,True,False,False,False
inang,MIF,8IMR,Structure of ligand-free human macrophage migration inhibitory factor,X-RAY DIFFRACTION,1.3,2024-03-13,Homo sapiens,Macrophage migration inhibitory factor,1,IPA,ISOPROPYL ALCOHOL,60.095,EDO SO4,True,False,True,False
inang,MIF,9JIZ,Macrophage migration inhibitory factor S61H/Y100H mutant complexed with three Zinc ions (Zn3-MIF(S61H/Y100H)),X-RAY DIFFRACTION,1.3,2025-08-06,Homo sapiens,Macrophage migration inhibitory factor,2,IPA CO3,ISOPROPYL ALCOHOL | CARBONATE ION,60.095,GOL SO4 ZN,True,False,True,False
inang,MIF,6FVH,Macrophage Migration Inhibitory Factor (MIF) with Covalently Bound PITC,X-RAY DIFFRACTION,1.4,2018-06-06,Homo sapiens,Macrophage migration inhibitory factor,1,0FI,N-phenylthioformamide,137.202,SO4,True,False,True,False
inang,MIF,1GD0,HUMAN MACROPHAGE MIGRATION INHIBITORY FACTOR (MIF),X-RAY DIFFRACTION,1.5,2001-02-21,Homo sapiens,MACROPHAGE MIGRATION INHIBITORY FACTOR,0,,,0.0,CIT SO4,True,False,False,False
inang,MIF,4Z1T,"MIF in complex with 4-[(4-oxo-2-thioxo-1,3-thiazolan-3-yl)methyl]benzonitrile",X-RAY DIFFRACTION,1.5,2016-09-28,Homo sapiens,Macrophage migration inhibitory factor,1,IPA,ISOPROPYL ALCOHOL,60.095,SO4,True,False,True,False
inang,MIF,6BG6,Crystal structure of S111A mutant of human macrophage migration inhibitory factor,X-RAY DIFFRACTION,1.52,2018-06-06,Homo sapiens,Macrophage migration inhibitory factor,1,IPA,ISOPROPYL ALCOHOL,60.095,GOL SO4,True,False,True,False
inang,MIF,6OY8,Crystal structure of Y99G mutant of human macrophage migration inhibitory factor,X-RAY DIFFRACTION,1.53,2020-04-22,Homo sapiens,Macrophage migration inhibitory factor,1,IPA,ISOPROPYL ALCOHOL,60.095,GOL SO4,True,False,True,False
inang,MIF,6OYE,Crystal structure of Y99F mutant of human macrophage migration inhibitory factor,X-RAY DIFFRACTION,1.53,2020-04-29,Homo sapiens,Macrophage migration inhibitory factor,1,IPA,ISOPROPYL ALCOHOL,60.095,GOL SO4,True,False,True,False
inang,MIF,6OYB,Crystal structure of H62G mutant of human macrophage migration inhibitory factor,X-RAY DIFFRACTION,1.53,2020-04-22,Homo sapiens,Macrophage migration inhibitory factor,1,IPA,ISOPROPYL ALCOHOL,60.095,GOL SO4,True,False,True,False
inang,MIF,6OYG,Crystal structure of H62F mutant of human macrophage migration inhibitory factor,X-RAY DIFFRACTION,1.55,2020-04-22,Homo sapiens,Macrophage migration inhibitory factor,1,IPA,ISOPROPYL ALCOHOL,60.095,GOL SO4,True,False,True,False
inang,MIF,4Z15,"MIF in complex with 3-(2-furylmethyl)-2-thioxo-1,3-thiazolan-4-one",X-RAY DIFFRACTION,1.6,2016-09-28,Homo sapiens,Macrophage migration inhibitory factor,1,IPA,ISOPROPYL ALCOHOL,60.095,SO4,True,False,True,False
inang,MIF,7KQX,MIF Y99C homotrimeric mutant,X-RAY DIFFRACTION,1.6,2022-01-19,Homo sapiens,Macrophage migration inhibitory factor,1,IPA,ISOPROPYL ALCOHOL,60.095,GOL SO4,True,False,True,False
inang,MIF,7XVX,Neutron crystal structure of human macrophage migration inhibitory factor,X-RAY DIFFRACTION,1.6,2023-05-31,Homo sapiens,Macrophage migration inhibitory factor,0,,,0.0,,True,False,False,False
inang,MIF,4ETG,Crystal Structure of MIF L46G mutant,X-RAY DIFFRACTION,1.61,2012-10-03,Homo sapiens,Macrophage migration inhibitory factor,0,,,0.0,SO4,True,False,False,False
inang,MIF,5UMJ,Crystal structure of H62A mutant of human macrophage migration inhibitory factor,X-RAY DIFFRACTION,1.61,2018-02-07,Homo sapiens,Macrophage migration inhibitory factor,1,IPA,ISOPROPYL ALCOHOL,60.095,SO4,True,False,True,False
inang,MIF,4PLU,Crystal structure of Macrophage Migration Inhibitory Factor in complex with benzaldehyde,X-RAY DIFFRACTION,1.63,2015-09-30,Homo sapiens,Macrophage migration inhibitory factor,2,HBX IPA,benzaldehyde | ISOPROPYL ALCOHOL,106.122,SO4,True,False,True,False
inang,MIF,3WNS,Allyl isothiocyanate inhibitor complexed with Macrophage Migration Inhibitory Factor,X-RAY DIFFRACTION,1.658,2014-03-05,Homo sapiens,Macrophage migration inhibitory factor,2,9AI IPA,N-prop-2-en-1-ylthioformamide | ISOPROPYL ALCOHOL,101.17,CL GOL SO4,True,False,True,False
inang,MIF,5V73,Crystal structure of N110A mutant of human macrophage migration inhibitory factor,X-RAY DIFFRACTION,1.68,2018-03-21,Homo sapiens,Macrophage migration inhibitory factor,1,IPA,ISOPROPYL ALCOHOL,60.095,GOL SO4,True,False,True,False
inang,MIF,3L5V,Crystal structure of macrophage migration inhibitory factor (MIF) with glycerol at 1.70A resolution,X-RAY DIFFRACTION,1.7,2010-03-09,Homo sapiens,Macrophage migration inhibitory factor,0,,,0.0,GOL SO4,True,False,False,False
inang,MIF,4EUI,Crystal Structure of MIF L46F mutant,X-RAY DIFFRACTION,1.7,2012-10-03,Homo sapiens,Macrophage migration inhibitory factor,0,,,0.0,SO4,True,False,False,False
inang,MIF,4EVG,Crystal Structure of MIF L46A mutant,X-RAY DIFFRACTION,1.7,2012-10-03,Homo sapiens,Macrophage migration inhibitory factor,0,,,0.0,SO4,True,False,False,False
inang,MIF,9PQU,MIF Y98C homotrimeric mutant,X-RAY DIFFRACTION,1.7,2026-07-29,Homo sapiens,Macrophage migration inhibitory factor,0,,,0.0,GOL SO4,True,False,False,False
inang,MIF,5UZY,Crystal structure of N97A mutant of human macrophage migration inhibitory factor,X-RAY DIFFRACTION,1.71,2018-02-28,Homo sapiens,Macrophage migration inhibitory factor,1,IPA,ISOPROPYL ALCOHOL,60.095,GOL SO4,True,False,True,False
inang,MIF,5UMK,Crystal structure of H62Y mutant of human macrophage migration inhibitory factor,X-RAY DIFFRACTION,1.73,2018-02-07,Homo sapiens,Macrophage migration inhibitory factor,1,IPA,ISOPROPYL ALCOHOL,60.095,GOL SO4,True,False,True,False
inang,MIF,4XX7,Crystal structure of M2A mutant of human macrophage migration inhibitory factor,X-RAY DIFFRACTION,1.77,2015-09-30,Homo sapiens,Macrophage migration inhibitory factor,1,IPA,ISOPROPYL ALCOHOL,60.095,GOL SO4,True,False,True,False
inang,MIF,4XX8,Crystal structure of Pro1 deletion mutant of human macrophage migration inhibitory factor,X-RAY DIFFRACTION,1.77,2015-09-30,Homo sapiens,Macrophage migration inhibitory factor,0,,,0.0,GOL SO4,True,False,False,False
inang,MIF,4PKK,Crystal structure of Macrophage Migration inhibitory factor in complex with furan-2-ylmethyl)imino methanethiol,X-RAY DIFFRACTION,1.78,2016-05-04,Homo sapiens,Macrophage migration inhibitory factor,2,31E IPA,(Z)-[(furan-2-ylmethyl)imino]methanethiol | ISOPROPYL ALCOHOL,141.191,GOL SO4,True,False,True,False
inang,MIF,4TRU,Crystal structure of Q24A Q25A mutant of human macrophage migration inhibitory factor,X-RAY DIFFRACTION,1.81,2015-09-30,Homo sapiens,Macrophage migration inhibitory factor,1,IPA,ISOPROPYL ALCOHOL,60.095,GOL SO4,True,False,True,False
inang,MIF,5BSC,Crystal structure of K66A mutant of human macrophage migration inhibitory factor,X-RAY DIFFRACTION,1.89,2015-09-30,Homo sapiens,Macrophage migration inhibitory factor,1,IPA,ISOPROPYL ALCOHOL,60.095,,True,False,True,False
inang,MIF,1GIF,HUMAN GLYCOSYLATION-INHIBITING FACTOR,X-RAY DIFFRACTION,1.9,1997-03-12,Homo sapiens,GLYCOSYLATION-INHIBITING FACTOR,0,,,0.0,,True,False,False,False
inang,MIF,4PKZ,Crystal structure of P1M mutant of Macrophage Migration Inhibitory Factor,X-RAY DIFFRACTION,1.9,2015-09-30,Homo sapiens,Macrophage migration inhibitory factor,1,IPA,ISOPROPYL ALCOHOL,60.095,SO4,True,False,True,False
inang,MIF,5HVV,Crystal structure of Pro1 deletion and M2A double mutant of Macrophage Migration Inhibitory Factor,X-RAY DIFFRACTION,1.9,2016-02-10,Homo sapiens,Macrophage migration inhibitory factor,1,IPA,ISOPROPYL ALCOHOL,60.095,SO4,True,False,True,False
inang,MIF,4GRU,crystallographic and biological characterization of N- and C- terminus mutants of human MIF,X-RAY DIFFRACTION,1.92,2013-09-25,Homo sapiens,Macrophage migration inhibitory factor,1,DIO,"1,4-DIETHYLENE DIOXIDE",88.105,CL SO4,True,False,True,False
inang,MIF,4P0H,Crystal Structure Analysis of Macrophage Migration Inhibitory Factor in complex with Dimethylformamide,X-RAY DIFFRACTION,1.93,2014-04-02,Homo sapiens,Macrophage migration inhibitory factor,1,DMF,DIMETHYLFORMAMIDE,73.094,GOL,True,False,True,False
inang,MIF,5V70,Crystal structure of N102A mutant of human macrophage migration inhibitory factor,X-RAY DIFFRACTION,1.94,2018-03-21,Homo sapiens,Macrophage migration inhibitory factor,1,IPA,ISOPROPYL ALCOHOL,60.095,GOL SO4,True,False,True,False
inang,MIF,5EIZ,Crystal structure of Y99A mutant of human macrophage migration inhibitory factor,X-RAY DIFFRACTION,1.96,2015-11-11,Homo sapiens,Macrophage migration inhibitory factor,1,IPA,ISOPROPYL ALCOHOL,60.095,GOL SO4,True,False,True,False
inang,MIF,5BS9,Crystal structure of N109A mutant of human macrophage migration inhibitory factor,X-RAY DIFFRACTION,1.98,2015-09-30,Homo sapiens,Macrophage migration inhibitory factor,1,IPA,ISOPROPYL ALCOHOL,60.095,GOL SO4,True,False,True,False
inang,MIF,1CGQ,MACROPHAGE MIGRATION INHIBITORY FACTOR (MIF) WITH ALANINE INSERTED BETWEEN PRO-1 AND MET-2,X-RAY DIFFRACTION,2.0,1999-06-07,Homo sapiens,PROTEIN (MACROPHAGE MIGRATION INHIBITORY FACTOR),0,,,0.0,,True,False,False,False
inang,MIF,4GRO,Crystallographic and biological characterization of N- and C- terminus mutants of human MIF,X-RAY DIFFRACTION,2.0,2013-10-02,Homo sapiens,Macrophage migration inhibitory factor,0,,,0.0,CL,True,False,False,False
inang,MIF,5BSI,Crystal structure of Y36A mutant of human macrophage migration inhibitory factor,X-RAY DIFFRACTION,2.0,2015-09-30,Homo sapiens,Macrophage migration inhibitory factor,0,,,0.0,GOL SO4,True,False,False,False
inang,MIF,5BSJ,Crystal structure of S63A mutant of human macrophage migration inhibitory factor,X-RAY DIFFRACTION,2.0,2016-06-08,Homo sapiens,Macrophage migration inhibitory factor,1,IPA,ISOPROPYL ALCOHOL,60.095,GOL SO4,True,False,True,False
inang,MIF,4Z1U,MIF in complex with 1-(4-methylphenyl)-3-phenylprop-2-yn-1-one,X-RAY DIFFRACTION,2.05,2016-09-28,Homo sapiens,Macrophage migration inhibitory factor,0,,,0.0,GOL SO4,True,False,False,False
inang,MIF,1P1G,MACROPHAGE MIGRATION INHIBITORY FACTOR (MIF) WITH PRO-1 MUTATED TO GLY-1,X-RAY DIFFRACTION,2.5,1999-06-07,Homo sapiens,PROTEIN (MACROPHAGE MIGRATION INHIBITORY FACTOR),0,,,0.0,,True,False,False,False
inang,MIF,6BG7,Crystal structure of G107A mutant of human macrophage migration inhibitory factor,X-RAY DIFFRACTION,2.54,2018-06-06,Homo sapiens,Macrophage migration inhibitory factor,1,IPA,ISOPROPYL ALCOHOL,60.095,GOL SO4,True,False,True,False
inang,MIF,1MIF,MACROPHAGE MIGRATION INHIBITORY FACTOR (MIF),X-RAY DIFFRACTION,2.6,1996-12-07,Homo sapiens,MACROPHAGE MIGRATION INHIBITORY FACTOR,0,,,0.0,,True,False,False,False
inang,MMP2,7XJO,Crystal structure of human MMP-2 catalytic domain in complex with inhibitor,X-RAY DIFFRACTION,2.0,2022-06-29,synthetic construct | Homo sapiens,RYH-KFB-GLU-ASP-DAB-LEU-EME-EOE-NH2 | Matrix metalloproteinase-2,1,B3P,"2-[3-(2-HYDROXY-1,1-DIHYDROXYMETHYL-ETHYLAMINO)-PROPYLAMINO]-2-HYDROXYMETHYL-PROPANE-1,3-DIOL",282.334,CA CL ZN,True,False,True,True
inang,MMP2,8H78,Crystal structure of human MMP-2 catalytic domain in complex with inhibitor,X-RAY DIFFRACTION,2.4,2023-01-18,Homo sapiens,Matrix metalloproteinase-2,2,2HP L2U,"DIHYDROGENPHOSPHATE ION | (2~{R})-2-[[4-[(4-aminocarbonylphenyl)carbonylamino]phenyl]sulfonylamino]-5-[(2~{S},4~{S})-4-azanyl-2-[[(2~{S})-1-[[(2~{S})-1-[(5-azanyl-5-oxidanylidene-pentyl)amino]-5-oxidanyl-1,5-bis(oxidanylidene)pentan-2-yl]-methyl-amino]-4-methyl-1-oxidanylidene-pentan-2-yl]carbamoyl]",916.009,CA ZN,True,False,True,True
inang,MMP2,1HOV,SOLUTION STRUCTURE OF A CATALYTIC DOMAIN OF MMP-2 COMPLEXED WITH SC-74020,SOLUTION NMR,,2001-12-12,Homo sapiens,MATRIX METALLOPROTEINASE-2,1,I52,N-{4-[(1-HYDROXYCARBAMOYL-2-METHYL-PROPYL)-(2-MORPHOLIN-4-YL-ETHYL)-SULFAMOYL]-4-PENTYL-BENZAMIDE,574.732,CA ZN,False,False,True,True
inang,MMP2,3AYU,Crystal structure of MMP-2 active site mutant in complex with APP-drived decapeptide inhibitor,X-RAY DIFFRACTION,2.0,2011-08-03,Homo sapiens,Amyloid beta A4 protein | 72 kDa type IV collagenase,0,,,0.0,CA ZN,True,False,False,False
inang,MMP2,1GEN,C-TERMINAL DOMAIN OF GELATINASE A,X-RAY DIFFRACTION,2.15,1996-08-17,Homo sapiens,GELATINASE A,0,,,0.0,CA CL NA ZN,True,False,False,False
inang,MMP2,1RTG,C-TERMINAL DOMAIN (HAEMOPEXIN-LIKE DOMAIN) OF HUMAN MATRIX METALLOPROTEINASE-2,X-RAY DIFFRACTION,2.6,1996-06-10,Homo sapiens,HUMAN GELATINASE A,0,,,0.0,CA CL,True,False,False,False
inang,MMP2,1EAK,Catalytic domain of proMMP-2 E404Q mutant,X-RAY DIFFRACTION,2.66,2002-08-22,SYNTHETIC CONSTRUCT | HOMO SAPIENS,INHIBITOR PEPTIDE | 72 KDA TYPE IV COLLAGENASE,0,,,0.0,CA SO4 ZN,True,False,False,False
inang,MMP2,1QIB,CRYSTAL STRUCTURE OF GELATINASE A CATALYTIC DOMAIN,X-RAY DIFFRACTION,2.8,1999-11-19,Homo sapiens,72 kDa type IV collagenase,0,,,0.0,CA ZN,True,False,False,False
inang,MMP2,7XGJ,Crystal structure of human MMP-2 catalytic domain in complex with inhibitor,X-RAY DIFFRACTION,2.8,2022-06-29,synthetic construct | Homo sapiens,GZS-ASN-ASP-ALA-LEU-IML-EOE-NH2 | Matrix metalloproteinase-2,0,,,0.0,CA ZN,True,False,False,False
inang,MMP2,1CK7,GELATINASE A (FULL-LENGTH),X-RAY DIFFRACTION,2.8,1999-08-25,Homo sapiens,PROTEIN (GELATINASE A),0,,,0.0,CA CL NA SO4 ZN,True,False,False,False
inang,MMP2,1GXD,proMMP-2/TIMP-2 complex,X-RAY DIFFRACTION,3.1,2002-07-09,HOMO SAPIENS,METALLOPROTEINASE INHIBITOR 2 | 72 KDA TYPE IV COLLAGENASE,0,,,0.0,CA SO4 ZN,True,False,False,False
inang,MMP2,1CXW,THE SECOND TYPE II MODULE FROM HUMAN MATRIX METALLOPROTEINASE 2,SOLUTION NMR,,1999-11-12,Homo sapiens,HUMAN MATRIX METALLOPROTEINASE 2,0,,,0.0,,False,False,False,False
inang,MMP2,1J7M,The Third Fibronectin Type II Module from Human Matrix Metalloproteinase 2,SOLUTION NMR,,2001-05-30,Homo sapiens,MATRIX METALLOPROTEINASE 2,0,,,0.0,,False,False,False,False
inang,MMP2,1KS0,The First Fibronectin Type II Module from Human Matrix Metalloproteinase 2,SOLUTION NMR,,2002-02-20,Homo sapiens,Matrix Metalloproteinase 2,0,,,0.0,,False,False,False,False
inang,MMP9,6ESM,Crystal structure of MMP9 in complex with inhibitor BE4.,X-RAY DIFFRACTION,1.104,2018-05-16,Homo sapiens,"Matrix metalloproteinase-9,Matrix metalloproteinase-9",2,B9Z PZE,(2~{S})-2-[2-[4-(4-methoxyphenyl)phenyl]sulfanylphenyl]pentanedioic acid | piperazine,422.493,CA ZN,True,False,True,True
inang,MMP9,4XCT,Crystal structure of a hydroxamate based inhibitor ARP101 (EN73) in complex with the MMP-9 catalytic domain.,X-RAY DIFFRACTION,1.3,2015-04-22,Homo sapiens,"Matrix metalloproteinase-9,Matrix metalloproteinase-9",3,N73 PGO BUD,"(2~{R})-3-methyl-~{N}-oxidanylidene-2-[(4-phenylphenyl)sulfonyl-propan-2-yloxy-amino]butanamide | S-1,2-PROPANEDIOL | (2S,3S)-butane-2,3-diol",404.48,CA DMS EDO GOL ZN,True,False,True,True
inang,MMP9,8K5Y,Crystal structure of human proMMP-9 catalytic domain in complex with inhibitor,X-RAY DIFFRACTION,1.52,2023-12-06,Homo sapiens,Matrix metalloproteinase-9,2,2HP VP6,"DIHYDROGENPHOSPHATE ION | (3-azanyl-4-fluoranyl-5,7,8,9-tetrahydropyrido[4,3-c]azepin-6-yl)-[6-(2-oxidanylpropan-2-yl)-1H-indol-2-yl]methanone",382.431,CA ZN,True,False,True,True
inang,MMP9,4H1Q,Crystal structure of mutant MMP-9 catalytic domain in complex with a twin inhibitor.,X-RAY DIFFRACTION,1.59,2013-04-24,Homo sapiens,Matrix metalloproteinase-9,1,0XX,"N-(4-{[(3R)-3-[(biphenyl-4-ylsulfonyl)(propan-2-yloxy)amino]-4-(hydroxyamino)-4-oxobutyl]amino}-4-oxobutyl)-N'-(4-{[(3S)-3-[(biphenyl-4-ylsulfonyl)(propan-2-yloxy)amino]-4-(hydroxyamino)-4-oxobutyl]amino}-4-oxobutyl)benzene-1,3-dicarboxamide",1115.277,CA ZN,True,False,True,True
inang,MMP9,5I12,Crystal structure of the catalytic domain of MMP-9 in complex with a selective sugar-conjugated arylsulfonamide carboxylate water-soluble inhibitor (DC27).,X-RAY DIFFRACTION,1.59,2016-07-06,Homo sapiens,"Matrix metalloproteinase-9,Matrix metalloproteinase-9",1,H27,"(2R)-2-[{(E)-2-[({(2R,3R,4R,5S,6R)-3-(acetylamino)-4,5-bis(acetyloxy)-6-[(acetyloxy)methyl]tetrahydro-2H-pyran-2-yl}carbamothioyl)amino]ethenyl}(biphenyl-4-ylsulfonyl)amino]-3-methylbutanoic acid",762.847,CA DMS EDO GOL ZN,True,False,True,True
inang,MMP9,4WZV,Crystal structure of a hydroxamate based inhibitor EN140 in complex with the MMP-9 catalytic domain,X-RAY DIFFRACTION,1.65,2015-08-26,Homo sapiens,"Matrix metalloproteinase-9,Matrix metalloproteinase-9",2,E40 PGO,"(2R)-4-(1,3-dioxo-1,3-dihydro-2H-isoindol-2-yl)-N-hydroxy-2-{[(4'-methoxybiphenyl-4-yl)sulfonyl](propan-2-yloxy)amino}butanamide | S-1,2-PROPANEDIOL",567.61,AZI CA EDO GOL NA PEG ZN,True,False,True,True
inang,MMP9,8K5V,Crystal structure of human proMMP-9 catalytic domain in complex with inhibitor,X-RAY DIFFRACTION,1.7,2023-12-06,Homo sapiens,Matrix metalloproteinase-9,2,VOC 2HP,"6,7-dihydro-4H-[1,3]oxazolo[4,5-c]pyridin-5-yl-(7-ethyl-2H-indazol-3-yl)methanone | DIHYDROGENPHOSPHATE ION",296.324,CA ZN,True,False,True,True
inang,MMP9,4H3X,Crystal structure of an MMP broad spectrum hydroxamate based inhibitor CC27 in complex with the MMP-9 catalytic domain,X-RAY DIFFRACTION,1.764,2013-04-24,Homo sapiens,Matrix metalloproteinase-9,2,10B PGO,"N-2-(biphenyl-4-ylsulfonyl)-N-2-(isopropyloxy)-acetohydroxamic acid | S-1,2-PROPANEDIOL",364.416,CA GOL PEG ZN,True,False,True,True
inang,MMP9,5UE4,proMMP-9desFnII complexed to JNJ0966 INHIBITOR,X-RAY DIFFRACTION,1.8,2017-09-13,Homo sapiens,Matrix metalloproteinase-9,1,5XQ,"~{N}-[5-[2-[(2-methoxyphenyl)amino]-1,3-thiazol-4-yl]-4-methyl-1,3-thiazol-2-yl]ethanamide",360.454,CA SO4 ZN,True,False,True,True
inang,MMP9,5CUH,Crystal structure MMP-9 complexes with a constrained hydroxamate based inhibitor LT4,X-RAY DIFFRACTION,1.83,2016-02-10,Homo sapiens,"Matrix metalloproteinase-9,Matrix metalloproteinase-9",2,LTQ PGO,"(4S)-3-{[4-(4-cyano-2-methylphenyl)piperazin-1-yl]sulfonyl}-N-hydroxy-1,3-thiazolidine-4-carboxamide | S-1,2-PROPANEDIOL",411.499,CA DMS EDO ZN,True,False,True,True
inang,MMP9,4H82,Crystal structure of mutant MMP-9 catalytic domain in complex with a twin inhibitor.,X-RAY DIFFRACTION,1.9,2013-05-01,Homo sapiens,Matrix metalloproteinase-9,3,L29 PPI PGO,"N,N'-bis(2-{(biphenyl-4-ylsulfonyl)[(2R)-1-(hydroxyamino)-3-methyl-1-oxobutan-2-yl]amino}ethyl)benzene-1,3-dicarboxamide (non-preferred name) | PROPANOIC ACID | S-1,2-PROPANEDIOL",913.069,CA GOL PEG ZN,True,False,True,True
inang,MMP9,8K5X,Crystal structure of human proMMP-9 catalytic domain in complex with inhibitor,X-RAY DIFFRACTION,1.9,2023-12-06,Homo sapiens,Matrix metalloproteinase-9,2,VOZ 2HP,"(6-cyclopropyl-1~{H}-indol-2-yl)-(5,7,8,9-tetrahydropyrido[4,3-c]azepin-6-yl)methanone | DIHYDROGENPHOSPHATE ION",331.411,CA CL ZN,True,False,True,True
inang,MMP9,4HMA,Crystal structure of an MMP twin carboxylate based inhibitor LC20 in complex with the MMP-9 catalytic domain,X-RAY DIFFRACTION,1.94,2013-04-24,Homo sapiens,Matrix metalloproteinase-9,3,0ZD PGO MLT,"N,N'-bis(2-[(biphenyl-4ylsulfonyl)[(2R)-1-hydroxy-3-methyl-1-oxobutan-2-yl]-amino]ethyl)benzene-1,3-dicarboxamide | S-1,2-PROPANEDIOL | D-MALATE",883.04,CA GOL PEG ZN,True,False,True,True
inang,MMP9,2OVX,MMP-9 active site mutant with barbiturate inhibitor,X-RAY DIFFRACTION,2.0,2007-06-19,Homo sapiens,Matrix metalloproteinase-9 (EC 3.4.24.35) (MMP-9) (92 kDa type IV collagenase) (92 kDa gelatinase) (Gelatinase B) (GELB),1,4MR,"5-(4-PHENOXYPHENYL)-5-(4-PYRIMIDIN-2-YLPIPERAZIN-1-YL)PYRIMIDINE-2,4,6(2H,3H)-TRIONE",458.469,CA CL ZN,True,False,True,True
inang,MMP9,2OVZ,MMP-9 active site mutant with phosphinate inhibitor,X-RAY DIFFRACTION,2.0,2007-06-19,Homo sapiens,Matrix metalloproteinase-9 (EC 3.4.24.35) (MMP-9) (92 kDa type IV collagenase) (92 kDa gelatinase) (Gelatinase B) (GELB),1,5MR,NALPHA-{(2S)-3-[(S)-HYDROXY(PHENYL)PHOSPHORYL]-2-[(3-PHENYLISOXAZOL-5-YL)METHYL]PROPANOYL}-L-TRYPTOPHANAMIDE,556.549,CA CL ZN,True,False,True,True
inang,MMP9,2OW0,MMP-9 active site mutant with iodine-labeled carboxylate inhibitor,X-RAY DIFFRACTION,2.0,2007-06-19,Homo sapiens,Matrix metalloproteinase-9 (MMP-9) (92 kDa type IV collagenase) (92 kDa gelatinase) (Gelatinase B) (GELB),1,6MR,N-[(4'-IODOBIPHENYL-4-YL)SULFONYL]-D-TRYPTOPHAN,546.377,CA CL ZN,True,False,True,True
inang,MMP9,8K5W,Crystal structure of human proMMP-9 catalytic domain in complex with inhibitor,X-RAY DIFFRACTION,2.0,2023-12-06,Homo sapiens,Matrix metalloproteinase-9,2,2HP VOO,"DIHYDROGENPHOSPHATE ION | 2-[[5-fluoranyl-7-(methylamino)-1H-indol-2-yl]carbonyl]-N-(2-pyrrol-1-ylethyl)-3,4-dihydro-1H-isoquinoline-7-carboxamide",459.515,CA ZN,True,False,True,True
inang,MMP9,1GKD,MMP9 active site mutant-inhibitor complex,X-RAY DIFFRACTION,2.1,2002-05-16,HOMO SAPIENS,92 KDA TYPE IV COLLAGENASE,2,STN BUM,"2-{[FORMYL(HYDROXY)AMINO]METHYL}-4-METHYLPENTANOIC ACID | 2-AMINO-N,3,3-TRIMETHYLBUTANAMIDE",189.209,CA ZN,True,False,True,True
inang,MMP9,2OW1,MMP-9 active site mutant with trifluoromethyl hydroxamate inhibitor,X-RAY DIFFRACTION,2.2,2007-06-19,Homo sapiens,Matrix metalloproteinase-9 (MMP-9) (92 kDa type IV collagenase) (92 kDa gelatinase) (Gelatinase B) (GELB),1,7MR,"(2R)-2-AMINO-3,3,3-TRIFLUORO-N-HYDROXY-2-{[(4-PHENOXYPHENYL)SULFONYL]METHYL}PROPANAMIDE",404.361,CA CL ZN,True,False,True,True
inang,MMP9,1GKC,MMP9-inhibitor complex,X-RAY DIFFRACTION,2.3,2002-05-16,HOMO SAPIENS,92 KDA TYPE IV COLLAGENASE,1,NFH,"N~2~-[(2R)-2-{[formyl(hydroxy)amino]methyl}-4-methylpentanoyl]-N,3-dimethyl-L-valinamide",315.408,CA ZN,True,False,True,True
inang,MMP9,2OW2,MMP-9 active site mutant with difluoro butanoic acid inhibitor,X-RAY DIFFRACTION,2.9,2007-06-19,Homo sapiens,Matrix metalloproteinase-9 (MMP-9) (92 kDa type IV collagenase) (92 kDa gelatinase) (Gelatinase B) (GELB),1,8MR,"(3R)-4,4-DIFLUORO-3-[(4-METHOXYPHENYL)SULFONYL]BUTANOIC ACID",294.272,CA CL ZN,True,False,True,True
inang,MMP9,4H2E,Crystal structure of an MMP twin inhibitor complexing two MMP-9 catalytic domains,X-RAY DIFFRACTION,2.902,2013-04-24,Homo sapiens,Matrix metalloproteinase-9,2,BCN 0Y3,"BICINE | N,N'-bis(4-{[(3R)-3-[(biphenyl-4-ylsulfonyl)(propan-2-yloxy)amino]-4-(hydroxyamino)-4-oxobutyl]amino}-4-oxobutyl)benzene-1,3-dicarboxamide",1115.277,ACT CA PEG ZN,True,False,True,True
inang,MMP9,5TH9,"Structure determination of a potent, selective antibody inhibitor of human MMP9 (GS-5745 bound to MMP-9)",X-RAY DIFFRACTION,2.999,2017-03-15,Homo sapiens | Oryctolagus cuniculus,"Matrix metalloproteinase-9,Matrix metalloproteinase-9 | GS-5745 Fab heavy chain | GS-5745 Fab light chain",1,NCO,COBALT HEXAMMINE(III),161.116,CA ZN,True,False,True,True
inang,MMP9,5UE3,proMMP-9desFnII,X-RAY DIFFRACTION,1.599,2017-09-13,Homo sapiens,Matrix metalloproteinase-9,0,,,0.0,CA SO4 TRS ZN,True,False,False,False
inang,MMP9,4JIJ,Crystal structure of an inactive mutant of MMP-9 catalytic domain in complex with a fluorogenic synthetic peptidic substrate,X-RAY DIFFRACTION,1.698,2014-03-12,Homo sapiens,fluorogenic peptidic substrate (8MC)PLG(PHI)(DNW)AR(NH2) | Matrix metalloproteinase-9,2,SR PGO,"STRONTIUM ION | S-1,2-PROPANEDIOL",87.62,AZI CA EDO GOL PEG ZN,True,False,True,False
inang,MMP9,5TH6,"Structure determination of a potent, selective antibody inhibitor of human MMP9 (apo MMP9)",X-RAY DIFFRACTION,1.7,2017-03-01,Homo sapiens,"Matrix metalloproteinase-9,Matrix metalloproteinase-9",0,,,0.0,CA ZN,True,False,False,False
inang,MMP9,4JQG,Crystal structure of an inactive mutant of MMP-9 catalytic domain in complex with a fluorogenic synthetic peptidic substrate with a fluorine atom.,X-RAY DIFFRACTION,1.849,2014-03-12,Homo sapiens,fluorogenic peptidic substrate (8MC)PLG(PFF)(DNW)AR(NH2) | Matrix metalloproteinase-9,2,SR PGO,"STRONTIUM ION | S-1,2-PROPANEDIOL",87.62,AZI CA EDO GOL NA ZN,True,False,True,False
inang,MMP9,1ITV,Dimeric form of the haemopexin domain of MMP9,X-RAY DIFFRACTION,1.95,2002-09-04,Homo sapiens,MMP9,0,,,0.0,SO4,True,False,False,False
inang,MMP9,1L6J,Crystal structure of human matrix metalloproteinase MMP9 (gelatinase B).,X-RAY DIFFRACTION,2.5,2002-07-03,Homo sapiens,Matrix metalloproteinase-9,0,,,0.0,CA ZN,True,False,False,False
virus,Hemagglutinin H9,1JSD,CRYSTAL STRUCTURE OF SWINE H9 HAEMAGGLUTININ,X-RAY DIFFRACTION,1.8,2001-09-26,Influenza A virus (A/swine/Hong Kong/9/98(H9N2)),HAEMAGGLUTININ (HA2 CHAIN) | HAEMAGGLUTININ (HA1 CHAIN),0,,,0.0,NAG PO4,True,True,False,False
virus,Hemagglutinin H9,1JSI,CRYSTAL STRUCTURE OF H9 HAEMAGGLUTININ BOUND TO LSTC RECEPTOR ANALOG,X-RAY DIFFRACTION,2.4,2001-09-26,Influenza A virus (A/swine/Hong Kong/9/98(H9N2)),HAEMAGGLUTININ (HA2 CHAIN) | HAEMAGGLUTININ (HA1 CHAIN),0,,,0.0,NAG,True,True,False,False
virus,Hemagglutinin H9,1JSH,CRYSTAL STRUCTURE OF H9 HAEMAGGLUTININ COMPLEXED WITH LSTA RECEPTOR ANALOG,X-RAY DIFFRACTION,2.4,2001-09-26,Influenza A virus (A/swine/Hong Kong/9/98(H9N2)),HAEMAGGLUTININ (HA2 CHAIN) | HAEMAGGLUTININ (HA1 CHAIN),0,,,0.0,NAG,True,True,False,False
virus,Hemagglutinin H9,1JSM,STRUCTURE OF H5 AVIAN HAEMAGGLUTININ,X-RAY DIFFRACTION,1.9,2001-09-26,Influenza A virus,HAEMAGGLUTININ (HA2 CHAIN) | HAEMAGGLUTININ (HA1 CHAIN),0,,,0.0,NAG,True,False,False,False
virus,Hemagglutinin H9,1JSN,STRUCTURE OF AVIAN H5 HAEMAGGLUTININ COMPLEXED WITH LSTA RECEPTRO ANALOG,X-RAY DIFFRACTION,2.4,2001-09-26,Influenza A virus,HAEMAGGLUTININ (HA2 CHAIN) | HAEMAGGLUTININ (HA1 CHAIN),0,,,0.0,NAG,True,False,False,False
virus,Hemagglutinin H9,1JSO,STRUCTURE OF AVIAN H5 HAEMAGGLUTININ BOUND TO LSTC RECEPTOR ANALOG,X-RAY DIFFRACTION,2.4,2001-09-26,Influenza A virus,HAEMAGGLUTININ (HA2 CHAIN) | HAEMAGGLUTININ (HA1 CHAIN),0,,,0.0,NAG SIA,True,False,False,False
virus,Hemagglutinin H9,9HBP,Cryo-EM structure of the canine distemper virus tetrameric attachment H glycoprotein in complex with two different Nanobodies,ELECTRON MICROSCOPY,4.3,2026-01-21,Lama glama | Morbillivirus canis,Nanobody H9 | Nanobody H7 | Hemagglutinin glycoprotein,0,,,0.0,NAG,False,False,False,False
virus,M2 channel,6MJH,The S31N mutant of the influenza A M2 proton channel in two distinct conformational states,X-RAY DIFFRACTION,2.06,2019-06-26,Influenza A virus (A/pigeon/Jiangsu/K23/2013(H9N2)),Matrix protein 2,0,,,0.0,CA CL,True,True,False,False
virus,M2 channel,3BKD,High resolution Crystal structure of Transmembrane domain of M2 protein,X-RAY DIFFRACTION,2.05,2008-01-29,,Transmembrane Domain of Matrix protein M2,1,BOG,octyl beta-D-glucopyranoside,292.369,CL PEG,True,False,True,True
virus,Neuraminidase N2,4H53,Influenza N2-Tyr406Asp neuraminidase in complex with beta-Neu5Ac,X-RAY DIFFRACTION,1.5,2013-02-20,Influenza A virus,Neuraminidase,1,SLB,N-acetyl-beta-neuraminic acid,309.27,CA GOL NAG,True,False,True,True
virus,Neuraminidase N2,4K1K,Induced opening of influenza virus neuraminidase N2 150-loop suggests an important role in inhibitor binding,X-RAY DIFFRACTION,1.6,2013-06-05,Influenza A virus,Neuraminidase,1,G39,"(3R,4R,5S)-4-(acetylamino)-5-amino-3-(pentan-3-yloxy)cyclohex-1-ene-1-carboxylic acid",284.351,CA,True,False,True,True
virus,Neuraminidase N2,4K1I,Induced opening of influenza virus neuraminidase N2 150-loop suggests an important role in inhibitor binding,X-RAY DIFFRACTION,1.8,2013-06-05,Influenza A virus,Neuraminidase,1,G39,"(3R,4R,5S)-4-(acetylamino)-5-amino-3-(pentan-3-yloxy)cyclohex-1-ene-1-carboxylic acid",284.351,CA NAG,True,False,True,True
virus,Neuraminidase N2,4H52,Wild-type influenza N2 neuraminidase covalent complex with 3-fluoro-Neu5Ac,X-RAY DIFFRACTION,1.803,2013-02-20,Influenza A virus,Neuraminidase,1,FSI,"5-acetamido-3,5-dideoxy-3-fluoro-D-erythro-alpha-L-manno-non-2-ulopyranosonic acid",327.26,CA,True,False,True,True
virus,Neuraminidase N2,1IVD,STRUCTURES OF AROMATIC INHIBITORS OF INFLUENZA VIRUS NEURAMINIDASE,X-RAY DIFFRACTION,1.9,1995-03-31,Influenza A virus (strain A/Tokyo/3/1967 H2N2),INFLUENZA A SUBTYPE N2 NEURAMINIDASE,1,ST1,4-(ACETYLAMINO)-3-HYDROXY-5-NITROBENZOIC ACID,240.17,CA,True,False,True,True
virus,Neuraminidase N2,6BR5,N2 neuraminidase in complex with a novel antiviral compound,X-RAY DIFFRACTION,2.03790748321,2018-03-07,Influenza A virus,Neuraminidase,1,GYG,"(1R)-4-acetamido-1,5-anhydro-3-carbamimidamido-2,3,4-trideoxy-1-sulfo-D-glycero-D-galacto-octitol",370.379,CA GOL NAG,True,False,True,True
virus,Neuraminidase N2,6BR6,N2 neuraminidase in complex with a novel antiviral compound,X-RAY DIFFRACTION,2.03983884352,2018-03-07,Influenza A virus,Neuraminidase,1,E3M,"(1R)-4-acetamido-3-amino-1,5-anhydro-2,3,4-trideoxy-1-sulfo-D-glycero-D-galacto-octitol",328.339,CA GOL NAG NI,True,False,True,True
virus,Neuraminidase N2,4GZT,N2 neuraminidase D151G mutant of A/Tanzania/205/2010 H3N2 in complex with oseltamivir carboxylate,X-RAY DIFFRACTION,2.19,2012-10-17,Influenza A virus,neuraminidase,1,G39,"(3R,4R,5S)-4-(acetylamino)-5-amino-3-(pentan-3-yloxy)cyclohex-1-ene-1-carboxylic acid",284.351,CA NAG,True,False,True,True
virus,Neuraminidase N2,4K1J,Induced opening of influenza virus neuraminidase N2 150-loop suggests an important role in inhibitor binding,X-RAY DIFFRACTION,2.2,2013-06-05,Influenza A virus,Neuraminidase,1,G39,"(3R,4R,5S)-4-(acetylamino)-5-amino-3-(pentan-3-yloxy)cyclohex-1-ene-1-carboxylic acid",284.351,CA,True,False,True,True
virus,Neuraminidase N2,4GZP,N2 Neuraminidase of A/Tanzania/205/2010 H3N2 in complex with oseltamivir carboxylate,X-RAY DIFFRACTION,2.3,2012-10-17,Influenza A virus,Neuraminidase,1,G39,"(3R,4R,5S)-4-(acetylamino)-5-amino-3-(pentan-3-yloxy)cyclohex-1-ene-1-carboxylic acid",284.351,CA NAG,True,False,True,True
virus,Neuraminidase N2,1ING,INFLUENZA A SUBTYPE N2 NEURAMINIDASE COMPLEXED WITH AROMATIC BANA109 INHIBITOR,X-RAY DIFFRACTION,2.4,1996-08-17,Influenza A virus,INFLUENZA A SUBTYPE N2 NEURAMINIDASE,1,ST5,4-(ACETYLAMINO)-3-[(HYDROXYACETYL)AMINO]BENZOIC ACID,252.223,CA,True,False,True,True
virus,Neuraminidase N2,1INH,INFLUENZA A SUBTYPE N2 NEURAMINIDASE COMPLEXED WITH AROMATIC BANA111 INHIBITOR,X-RAY DIFFRACTION,2.4,1996-08-17,Influenza A virus,INFLUENZA A SUBTYPE N2 NEURAMINIDASE,1,ST6,4-(ACETYLAMINO)-3-[(AMINOACETYL)AMINO]BENZOIC ACID,252.247,CA,True,False,True,True
virus,Neuraminidase N2,1IVC,STRUCTURES OF AROMATIC INHIBITORS OF INFLUENZA VIRUS NEURAMINIDASE,X-RAY DIFFRACTION,2.4,1995-03-31,Influenza A virus (strain A/Tokyo/3/1967 H2N2),INFLUENZA A SUBTYPE N2 NEURAMINIDASE,1,ST2,4-(ACETYLAMINO)-5-AMINO-3-HYDROXYBENZOIC ACID,210.187,CA,True,False,True,True
virus,Neuraminidase N2,1IVE,STRUCTURES OF AROMATIC INHIBITORS OF INFLUENZA VIRUS NEURAMINIDASE,X-RAY DIFFRACTION,2.4,1995-03-31,Influenza A virus (strain A/Tokyo/3/1967 H2N2),INFLUENZA A SUBTYPE N2 NEURAMINIDASE,1,ST3,4-(ACETYLAMINO)-3-AMINO BENZOIC ACID,194.187,CA,True,False,True,True
virus,Neuraminidase N2,1IVF,STRUCTURES OF AROMATIC INHIBITORS OF INFLUENZA VIRUS NEURAMINIDASE,X-RAY DIFFRACTION,2.4,1995-03-31,Influenza A virus (strain A/Tokyo/3/1967 H2N2),INFLUENZA A SUBTYPE N2 NEURAMINIDASE,1,DAN,"2-DEOXY-2,3-DEHYDRO-N-ACETYL-NEURAMINIC ACID",291.255,CA,True,False,True,True
virus,Neuraminidase N2,1INW,A SIALIC ACID DERIVED PHOSPHONATE ANALOG INHIBITS DIFFERENT STRAINS OF INFLUENZA VIRUS NEURAMINIDASE WITH DIFFERENT EFFICIENCIES,X-RAY DIFFRACTION,2.4,1995-02-07,Influenza A virus,INFLUENZA A SUBTYPE N2 NEURAMINIDASE,1,AXP,"(1S)-4-acetamido-1,5-anhydro-2,4-dideoxy-1-phosphono-D-glycero-D-galacto-octitol",329.241,CA NAG,True,False,True,True
virus,Neuraminidase N2,1INX,A SIALIC ACID DERIVED PHOSPHONATE ANALOG INHIBITS DIFFERENT STRAINS OF INFLUENZA VIRUS NEURAMINIDASE WITH DIFFERENT EFFICIENCIES,X-RAY DIFFRACTION,2.4,1995-02-07,Influenza A virus,INFLUENZA A SUBTYPE N2 NEURAMINIDASE,1,EQP,"(1R)-4-acetamido-1,5-anhydro-2,4-dideoxy-1-phosphono-D-glycero-D-galacto-octitol",329.241,CA NAG,True,False,True,True
virus,Neuraminidase N2,1NNB,"THREE-DIMENSIONAL STRUCTURE OF INFLUENZA A N9 NEURAMINIDASE AND ITS COMPLEX WITH THE INHIBITOR 2-DEOXY 2,3-DEHYDRO-N-ACETYL NEURAMINIC ACID",X-RAY DIFFRACTION,2.8,1994-04-30,Influenza A virus,NEURAMINIDASE,1,DAN,"2-DEOXY-2,3-DEHYDRO-N-ACETYL-NEURAMINIC ACID",291.255,CA,True,False,True,True
virus,Neuraminidase N2,4K1H,Induced opening of influenza virus neuraminidase N2 150-loop suggests an important role in inhibitor binding,X-RAY DIFFRACTION,1.797,2013-06-05,Influenza A virus,Neuraminidase,0,,,0.0,CA,True,False,False,False
virus,Neuraminidase N2,1IVG,STRUCTURES OF AROMATIC INHIBITORS OF INFLUENZA VIRUS NEURAMINIDASE,X-RAY DIFFRACTION,1.9,1995-03-31,Influenza A virus (strain A/Tokyo/3/1967 H2N2),INFLUENZA A SUBTYPE N2 NEURAMINIDASE,0,,,0.0,CA,True,False,False,False
virus,Neuraminidase N2,2BAT,"THE STRUCTURE OF THE COMPLEX BETWEEN INFLUENZA VIRUS NEURAMINIDASE AND SIALIC ACID, THE VIRAL RECEPTOR",X-RAY DIFFRACTION,2.0,1994-01-31,Influenza A virus (A/Tokyo/3/1967(H2N2)),NEURAMINIDASE N2,0,,,0.0,CA NAG SIA,True,False,False,False
virus,Neuraminidase N2,9MQV,Crystal structure of human 1122A11 Fab in complex with influenza virus neuraminidase from A/Singapore/INFIMH-16-0019/2016 (H3N2),X-RAY DIFFRACTION,2.2,2025-07-23,Homo sapiens | Influenza A virus,1122A11 FAB LAMBDA LIGHT CHAIN | 1122A11 FAB IGG1 HEAVY CHAIN | Neuraminidase,0,,,0.0,CA NAG,True,False,False,False
virus,Neuraminidase N2,4GZQ,N2 neuraminidase of A/Tanzania/205/2010 H3N2 in complex with sialic acid,X-RAY DIFFRACTION,2.2,2012-10-17,Influenza A virus,Nueraminidase,0,,,0.0,CA NAG SIA,True,False,False,False
virus,Neuraminidase N2,9MQW,Crystal structure of influenza virus N2 neuraminidase from A/Singapore/INFIMH-16-0019/2016 (H3N2),X-RAY DIFFRACTION,2.29,2025-07-23,Influenza A virus,Neuraminidase,0,,,0.0,CA NAG SO4,True,False,False,False
virus,Neuraminidase N2,4GZS,N2 neuraminidase D151G mutant of a/Tanzania/205/2010 H3N2 in complex with hepes,X-RAY DIFFRACTION,2.35,2012-10-17,Influenza A virus,Neuraminidase,0,,,0.0,CA EPE NAG,True,False,False,False
virus,Neuraminidase N2,4GZW,N2 neuraminidase D151G mutant of A/Tanzania/205/2010 H3N2 in complex with avian sialic acid receptor,X-RAY DIFFRACTION,2.45,2012-10-17,Influenza A virus,neuraminidase,0,,,0.0,CA NAG SIA,True,False,False,False
virus,Neuraminidase N2,4GZX,N2 neuraminidase D151G mutant of A/Tanzania/205/2010 H3N2 in complex with human sialic acid receptor,X-RAY DIFFRACTION,2.45,2012-10-17,Influenza A virus,neuraminidase,0,,,0.0,CA NAG SIA,True,False,False,False
virus,Neuraminidase N2,1NNA,"THREE-DIMENSIONAL STRUCTURE OF INFLUENZA A N9 NEURAMINIDASE AND ITS COMPLEX WITH THE INHIBITOR 2-DEOXY 2,3-DEHYDRO-N-ACETYL NEURAMINIC ACID",X-RAY DIFFRACTION,2.5,1994-04-30,Influenza A virus,NEURAMINIDASE,0,,,0.0,CA,True,False,False,False
virus,Neuraminidase N2,4GZO,N2 neuraminidase of A/Tanzania/205/2010 H3N2 in complex with hepes,X-RAY DIFFRACTION,2.6,2012-10-17,Influenza A virus,neuraminidase,0,,,0.0,CA EPE NAG,True,False,False,False
virus,Neuraminidase N2,8ZR4,Cryo-EM structure of the N2-4N2C402 complex at a resolution of 1.9 angstrom,ELECTRON MICROSCOPY,1.9,2025-01-01,Influenza A virus | Homo sapiens,Neuraminidase | 4N2C402_Fab_L | 4N2C402_Fab_H,0,,,0.0,CA NAG,False,False,False,False
virus,Neuraminidase N2,9OSR,Structure of Fab HB420 in complex with influenza H3N2 A/Moscow/10/1999 neuraminidase,ELECTRON MICROSCOPY,2.16,2025-10-01,Homo sapiens | Influenza A virus,Variable domain of the light chain of Fab HB420 | Variable domain of the heavy chain of Fab hb420 | Neuraminidase,0,,,0.0,,False,False,False,False
virus,Neuraminidase N2,8G3V,N2 neuraminidase of A/Hong_Kong/2671/2019 in complex with 4 FNI19 Fab molecules,ELECTRON MICROSCOPY,2.2,2023-05-31,Homo sapiens | Influenza A virus,FNI19 Fab light chain | FNI19 Fab heavy chain | Neuraminidase,0,,,0.0,CA NAG,False,False,False,False
virus,Neuraminidase N2,8G3R,N2 neuraminidase of A/Tanzania/205/2010 H3N2 with S245N S247T mutations in complex with one FNI17 Fab molecule,ELECTRON MICROSCOPY,2.3,2023-05-31,Homo sapiens | Influenza A virus,FNI17 Fab heavy chain | FNI17 Fab light chain | Neuraminidase,0,,,0.0,CA,False,False,False,False
virus,Neuraminidase N2,8G3Q,N2 neuraminidase of A/Tanzania/205/2010 H3N2 in complex with 3 FNI17 Fab molecules,ELECTRON MICROSCOPY,2.3,2023-05-31,Homo sapiens | Influenza A virus,FNI17 Fab heavy chain | FNI17 Fab light chain | Neuraminidase,0,,,0.0,CA,False,False,False,False
virus,Neuraminidase N2,8EZ3,Structure of 3A10 Fab in complex with A/Moscow/10/1999 (H3N2) influenza virus neuraminidase,ELECTRON MICROSCOPY,2.5,2023-11-08,Influenza A virus (A/Moscow/10/1999(H3N2)) | Homo sapiens,Neuraminidase | Light chain of influenza virus neuraminidase antibody 3A10 | Heavy chain of influenza virus neuraminidase antibody 3A10,0,,,0.0,MAN NAG,False,False,False,False
virus,Neuraminidase N2,8G3P,N2 neuraminidase of A/Hong_Kong/2671/2019 in complex with 4 FNI9 Fab molecules,ELECTRON MICROSCOPY,2.5,2023-05-31,Influenza A virus | Homo sapiens,Neuraminidase | FNI9 Fab light chain | FNI9 Fab heavy chain,0,,,0.0,CA,False,False,False,False
virus,Neuraminidase N2,8EZ7,Structure of 1F04 Fab in complex with A/Moscow/10/1999 (H3N2) influenza virus neuraminidase,ELECTRON MICROSCOPY,2.6,2023-11-08,Influenza A virus (A/Moscow/10/1999(H3N2)) | Homo sapiens,Neuraminidase | Light chain of influenza virus neuraminidase antibody 1F04 | Heavy chain of influenza virus neuraminidase antibody 1F04,0,,,0.0,MAN NAG,False,False,False,False
virus,Neuraminidase N2,8EZ8,Structure of 3C08 Fab in complex with A/Moscow/10/1999 (H3N2) influenza virus neuraminidase,ELECTRON MICROSCOPY,2.78,2023-11-08,Influenza A virus (A/Moscow/10/1999(H3N2)) | Homo sapiens,Neuraminidase | Light chain of influenza virus neuraminidase antibody 3C08 | Heavy chain of influenza virus neuraminidase antibody 3C08,0,,,0.0,MAN NAG,False,False,False,False
virus,Neuraminidase N2,8G40,N2 neuraminidase of A/Hong_Kong/2671/2019 in complex with 3 FNI19 Fab molecules,ELECTRON MICROSCOPY,2.8,2023-05-31,Homo sapiens | Influenza A virus,FNI19 Fab light chain | FNI19 Fab heavy chain | Neuraminidase,0,,,0.0,CA,False,False,False,False
virus,Neuraminidase N2,8G3N,N2 neuraminidase of A/Tanzania/205/2010 H3N2 in complex with 4 FNI9 Fab molecules,ELECTRON MICROSCOPY,2.9,2023-05-31,Homo sapiens | Influenza A virus,FNI9 Fab light chain | FNI9 Fab heavy chain | Neuraminidase,0,,,0.0,CA,False,False,False,False
virus,Neuraminidase N2,8G3M,N2 neuraminidase of A/Tanzania/205/2010 H3N2 in complex with 3 FNI9 Fab molecules,ELECTRON MICROSCOPY,3.0,2023-05-31,Influenza A virus | Homo sapiens,Neuraminidase | FNI9 Fab heavy chain | FNI9 Fab light chain,0,,,0.0,CA,False,False,False,False
virus,Neuraminidase N2,8G30,N2 neuraminidase of A/Tanzania/205/2010 H3N2 in complex with 4 FNI19 Fab molecules,ELECTRON MICROSCOPY,3.1,2023-05-31,Influenza A virus | Homo sapiens,Neuraminidase | FNI19 Fab light chain | FNI19 Fab heavy chain,0,,,0.0,CA,False,False,False,False
virus,Neuraminidase N2,8G3O,N2 neuraminidase of A/Hong_Kong/2671/2019 in complex with 3 FNI9 Fab molecules,ELECTRON MICROSCOPY,3.1,2023-05-31,Influenza A virus | Homo sapiens,Neuraminidase | FNI9 Fab light chain | FNI9 Fab heavy chain,0,,,0.0,CA,False,False,False,False
virus,Nucleoprotein,9OTW,"Influenza A Virus Nucleoprotein(8-498)NP complex with 5-(4-{[(2R)-6,6-dimethyl-1,4-dioxan-2-yl]methoxy}phenyl)-2-oxo-6-(trifluoromethyl)-1,2-dihydropyridine-3-carboxamide (compound 13)",X-RAY DIFFRACTION,2.244,2025-08-06,Influenza A virus (A/(Puerto Rico/8/1934-Korea/426/1968)(H2N2)),Nucleoprotein,1,A1CEF,"5-(4-{[(2R)-6,6-dimethyl-1,4-dioxan-2-yl]methoxy}phenyl)-2-oxo-6-(trifluoromethyl)-1,2-dihydropyridine-3-carboxamide",426.386,MG,True,False,True,True
virus,Nucleoprotein,9OUG,"Influenza A Virus Nucleoprotein(8-498)NP complex with rac-5-(4-(((2R,6R)-6-(methoxymethyl)-6-methyl-1,4-dioxan-2-yl)methoxy)phenyl)-2-oxo-6-(trifluoromethyl)-1,2-dihydropyridine-3-carboxamide (Compound 20)",X-RAY DIFFRACTION,2.33,2025-08-06,Influenza A virus (A/(Puerto Rico/8/1934-Korea/426/1968)(H2N2)),Nucleoprotein,1,A1CEO,"5-(4-{[(2R,6S)-6-(methoxymethyl)-6-methyl-1,4-dioxan-2-yl]methoxy}phenyl)-2-oxo-6-(trifluoromethyl)-1,2-dihydropyridine-3-carboxamide",456.412,,True,False,True,True
virus,Nucleoprotein,4DYN,Crystal Structure of WSN/A Influenza Nucleoprotein with BMS-885838 Ligand Bound,X-RAY DIFFRACTION,2.4,2013-03-06,Influenza A virus,Nucleocapsid protein,1,0MR,"N-[4-chloranyl-5-[4-[[3-(2-methoxyphenyl)-5-methyl-1,2-oxazol-4-yl]carbonyl]piperazin-1-yl]-2-nitro-phenyl]pyridine-2-carboxamide",576.988,,True,False,True,True
virus,Nucleoprotein,3RO5,Crystal structure of influenza A virus nucleoprotein with ligand,X-RAY DIFFRACTION,2.66,2011-09-14,Influenza A virus,Nucleocapsid protein,1,LGH,"[4-(2-chloro-4-nitrophenyl)piperazin-1-yl][3-(2-methoxyphenyl)-5-methyl-1,2-oxazol-4-yl]methanone",456.879,,True,False,True,True
virus,Nucleoprotein,9OUC,"Influenza A Virus Nucleoprotein(8-498)NP complex with 5-(4-(morpholinomethyl)phenyl)-2-oxo-6-(trifluoromethyl)-1,2-dihydropyridine-3-carboxamide (Compound 3)",X-RAY DIFFRACTION,2.732,2025-08-06,Influenza A virus (A/(Puerto Rico/8/1934-Korea/426/1968)(H2N2)),Nucleoprotein,1,A1CEM,"5-{4-[(morpholin-4-yl)methyl]phenyl}-2-oxo-6-(trifluoromethyl)-1,2-dihydropyridine-3-carboxamide",381.349,MG,True,False,True,True
virus,Nucleoprotein,4DYA,Crystal Structure of WSN/A Influenza Nucleoprotein with BMS-885986 Ligand Bound,X-RAY DIFFRACTION,2.75,2013-03-06,Influenza A virus,Nucleocapsid protein,1,0MF,"N-[4-chloranyl-5-[4-[[3-(2-methoxyphenyl)-5-methyl-1,2-oxazol-4-yl]carbonyl]piperazin-1-yl]-2-nitro-phenyl]furan-2-carboxamide",565.962,,True,False,True,True
virus,Nucleoprotein,4DYB,Crystal Structure of WSN/A Influenza Nucleoprotein with BMS-883559 Ligand Bound,X-RAY DIFFRACTION,2.8,2013-03-06,Influenza A virus,Nucleocapsid protein,1,0MH,"N-[4-chloranyl-5-[4-[[3-(2-methoxyphenyl)-5-methyl-1,2-oxazol-4-yl]carbonyl]piperazin-1-yl]-2-nitro-phenyl]thiophene-2-carboxamide",582.027,,True,False,True,True
virus,Nucleoprotein,6J1U,influenza virus nucleoprotein with a specific inhibitor,X-RAY DIFFRACTION,2.8,2020-01-01,Influenza A virus (strain A/Wilson-Smith/1933 H1N1),Nucleoprotein,1,B7O,"~{N}-[4-[(4-~{tert}-butylphenyl)carbonylamino]phenyl]-2,3-dihydro-1,4-benzodioxine-6-carboxamide",430.496,,True,False,True,True
virus,Nucleoprotein,4DYP,Crystal Structure of WSN/A Influenza Nucleoprotein with BMS-831780 Ligand Bound,X-RAY DIFFRACTION,2.82,2013-03-06,Influenza A virus,Nucleocapsid protein,1,0MS,"[4-(5-bromanyl-3-methyl-pyridin-2-yl)piperazin-1-yl]-[3-(2-chlorophenyl)-5-methyl-1,2-oxazol-4-yl]methanone",475.766,,True,False,True,True
virus,Nucleoprotein,5B7B,Crystal structure of Nucleoprotein-nucleozin complex,X-RAY DIFFRACTION,3.0,2016-07-06,Influenza A virus (A/Wilson-Smith/1933(H1N1)),Nucleoprotein,1,NUZ,"[4-(2-chloro-4-nitrophenyl)piperazin-1-yl](5-methyl-3-phenyl-1,2-oxazol-4-yl)methanone",426.853,,True,False,True,True
virus,Nucleoprotein,3TG6,Crystal Structure of Influenza A Virus nucleoprotein with Ligand,X-RAY DIFFRACTION,3.0,2012-08-29,Influenza A virus,Nucleocapsid protein,1,0MM,"[4-(2-chloro-4-nitrophenyl)piperazin-1-yl][3-(2-chloropyridin-3-yl)-5-methyl-1,2-oxazol-4-yl]methanone",462.286,,True,False,True,True
virus,Nucleoprotein,9GAV,Focused reconstruction on strand 1 of the influenza A RNP-like particle double-stranded assembled with a 18-mer RNA.,ELECTRON MICROSCOPY,3.04,2025-01-15,synthetic construct | Influenza A virus,RNA (5'-P(UC)9-FAM3') | Nucleoprotein,1,A1IJK,"2-[3,6-bis(oxidanylidene)-4,5-dihydroxanthen-9-yl]-4-[3-[(2R)-2-oxidanylpropoxy]propylcarbamoyl]benzoic acid",493.505,,False,False,True,True
virus,Nucleoprotein,9GAS,Focused reconstruction on strand 2 of the influenza A RNP-like particle double-stranded assembled with a 18-mer RNA.,ELECTRON MICROSCOPY,3.08,2025-01-15,Influenza A virus | synthetic construct,Nucleoprotein | RNA (5'-P(UC)9-FAM3'),1,A1IJK,"2-[3,6-bis(oxidanylidene)-4,5-dihydroxanthen-9-yl]-4-[3-[(2R)-2-oxidanylpropoxy]propylcarbamoyl]benzoic acid",493.505,,False,False,True,True
virus,Nucleoprotein,9GAT,CryoEM structure of the antiparallel double-stranded influenza A RNP-like particle with a 18-mer RNA.,ELECTRON MICROSCOPY,3.2,2025-01-15,synthetic construct | Influenza A virus,RNA (5'-P(UC)9-FAM3') | Nucleoprotein,1,A1IJK,"2-[3,6-bis(oxidanylidene)-4,5-dihydroxanthen-9-yl]-4-[3-[(2R)-2-oxidanylpropoxy]propylcarbamoyl]benzoic acid",493.505,,False,False,True,True
virus,Nucleoprotein,9GAN,CryoEM structure of influenza A RNP-like particle single-stranded assembled with a 12-mer RNA.,ELECTRON MICROSCOPY,3.32,2025-01-15,Influenza A virus | synthetic construct,Nucleoprotein | RNA (5'-P(UC)6-FAM3'),1,A1IJK,"2-[3,6-bis(oxidanylidene)-4,5-dihydroxanthen-9-yl]-4-[3-[(2R)-2-oxidanylpropoxy]propylcarbamoyl]benzoic acid",493.505,,False,False,True,True
virus,Nucleoprotein,9GAP,CryoEM structure of influenza A RNP-like particle double-stranded assembled with a 12-mer RNA.,ELECTRON MICROSCOPY,4.0,2025-01-15,Influenza A virus | synthetic construct,Nucleoprotein | RNA (5'-P(UC)6-FAM3'),1,A1IJK,"2-[3,6-bis(oxidanylidene)-4,5-dihydroxanthen-9-yl]-4-[3-[(2R)-2-oxidanylpropoxy]propylcarbamoyl]benzoic acid",493.505,,False,False,True,True
virus,Nucleoprotein,5NQ0,"Porcine (Sus scrofa) Major Histocompatibility Complex, class I, presenting DFEREGYSL",X-RAY DIFFRACTION,1.1,2018-04-25,Sus scrofa | unidentified influenza virus,MHC class I antigen | Beta-2-microglobulin | ASP-PHE-GLU-ARG-GLU-GLY-TYR-SER-LEU,0,,,0.0,EDO GOL SO4,True,False,False,False
virus,Nucleoprotein,8ROO,"Crystal structure of HLA B*18:01 in complex with YERMCNIL, an 8-mer epitope from Influenza A",X-RAY DIFFRACTION,1.4,2024-05-08,Homo sapiens | Influenza A virus (A/X-31(H3N2)),MHC class I antigen | Influenza A derived peptide/Nucleoprotein | Beta-2-microglobulin,0,,,0.0,EDO K MG NO3 SO4,True,False,False,False
virus,Nucleoprotein,6J2A,The structure of HLA-A*3003/NP44,X-RAY DIFFRACTION,1.4,2019-09-25,Influenza A virus | Homo sapiens,NP44 | Beta-2-microglobulin | HLA-A*3003,0,,,0.0,,True,False,False,False
virus,Nucleoprotein,5NPZ,"Porcine (Sus scrofa) Major Histocompatibility Complex, class I, presenting EFEDLTFLA",X-RAY DIFFRACTION,1.43,2018-05-02,unidentified influenza virus | Sus scrofa,GLU-PHE-GLU-ASP-LEU-THR-PHE-LEU-ALA | Beta-2-microglobulin | MHC class I antigen,0,,,0.0,EDO GOL PEG,True,False,False,False
virus,Nucleoprotein,7JYV,"Crystal Structure of HLA A*2402 in complex with YFSPIRVTF, an 9-mer influenza epitope",X-RAY DIFFRACTION,1.51,2021-04-14,Influenza B virus | Homo sapiens,"NP peptide from influenza, YFSPIRVTF | Beta-2-microglobulin | MHC class I antigen",0,,,0.0,MG,True,False,False,False
virus,Nucleoprotein,5NQ2,"'Porcine (Sus scrofa) Major Histocompatibility Complex, class I, presenting IAYERMCNI",X-RAY DIFFRACTION,1.54,2018-04-25,Sus scrofa | unidentified influenza virus,MHC class I antigen | Beta-2-microglobulin | ILE-ALA-TYR-GLU-ARG-MET-CYS-ASN-ILE,0,,,0.0,CA EDO,True,False,False,False
virus,Nucleoprotein,5NQ3,"'Porcine (Sus scrofa) Major Histocompatibility Complex, class I, with human beta2 micro globulin, presenting EFEDLTFLA",X-RAY DIFFRACTION,1.57,2018-04-25,unidentified influenza virus | Homo sapiens | Sus scrofa,GLU-PHE-GLU-ASP-LEU-THR-PHE-LEU-ALA | Beta-2-microglobulin | MHC class I antigen,0,,,0.0,EDO GOL SO4,True,False,False,False
virus,Nucleoprotein,8EMI,Crystal structure of a HLA-B*35:01-NP8 epitope from 2005 H1N1 influenza strain,X-RAY DIFFRACTION,1.57301511861,2024-03-27,Influenza A virus (strain A/2005/H1N1) | Homo sapiens,Nucleoprotein NP8 epitope | Beta-2-microglobulin | MHC class I antigen,0,,,0.0,ACT,True,False,False,False
virus,Nucleoprotein,8EMK,Crystal structure of HLA-B*35:01-NP3 epitope from 1957 H2N2 influenza strain,X-RAY DIFFRACTION,1.66523002948,2024-03-27,Influenza A virus (strain A/Singapore/1/1957 H2N2) | Homo sapiens,Nucleoprotein NP3 epitope | Beta-2-microglobulin | MHC class I antigen,0,,,0.0,NA,True,False,False,False
virus,Nucleoprotein,5GJY,Crystal structure of DUCK MHC CLASS I for 1.71 angstrom,X-RAY DIFFRACTION,1.71,2017-05-10,unidentified influenza virus | Anas platyrhynchos,MET-VAL-MET-GLU-LEU-ILE-ARG-MET-ILE | Beta-2-microglobulin | MHC class I antigen,0,,,0.0,,True,False,False,False
virus,Nucleoprotein,8EMJ,Crystal structure of HLA-B*35:01-NP9 epitope from 2006 H1N1 influenza strain,X-RAY DIFFRACTION,1.75002880736,2024-03-27,Homo sapiens | Influenza A virus (strain A/2006/H1N1),MHC class I antigen | Nucleoprotein NP9 epitope | Beta-2-microglobulin,0,,,0.0,,True,False,False,False
virus,Nucleoprotein,8EMF,Crystal structure of a HLA-B*35:01-NP6 epitope from 1977 H1N1 influenza strain,X-RAY DIFFRACTION,1.80482421415,2024-03-27,Influenza A virus (strain A/1977/H1N1) | Homo sapiens,Nucleoprotein NP6 epitope | Beta-2-microglobulin | MHC class I antigen,0,,,0.0,,True,False,False,False
virus,Nucleoprotein,8EMG,Crystal structure of a HLA-B*35:01-NP7 epitope from 2002 H2N1 influenza strain,X-RAY DIFFRACTION,1.83001273614,2024-03-27,Influenza A virus (strain A/2002/H2N1) | Homo sapiens,Nucleoprotein NP7 epitope | Beta-2-microglobulin | MHC class I antigen,0,,,0.0,ACT,True,False,False,False
virus,Nucleoprotein,6PBH,"Crystal Structure of HLA-A*68:01 in complex with NP145-156, a 12 mer influenza peptide",X-RAY DIFFRACTION,1.89,2019-12-11,unidentified influenza virus | Homo sapiens,"influenza A NP145-156 peptide | Beta-2-microglobulin | HLA class I histocompatibility antigen, A-68 alpha chain",0,,,0.0,IOD MG SO4,True,False,False,False
virus,Nucleoprotein,9NV2,Crystal structure of NP207 TCR in complex with NP366-H-2Db,X-RAY DIFFRACTION,1.95,2026-07-29,Mus musculus | Influenza A virus,"Beta-2-microglobulin | Nucleoprotein peptide | H-2 class I histocompatibility antigen, D-B alpha chain | NP207 TCR beta-chain | NP207 TCR alpha-chain",0,,,0.0,CL EDO NAG,True,False,False,False
virus,Nucleoprotein,7UC5,"Crystal Structure of HLA A*0301 in complex with ILRGSVAHK, a 9-mer epitope from Influenza A",X-RAY DIFFRACTION,1.95,2022-10-12,Influenza A virus | Homo sapiens,"Nucleoprotein peptide | Beta-2-microglobulin | HLA class I histocompatibility antigen, A alpha chain",0,,,0.0,SO4,True,False,False,False
virus,Nucleoprotein,7NUI,Crystal structure of HLA-B*08:01 in complex with ELRSRYWAI viral peptide,X-RAY DIFFRACTION,2.0,2021-04-14,Influenza A virus | Homo sapiens,GLU-LEU-ARG-SER-ARG-TYR-TRP-ALA-ILE | Beta-2-microglobulin | HLA-B*08:01 heavy chain,0,,,0.0,EDO PEG,True,False,False,False
virus,Nucleoprotein,4HUU,Crystal Structure of H2Db-NPM6I,X-RAY DIFFRACTION,2.0,2013-02-27,Mus musculus,"H-2 class I histocompatibility antigen, D-B alpha chain | Beta-2-microglobulin | NPM6I variant peptide",0,,,0.0,ACT,True,False,False,False
virus,Nucleoprotein,4HV8,Crystal Structure of H2Db-H155A-NPM6I,X-RAY DIFFRACTION,2.0,2013-02-27,Mus musculus,"H-2 class I histocompatibility antigen, D-B alpha chain | Beta-2-microglobulin | NPM6I variant peptide",0,,,0.0,SO4,True,False,False,False
virus,Nucleoprotein,4NQX,"Crystal Structure of HLA A*0101 in complex with NP44-S7N, an 9-mer influenza epitope",X-RAY DIFFRACTION,2.0,2013-12-25,H7N9 subtype | Homo sapiens,"NP44-S7N mutant peptide, CTELKLNDY | Beta-2-microglobulin | HLA class I histocompatibility antigen, A-1 alpha chain",0,,,0.0,,True,False,False,False
virus,Nucleoprotein,8VQ8,Immune receptor complex,X-RAY DIFFRACTION,2.01,2025-01-29,Influenza A virus | Mus musculus,"Nucleoprotein,H-2 class II histocompatibility antigen, A beta chain | H-2 class II histocompatibility antigen, A-B alpha chain | T cell receptor - LCK1-1 TRBV1 Beta chain | T cell receptor - LCK1-1 TRAV6-5 alpha chain",0,,,0.0,EDO NAG,True,False,False,False
virus,Nucleoprotein,5GJX,Crystal structure of DUCK MHC I for 2.06 angstrom,X-RAY DIFFRACTION,2.06,2017-05-10,unidentified influenza virus | Anas platyrhynchos,ARG-LEU-ILE-GLN-ASN-SER-ILE-THR-ILE | Beta-2-microglobulin | MHC class I antigen,0,,,0.0,,True,False,False,False
virus,Nucleoprotein,7S8Q,"Crystal Structure of HLA A*1101 in complex with KTNGNAFIGK, an 10-mer epitope from Influenza B",X-RAY DIFFRACTION,2.08,2022-02-23,Homo sapiens | Influenza B virus,"HLA class I histocompatibility antigen, A alpha chain | Beta-2-microglobulin | Nucleoprotein peptide KTNGNAFIGK",0,,,0.0,,True,False,False,False
virus,Nucleoprotein,9NVE,Crystal structure of NP203 TCR in complex with NP366-H-2Db,X-RAY DIFFRACTION,2.1,2026-07-29,Influenza A virus | Mus musculus,"Nucleoprotein peptide | Beta-2-microglobulin | H-2 class I histocompatibility antigen, D-B alpha chain | NP203 TCR beta-chain | NP203 TCR alpha-chain",0,,,0.0,CL EDO NAG,True,False,False,False
virus,Nucleoprotein,2BST,Crystal structures and KIR3DL1 recognition of three immunodominant viral peptides complexed to HLA-B2705,X-RAY DIFFRACTION,2.1,2005-05-24,HOMO SAPIENS | INFLUENZA A VIRUS,"HLA CLASS I HISTOCOMPATIBILITY ANTIGEN, B-27 ALPHA CHAIN PRECURSOR | BETA-2-MICROGLOBULIN | INFLUENZA NUCLEOPROTEIN",0,,,0.0,,True,False,False,False
virus,Nucleoprotein,5NQ1,"Porcine (Sus scrofa) Major Histocompatibility Complex, class I, with human beta2 micro globulin, presenting DFEREGYSL",X-RAY DIFFRACTION,2.14,2018-04-25,unidentified influenza virus | Homo sapiens | Sus scrofa,ASP-PHE-GLU-ARG-GLU-GLY-TYR-SER-LEU | Beta-2-microglobulin | MHC class I antigen,0,,,0.0,EDO GOL SO4,True,False,False,False
virus,Nucleoprotein,5V5P,Structure of NLS2R of influenza A virus nucleoprotein bound to importin alpha,X-RAY DIFFRACTION,2.15,2018-03-14,Influenza A virus (A/swine/Bakum/5/95(H1N1)) | Mus musculus,Nucleoprotein | Importin subunit alpha-1,0,,,0.0,,True,False,False,False
virus,Nucleoprotein,9NV6,Crystal structure of NP101 TCR in complex with NP366-H-2Db,X-RAY DIFFRACTION,2.18,2026-07-29,Mus musculus | Influenza A virus,"NP101 TCR alpha-chain | NP101 TCR beta-chain | H-2 class I histocompatibility antigen, D-B alpha chain | Beta-2-microglobulin | Nucleoprotein peptide",0,,,0.0,IOD NAG,True,False,False,False
virus,Nucleoprotein,2JDQ,C-terminal domain of influenza A virus polymerase PB2 subunit in complex with human importin alpha5,X-RAY DIFFRACTION,2.2,2007-02-27,INFLUENZA A VIRUS | HOMO SAPIENS,POLYMERASE BASIC PROTEIN 2 | IMPORTIN ALPHA-1 SUBUNIT,0,,,0.0,,True,False,False,False
virus,Nucleoprotein,7MLE,"Crystal Structure of HLA-A*03:01 in complex with VVRPSVASK, an 9-mer epitope from Influenza B virus",X-RAY DIFFRACTION,2.2,2022-04-06,Homo sapiens | Influenza B virus,"HLA class I histocompatibility antigen, A alpha chain | Beta-2-microglobulin | Nucleoprotein peptide",0,,,0.0,SO4,True,False,False,False
virus,Nucleoprotein,4HUX,Crystal Structure of H2Db-H155A-NP,X-RAY DIFFRACTION,2.2,2013-02-27,Mus musculus,"H-2 class I histocompatibility antigen, D-B alpha chain | Beta-2-microglobulin | NP peptide",0,,,0.0,ACT GOL,True,False,False,False
virus,Nucleoprotein,8TUH,HLA B7:02 with RPIIRPATL,X-RAY DIFFRACTION,2.20010596362,2024-03-13,Homo sapiens | Influenza B virus,"HLA class I histocompatibility antigen, B-7 alpha chain | Beta-2-microglobulin | ARG-PRO-ILE-ILE-ARG-PRO-ALA-THR-LEU",0,,,0.0,EDO,True,False,False,False
virus,Nucleoprotein,7NT8,Influenza virus H3N2 nucleoprotein - R416A mutant,X-RAY DIFFRACTION,2.22,2021-07-07,Schistosoma japonicum | Influenza A virus (A/Northern Territory/60/1968(H3N2)),"Glutathione S-transferase class-mu 26 kDa isozyme,Nucleoprotein",0,,,0.0,,True,False,False,False
virus,Nucleoprotein,5V5O,Structure of NLS2K of influenza A virus nucleoprotein bound to importin alpha,X-RAY DIFFRACTION,2.243,2018-03-14,Influenza A virus | Mus musculus,Nucleoprotein | Importin subunit alpha-1,0,,,0.0,,True,False,False,False
virus,Nucleoprotein,7DXP,Influenza H5N1 nucleoprotein in complex with nucleotides,X-RAY DIFFRACTION,2.3,2021-04-14,unidentified influenza virus | Influenza A virus (A/Hong Kong/483/1997(H5N1)),RNA (5'-R(P*(OMU)P*(OMU)P*(OMU)P*(OMU))-3') | Nucleoprotein,0,,,0.0,EDO,True,False,False,False
virus,Nucleoprotein,4ZDU,Crystal structure of importin-alpha bound to a non-classical nuclear localization signal of the influenza A virus nucleoprotein,X-RAY DIFFRACTION,2.3,2015-10-21,Influenza A virus (A/Puerto Rico/8/1934(H1N1)) | Mus musculus,Peptide from Nucleoprotein | Importin subunit alpha-1,0,,,0.0,,True,False,False,False
virus,Nucleoprotein,6J2I,Crystal structure of bat (Pteropus Alecto) MHC class I Ptal-N*01:01 in complex with H17N10 influenza-like virus-derivrd peptide H17N10-NP,X-RAY DIFFRACTION,2.3,2019-09-18,Pteropus alecto | H17N10 subtype | Homo sapiens,Ptal-N*01:01 | H17N10-NP | Beta-2-microglobulin,0,,,0.0,,True,False,False,False
virus,Nucleoprotein,8EO8,Cross-reactive 3180 TCR recognition of HLA-B*35:01-NP8 epitope from 2005 H1N1 influenza strain,X-RAY DIFFRACTION,2.30000092477,2024-03-27,Influenza A virus | Homo sapiens,Nucleoprotein NP8 epitope | 3180 beta chain | 3180 alpha chain | Beta-2-microglobulin | MHC class I antigen,0,,,0.0,,True,False,False,False
virus,Nucleoprotein,4NQV,"Crystal Structure of HLA A*0101 in complex with NP44, an 9-mer influenza epitope",X-RAY DIFFRACTION,2.39,2013-12-25,Homo sapiens | H7N9 subtype,"HLA class I histocompatibility antigen, A-1 alpha chain | Nucleoprotein | Beta-2-microglobulin",0,,,0.0,,True,False,False,False
virus,Nucleoprotein,5N2U,Influenza D virus nucleoprotein,X-RAY DIFFRACTION,2.4,2018-02-28,Influenza D virus (D/bovine/France/2986/2012),Nucleoprotein,0,,,0.0,,True,False,False,False
virus,Nucleoprotein,1HOC,THE THREE-DIMENSIONAL STRUCTURE OF H-2DB AT 2.4 ANGSTROMS RESOLUTION: IMPLICATIONS FOR ANTIGEN-DETERMINANT SELECTION,X-RAY DIFFRACTION,2.4,1994-04-30,Mus musculus | Influenza A virus (A/swine/Hong Kong/126/82(H3N2)),CLASS I HISTOCOMPATIBILITY ANTIGEN (H2-DB) (ALPHA CHAIN) | BETA 2-MICROGLOBULIN | 9-RESIDUE PEPTIDE,0,,,0.0,,True,False,False,False
virus,Nucleoprotein,8TUB,HLA B7:02 with HPNGYKSLSTL,X-RAY DIFFRACTION,2.4,2024-03-13,Homo sapiens | Influenza B virus,"Beta-2-microglobulin | HLA class I histocompatibility antigen, B-7 alpha chain | HIS-PRO-ASN-GLY-TYR-LYS-SER-LEU-SER-THR-LEU",0,,,0.0,EDO PEG,True,False,False,False
virus,Nucleoprotein,4MJ5,"Crystal Structure of HLA-A*1101 in complex with H1-22, an influenza A(H1N1) virus epitope",X-RAY DIFFRACTION,2.401,2014-10-08,Influenza A virus | Homo sapiens,"Nucleocapsid protein | Beta-2-microglobulin | HLA class I histocompatibility antigen, A-11 alpha chain",0,,,0.0,,True,False,False,False
virus,Nucleoprotein,9BJL,Crystal structure of Influenza D virus Nucleoprotein (Oklahoma),X-RAY DIFFRACTION,2.43,2024-05-08,Influenza D virus,Nucleoprotein,0,,,0.0,CL,True,False,False,False
virus,Nucleoprotein,9XJD,the structure of HLA*1101 complex with peptide from H5N1 NP342-351 RVSSFIRGTR,X-RAY DIFFRACTION,2.5,2026-07-15,Influenza A virus (A/Texas/37/2024(H5N1)) | Homo sapiens,Nucleoprotein | MHC class I antigen | Beta-2-microglobulin,0,,,0.0,,True,False,False,False
virus,Nucleoprotein,4HUV,Crystal Structure of H2Db-NPM6W,X-RAY DIFFRACTION,2.5,2013-02-27,Mus musculus | synthetic construct,"H-2 class I histocompatibility antigen, D-B alpha chain | Beta-2-microglobulin | NPM6W variant peptide",0,,,0.0,SO4,True,False,False,False
virus,Nucleoprotein,8ENH,Cross-reactive 3180 TCR recognition of HLA-B*35:01-NP7 epitope from 2002 H3N2 influenza strain,X-RAY DIFFRACTION,2.50003195312,2024-03-27,Homo sapiens | Influenza A virus (strain A/2002/H3N2),3180 TCR alpha chain | Nucleoprotein NP7 epitope | Beta-2-microglobulin | MHC class I antigen,0,,,0.0,,True,False,False,False
virus,Nucleoprotein,2X4S,Crystal structure of MHC CLass I HLA-A2.1 bound to a peptide representing the epitope of the H5N1 (Avian Flu) Nucleoprotein,X-RAY DIFFRACTION,2.55,2010-03-02,HOMO SAPIENS | INFLUENZA VIRUS TYPE A,"HLA CLASS I HISTOCOMPATIBILITY ANTIGEN, A-2.1 | H5N1 INFLUENZA A NUCLEOPROTEIN | BETA-2-MICROGLOBULIN",0,,,0.0,GOL MES,True,False,False,False
virus,Nucleoprotein,4MJ6,"Crystal Structure of HLA-A*1101 in complex with H7-22, an influenza A(H7N9) virus epitope",X-RAY DIFFRACTION,2.57,2014-10-08,Influenza A virus | Homo sapiens,"Nucleoprotein | Beta-2-microglobulin | HLA class I histocompatibility antigen, A-11 alpha chain",0,,,0.0,,True,False,False,False
virus,Nucleoprotein,9XMR,the structure of HLA*1101 complex with peptide from H1N1 NP342-351 RVSSFIRGKK,X-RAY DIFFRACTION,2.6,2026-07-15,Homo sapiens | Influenza A virus (A/California/07/2009 (H1N1)),Beta-2-microglobulin | Nucleoprotein | MHC class I antigen,0,,,0.0,,True,False,False,False
virus,Nucleoprotein,2FWO,MHC Class I H-2Kd heavy chain in complex with beta-2microglobulin and peptide derived from influenza nucleoprotein,X-RAY DIFFRACTION,2.6,2006-02-21,Mus musculus,"TYQRTRALV peptide from Nucleoprotein | Beta-2-microglobulin | H-2 class I histocompatibility antigen, K-D alpha chain",0,,,0.0,,True,False,False,False
virus,Nucleoprotein,5SWZ,Crystal Structure of NP1-B17 TCR-H2Db-NP complex,X-RAY DIFFRACTION,2.65,2016-10-05,Mus musculus | unidentified influenza virus,"H-2 class I histocompatibility antigen, D-B alpha chain | Beta-2-microglobulin | influenza NP366 epitope | NP1-B17 TCR alpha chain | NP1-B17 TCR beta chain",0,,,0.0,NA SO4,True,False,False,False
virus,Nucleoprotein,8V50,Crystal structure of a HLA-B*35:01-NP6 with D1 TCR,X-RAY DIFFRACTION,2.6500177696,2024-12-18,Homo sapiens | Influenza A virus,D1 TCR beta chain | D1 TCR alpha chain | NP6 epitope H1N1 | Beta-2-microglobulin | HLA-B35,0,,,0.0,,True,False,False,False
virus,Nucleoprotein,3ZDP,R416A Monomeric nucleoprotein of influenza A virus,X-RAY DIFFRACTION,2.69,2013-04-17,INFLUENZA A VIRUS,NUCLEOCAPSID PROTEIN,0,,,0.0,K,True,False,False,False
virus,Nucleoprotein,8EN8,Cross-reactive 3180 TCR recognition of HLA-B*35:01-NP4 epitope from 1972 influenza strain,X-RAY DIFFRACTION,2.70001191123,2024-03-27,Homo sapiens | Influenza A virus (strain A/Memphis/101/1972 H3N2),3180 TCR beta chain | 3180 TCR alpha chain | Nucleoprotein NP4 epitope | Beta-2-microglobulin | MHC class I antigen,0,,,0.0,,True,False,False,False
virus,Nucleoprotein,7JYU,"Crystal Structure of HLA-A*2402 in complex with IYFSPIRVTF, an 10-mer epitope from Influenza B virus",X-RAY DIFFRACTION,2.75,2021-04-14,Influenza A virus | Homo sapiens,"NP-164-173 peptide from influenza B, IYFSPIRVTF | Beta-2-microglobulin | MHC class I antigen",0,,,0.0,MG,True,False,False,False
virus,Nucleoprotein,9NVA,Crystal structure of NP105 TCR in complex with NP366-H-2Db,X-RAY DIFFRACTION,2.78,2026-07-29,Mus musculus | Influenza A virus,"NP105 TCR beta-chain | Beta-2-microglobulin | Nucleoprotein peptide | H-2 class I histocompatibility antigen, D-B alpha chain | NP105 TCR alpha-chain",0,,,0.0,CL GOL NAG,True,False,False,False
virus,Nucleoprotein,4IRY,Influenza A virus tail-loop free nucleoprotein at 2.8 A resolution,X-RAY DIFFRACTION,2.8,2013-02-13,Influenza A virus,Nucleocapsid protein,0,,,0.0,,True,False,False,False
virus,Nucleoprotein,4DYS,Crystal Structure of Apo Swine Flu Influenza Nucleoprotein,X-RAY DIFFRACTION,2.8,2013-03-06,Influenza A virus,Nucleocapsid protein,0,,,0.0,,True,False,False,False
virus,Nucleoprotein,5SWS,Crystal Structure of NP2-B17 TCR-H2Db-NP complex,X-RAY DIFFRACTION,2.86,2016-10-05,Mus musculus | unidentified influenza virus,"H-2 class I histocompatibility antigen, D-B alpha chain | Beta-2-microglobulin | NP1-B17 TCR beta chain | NP1-B17 TCR alpha chain | influenza NP366 epitope",0,,,0.0,,True,False,False,False
virus,Nucleoprotein,8TWP,"Influenza A virus (A/Aichi/2/1968(H3N2) nucleoprotein mutant - 2-7 deleted, R416A",X-RAY DIFFRACTION,2.9,2024-07-03,Influenza A virus (A/Aichi/2/1968(H3N2)),Nucleoprotein,0,,,0.0,,True,False,False,False
virus,Nucleoprotein,9AUD,Immune receptor complex,X-RAY DIFFRACTION,2.9,2025-02-05,Mus musculus | Influenza A virus H3N2,"NPLCK1-2 TCR TRBV1 Beta chain | NPLCK1-2_TCR TRAV6-5 alpha chain | Nucleoprotein,H-2 class II histocompatibility antigen, A beta chain | H-2 class II histocompatibility antigen, A-B alpha chain",0,,,0.0,EDO NAG,True,False,False,False
virus,Nucleoprotein,7DKG,Influenza H5N1 nucleoprotein (truncated) in complex with nucleotides,X-RAY DIFFRACTION,3.0,2021-04-14,unidentified influenza virus | Influenza A virus (A/Chicken/Hong Kong/786/97 (H5N1)),RNA (5'-R(P*(OMU)P*(OMU)P*(OMU))-3') | Nucleoprotein,0,,,0.0,,True,False,False,False
virus,Nucleoprotein,4DYT,"Crystal Structure of WSN/A Influenza Nucleoprotein with Three Mutations (E53D, Y289H, Y313V)",X-RAY DIFFRACTION,3.0,2013-03-06,Influenza A virus,Nucleocapsid protein,0,,,0.0,,True,False,False,False
virus,Nucleoprotein,7JWI,Crystal structure of B17.R2 TCR in complex with H2D-b-NP366,X-RAY DIFFRACTION,3.02,2021-07-07,Mus musculus | Influenza A virus | Homo sapiens,"B17.R2 TCR alpha chain | B17.R2 TCR beta chain | Nucleoprotein | Beta-2-microglobulin | H-2 class I histocompatibility antigen, D-B alpha chain",0,,,0.0,EDO,True,False,False,False
virus,Nucleoprotein,8TWR,"Influenza A virus (A/Aichi/2/1968(H3N2) nucleoprotein mutant - 2-7 deleted, P283S, R416A",X-RAY DIFFRACTION,3.09,2024-07-03,Influenza A virus (A/Aichi/2/1968(H3N2)),Nucleoprotein,0,,,0.0,NA,True,False,False,False
virus,Nucleoprotein,4HUW,Crystal Structure of H2Db-NPM6T,X-RAY DIFFRACTION,3.16,2013-02-27,Mus musculus,"H-2 class I histocompatibility antigen, D-B alpha chain | Beta-2-microglobulin | NPM6T variant peptide",0,,,0.0,SO4,True,False,False,False
virus,Nucleoprotein,2IQH,Influenza A virus nucleoprotein NP at 3.2A resolution,X-RAY DIFFRACTION,3.2,2006-12-26,Influenza A virus (A/Wilson-Smith/1933(H1N1)),Nucleocapsid protein,0,,,0.0,,True,False,False,False
virus,Nucleoprotein,5TJW,Influenza A virus Nucleoprotein in Complex with Inhibitory Nanobody,X-RAY DIFFRACTION,3.231,2016-12-21,Vicugna pacos | Influenza A virus (A/WSN/1933(H1N1)),NP-specific inhibitory VHH | Nucleoprotein,0,,,0.0,,True,False,False,False
virus,Nucleoprotein,3TJ0,Crystal Structure of Influenza B Virus Nucleoprotein,X-RAY DIFFRACTION,3.233,2012-06-20,Influenza B virus,Nucleoprotein,0,,,0.0,,True,False,False,False
virus,Nucleoprotein,7JWJ,Crystal Structure of B17-C1 TCR-H2Db,X-RAY DIFFRACTION,3.251,2021-07-07,Mus musculus | Influenza A virus,"B17.C1 TCR alpha chain | B17.C1 TCR beta chain | Nucleoprotein | Beta-2-microglobulin | H-2 class I histocompatibility antigen, D-B alpha chain",0,,,0.0,,True,False,False,False
virus,Nucleoprotein,2Q06,Crystal structure of Influenza A Virus H5N1 Nucleoprotein,X-RAY DIFFRACTION,3.3,2008-05-27,Influenza A virus,Nucleoprotein,0,,,0.0,,True,False,False,False
virus,Nucleoprotein,9NU7,Crystal structure of NP202 TCR in complex with NP366-H-2Db,X-RAY DIFFRACTION,3.6,2026-07-29,Mus musculus | Influenza A virus,"Beta-2-microglobulin | Nucleoprotein peptide | H-2 class I histocompatibility antigen, D-B alpha chain | NP202 TCR beta-chain | NP202 TCR alpha-chain",0,,,0.0,NAG,True,False,False,False
virus,Nucleoprotein,9NW2,Crystal structure of NP204 TCR in complex with NP366-H-2Db,X-RAY DIFFRACTION,4.44,2026-07-29,Mus musculus | Influenza A virus,"Beta-2-microglobulin | Nucleoprotein peptide | H-2 class I histocompatibility antigen, D-B alpha chain | NP204 TCR beta-chain | NP204 TCR alpha-chain",0,,,0.0,,True,False,False,False
virus,Nucleoprotein,9V44,Coupling of polymerase-nucleoprotein-RNA in an influenza virus mini ribonucleoprotein complex,ELECTRON MICROSCOPY,2.97,2025-10-08,Influenza A virus (A/Victoria/3/1975(H3N2)),RNA (5'-R(P*AP*GP*UP*AP*GP*AP*AP*AP*CP*AP*AP*GP*GP*GP*UP*GP*UP*UP*UP*UP*UP*UP*AP*U)-3') | RNA (5'-R(P*UP*UP*UP*GP*UP*CP*AP*CP*CP*CP*UP*GP*CP*U)-3') | Nucleoprotein | Polymerase basic protein 2 | RNA-directed RNA polymerase catalytic subunit | Polymerase acidic protein,0,,,0.0,,False,False,False,False
virus,Nucleoprotein,9GAQ,CryoEM structure of influenza A RNP-like particle double-stranded assembled with a 14-mer RNA.,ELECTRON MICROSCOPY,3.6,2025-01-15,Influenza A virus | synthetic construct,Nucleoprotein | RNA (5'-P(UC)7-FAM3'),0,,,0.0,,False,False,False,False
virus,Nucleoprotein,9V46,Coupling of polymerase-nucleoprotein-RNA in an influenza virus mini ribonucleoprotein complex,ELECTRON MICROSCOPY,3.62,2025-10-08,Influenza A virus (A/Victoria/3/1975(H3N2)),RNA (5'-R(P*AP*GP*UP*AP*GP*AP*AP*AP*CP*AP*AP*GP*GP*GP*UP*G)-3') | RNA (5'-R(P*CP*AP*CP*CP*CP*UP*GP*CP*U)-3') | Polymerase basic protein 2 | RNA-directed RNA polymerase catalytic subunit | Polymerase acidic protein,0,,,0.0,,False,False,False,False
virus,Nucleoprotein,31JO,cryoEM structure of influenza B RNP-like particle with NPdel68,ELECTRON MICROSCOPY,4.1,2026-08-05,synthetic RNA | Influenza B virus (B/Memphis/13/2003),synthetic RNA | Nucleoprotein,0,,,0.0,,False,False,False,False
virus,Nucleoprotein,9V47,Coupling of polymerase-nucleoprotein-RNA in an influenza virus mini ribonucleoprotein complex,ELECTRON MICROSCOPY,4.52,2025-10-08,Influenza A virus (A/Victoria/3/1975(H3N2)),RNA (5'-R(P*AP*AP*AP*AP*AP*AP*AP*AP*AP*A)-3') | Nucleoprotein,0,,,0.0,,False,False,False,False
virus,Nucleoprotein,9V48,Coupling of polymerase-nucleoprotein-RNA in an influenza virus mini ribonucleoprotein complex,ELECTRON MICROSCOPY,4.75,2025-10-08,Influenza A virus (A/Victoria/3/1975(H3N2)),RNA (5'-R(P*AP*GP*UP*AP*GP*AP*AP*AP*CP*AP*AP*GP*GP*GP*UP*GP*UP*UP*UP*UP*UP*UP*AP*U)-3') | RNA (5'-R(P*UP*CP*UP*UP*UP*GP*UP*CP*AP*CP*CP*CP*UP*GP*CP*U)-3') | Nucleoprotein,0,,,0.0,,False,False,False,False
virus,Nucleoprotein,8PZQ,Model for focused reconstruction of influenza A RNP-like particle,ELECTRON MICROSCOPY,5.3,2023-12-27,synthetic construct | Influenza A virus,RNA (5'P-(UC)6-FAM3') | Nucleoprotein,0,,,0.0,,False,False,False,False
virus,Nucleoprotein,9BX1,"Structure of influenza A RNP, 4xNP local reconstruction, class 5",ELECTRON MICROSCOPY,8.0,2025-05-14,Influenza A virus,viral RNA | Nucleoprotein,0,,,0.0,,False,False,False,False
virus,Nucleoprotein,8PZP,Model for influenza A virus helical ribonucleoprotein-like structure,ELECTRON MICROSCOPY,8.7,2023-12-27,synthetic construct | Influenza A virus (A/WSN/1933(H1N1)),RNA (5'P-(UC)6-FAM3') | Nucleoprotein,0,,,0.0,,False,False,False,False
virus,Nucleoprotein,9BWZ,"Structure of influenza A RNP, 4xNP local reconstruction, class 3",ELECTRON MICROSCOPY,9.2,2025-05-14,Influenza A virus,viral RNA | Nucleoprotein,0,,,0.0,,False,False,False,False
virus,Nucleoprotein,9BX0,"Structure of influenza A RNP, 4xNP local reconstruction, class 4",ELECTRON MICROSCOPY,9.2,2025-05-14,Influenza A virus,viral RNA | Nucleoprotein,0,,,0.0,,False,False,False,False
virus,Nucleoprotein,9BX4,"Structure of influenza A RNP, 4xNP local reconstruction, class 6",ELECTRON MICROSCOPY,9.2,2025-05-14,Influenza A virus,viral RNA | Nucleoprotein,0,,,0.0,,False,False,False,False
virus,Nucleoprotein,6I7M,Influenza A nucleoprotein docked into 3D helical structure of the wild type ribonucleoprotein complex obtained using cryoEM. Conformation 4.,ELECTRON MICROSCOPY,10.0,2020-02-12,Influenza A virus,Nucleoprotein,0,,,0.0,,False,False,False,False
virus,Nucleoprotein,6I7B,Influenza A nucleoprotein docked into 3D helical structure of the wild type ribonucleoprotein complex obtained using cryoEM. Conformation 3.,ELECTRON MICROSCOPY,10.0,2020-02-19,Influenza A virus (A/Wilson-Smith/1933(H1N1)),Nucleoprotein,0,,,0.0,,False,False,False,False
virus,Nucleoprotein,6I54,Influenza A nucleoprotein docked into 3D helical structure of the wild type ribonucleoprotein complex obtained using cryoEM. Conformation 2.,ELECTRON MICROSCOPY,10.0,2019-11-13,Influenza A virus (A/Wilson-Smith/1933(H1N1)),Influenza virus nucleoprotein | Nucleoprotein,0,,,0.0,,False,False,False,False
virus,Nucleoprotein,6H9G,Influenza A nucleoprotein docked into 3D helical structure of the wild type ribonucleoprotein complex obtained using cryoEM. Conformation 1.,ELECTRON MICROSCOPY,11.0,2020-02-12,Influenza A virus | Influenza A virus (strain A/Wilson-Smith/1933 H1N1),Polypeptide loop | Nucleoprotein,0,,,0.0,,False,False,False,False
virus,Nucleoprotein,2WFS,Fitting of influenza virus NP structure into the 9-fold symmetryzed cryoEM reconstruction of an active RNP particle.,ELECTRON MICROSCOPY,12.0,2009-07-07,INFLUENZA A VIRUS,NUCLEOPROTEIN,0,,,0.0,,False,False,False,False
virus,Nucleoprotein,4BBL,Cryo-electron microscopy reconstruction of the helical part of influenza A virus ribonucleoprotein isolated from virions.,ELECTRON MICROSCOPY,18.0,2012-12-05,INFLUENZA A VIRUS,RNA | NUCLEOPROTEIN,0,,,0.0,,False,False,False,False
virus,Nucleoprotein,2YMN,Organization of the Influenza Virus Replication Machinery,ELECTRON MICROSCOPY,20.0,2012-12-05,INFLUENZA A VIRUS (A/PUERTO RICO/8/1934(H1N1)),NUCLEOPROTEIN,0,,,0.0,,False,False,False,False
virus,Nucleoprotein,6I85,Influenza A nucleoprotein docked into the 3D helical structure of the wild type ribonucleoprotein complex obtained using cryoEM. Conformation 5.,ELECTRON MICROSCOPY,24.0,2020-01-29,Influenza A virus (strain A/Wilson-Smith/1933 H1N1),Nucleoprotein | Influenza A nucleoprotein,0,,,0.0,,False,False,False,False
virus,PA endonuclease,4M5R,High-resolution influenza 2009 H1N1 endonuclease bound to 4-(1H-IMIDAZOL-1-YL)PHENOL,X-RAY DIFFRACTION,1.4,2013-09-18,Influenza A virus (A/Lima/WRAIR1695P/2009(H1N1)),Polymerase PA,1,MSR,4-(1H-IMIDAZOL-1-YL)PHENOL,160.173,EDO MN SO4,True,False,True,True
virus,PA endonuclease,9DOJ,Influenza A virus polymerase PA subunit endonuclease domain bound to inhibitor Compound 19a,X-RAY DIFFRACTION,1.48,2025-01-29,Influenza A virus,Polymerase acidic protein,2,MLI A1A8U,"MALONATE ION | (2aS,4aR,10bS,11S,12R)-4a-(2,2-difluoroethyl)-16-hydroxy-2-methyl-2,2a,3,4,4a,5,6,10b-octahydrobenzo[h]pyrido[1',2':1,6][1,2,4]triazino[2,3-a]quinoline-1,15-dione",415.433,MN,True,False,True,True
virus,PA endonuclease,8T5W,Influenza PAN endonuclease I38T mutant with Baloxavir,X-RAY DIFFRACTION,1.65,2024-06-12,Influenza A virus (A/California/04/2009(H1N1)),Polymerase acidic protein,1,E4Z,Baloxavir acid,483.487,MN,True,False,True,True
virus,PA endonuclease,4LN7,"5,6-bis(4-fluorophenyl)-3-hydroxy-2,5-dihydropyridin-2-one bound to influenza 2009 pH1N1 endonuclease",X-RAY DIFFRACTION,1.73,2013-09-18,INFLUENZA A VIRUS (A/LIMA/WRAIR1695P/2009(H1N1)),POLYMERASE PA,1,1ZQ,"5,6-bis(4-fluorophenyl)pyridine-2,3-diol",299.272,EDO MG MN SO4,True,False,True,True
virus,PA endonuclease,4KIL,7-(4-fluorophenyl)-3-hydroxyquinolin-2(1H)-one bound to influenza 2009 H1N1 endonuclease,X-RAY DIFFRACTION,1.75,2013-05-29,Influenza A virus (A/Lima/WRAIR1695P/2009(H1N1)),Polymerase PA,1,1R5,7-(4-fluorophenyl)-3-hydroxyquinolin-2(1H)-one,255.244,EDO MN SO4,True,False,True,True
virus,PA endonuclease,8T5V,Influenza PA-N Endonuclease A36V mutant with Baloxavir,X-RAY DIFFRACTION,1.79,2024-08-28,Influenza A virus (A/California/04/2009(H1N1)),Polymerase acidic protein,1,E4Z,Baloxavir acid,483.487,MN,True,False,True,True
virus,PA endonuclease,6FS8,"Influenza B/Memphis/13/03 endonuclease with bound inhibitor, baloxavir acid (BXA)",X-RAY DIFFRACTION,1.8,2018-07-11,Influenza B virus (B/Memphis/13/2003),Polymerase acidic protein,1,E4Z,Baloxavir acid,483.487,MN,True,False,True,True
virus,PA endonuclease,4W9S,2-(4-(1H-tetrazol-5-yl)phenyl)-5-hydroxypyrimidin-4(3H)-one bound to influenza 2009 H1N1 endonuclease,X-RAY DIFFRACTION,1.8,2014-10-01,Influenza A virus,Polymerase acidic protein,1,3K1,5-hydroxy-2-[4-(1H-tetrazol-5-yl)phenyl]pyrimidin-4(3H)-one,256.22,MN SO4,True,False,True,True
virus,PA endonuclease,4ZI0,Endonuclease inhibitor bound to influenza strain H1N1 polymerase acidic subunit N-terminal region without a chelation to the metal ions in the active site,X-RAY DIFFRACTION,1.802,2015-05-13,Influenza A virus (strain A/Puerto Rico/8/1934 H1N1),Polymerase acidic protein,1,4P9,"4-{(E)-[2-(4-chlorophenyl)hydrazinylidene]methyl}benzene-1,2,3-triol",278.691,MN SO4,True,False,True,True
virus,PA endonuclease,5WE9,Crystal structure of the influenza virus PA endonuclease in complex with inhibitor 7b (SRI-29731),X-RAY DIFFRACTION,1.804,2017-12-27,Influenza A virus,Polymerase acidic protein,1,GY7,"2-[(2S)-1-(2,6-difluorobenzene-1-carbonyl)pyrrolidin-2-yl]-5-hydroxy-6-oxo-N-(2-phenylethyl)-1,6-dihydropyrimidine-4-carboxamide",468.453,EDO MG MN,True,False,True,True
virus,PA endonuclease,3HW5,crystal structure of avian influenza virus PA_N in complex with AMP,X-RAY DIFFRACTION,1.81,2009-10-13,Influenza A virus (A/Goose/Guangdong/1/96(H5N1)),Polymerase acidic protein,1,AMP,ADENOSINE MONOPHOSPHATE,347.221,MG,True,False,True,True
virus,PA endonuclease,5D9J,"2009 H1N1 PA endonuclease mutant F105S in complex with L-742,001",X-RAY DIFFRACTION,1.85,2016-03-16,Influenza A virus,Polymerase acidic protein,1,0N8,(2Z)-4-[1-benzyl-4-(4-chlorobenzyl)piperidin-4-yl]-2-hydroxy-4-oxobut-2-enoic acid,413.894,MN,True,False,True,True
virus,PA endonuclease,4MK1,"5-bromopyridine-2,3-diol bound to influenza 2009 pH1N1 endonuclease",X-RAY DIFFRACTION,1.85,2013-09-25,INFLUENZA A VIRUS (A/LIMA/WRAIR1695P/2009(H1N1)),POLYMERASE PA,1,27Y,5-bromo-3-hydroxypyridin-2(1H)-one,189.995,EDO MN SO4,True,False,True,True
virus,PA endonuclease,4MK2,"3-(5-hydroxy-6-oxo-1,6-dihydropyridin-3-yl)benzonitrile bound to influenza 2009 pH1N1 endonuclease",X-RAY DIFFRACTION,1.85,2013-09-25,INFLUENZA A VIRUS (A/LIMA/WRAIR1695P/2009(H1N1)),POLYMERASE PA,1,28B,"3-(5-hydroxy-6-oxo-1,6-dihydropyridin-3-yl)benzonitrile",212.204,EDO MN SO4,True,False,True,True
virus,PA endonuclease,29SJ,"Three viral endonucleases bound to the same inhibitor (9-hydroxy-3,4-dihydro-2H-pyrazino[1,2-c]pyrimidine-1,8-dione derivative). (1a) Influenza virus A/pH1N1 PA subunit endonuclease with magnesium ions.",X-RAY DIFFRACTION,1.86,2026-04-15,Influenza A virus,Polymerase acidic protein,1,A1J4F,"9-oxidanyl-6-[(1-phenylcyclohexyl)methyl]-2-propan-2-yl-3,4-dihydropyrazino[1,2-c]pyrimidine-1,8-dione",395.495,GOL MG,True,False,True,True
virus,PA endonuclease,4AVL,Influenza strain pH1N1 2009 polymerase subunit PA endonuclease in complex with dTMP,X-RAY DIFFRACTION,1.87,2012-08-22,INFLUENZA A VIRUS,POLYMERASE PA,1,TMP,THYMIDINE-5'-PHOSPHATE,322.208,MN,True,False,True,True
virus,PA endonuclease,3HW4,Crystal structure of avian influenza A virus in complex with TMP,X-RAY DIFFRACTION,1.9,2009-11-10,Influenza A virus (A/Goose/Guangdong/1/96(H5N1)),Polymerase acidic protein,1,TMP,THYMIDINE-5'-PHOSPHATE,322.208,MG,True,False,True,True
virus,PA endonuclease,3HW3,The crystal structure of avian influenza virus PA_N in complex with UMP,X-RAY DIFFRACTION,1.9,2009-10-13,Influenza A virus (A/Goose/Guangdong/1/96(H5N1)),Polymerase acidic protein,1,U5P,URIDINE-5'-MONOPHOSPHATE,324.181,MG,True,False,True,True
virus,PA endonuclease,4AWK,Influenza strain pH1N1 2009 polymerase subunit PA endonuclease in complex with diketo compound 1,X-RAY DIFFRACTION,1.9,2012-08-29,INFLUENZA A VIRUS,POLYMERASE PA,1,CI1,(2Z)-4-[(3S)-1-(benzylsulfonyl)-3-(4-chlorobenzyl)piperidin-3-yl]-2-hydroxy-4-oxobut-2-enoic acid,477.958,MN,True,False,True,True
virus,PA endonuclease,4MK5,"6-(3-methoxyphenyl)pyridine-2,3-diol bound to influenza 2009 pH1N1 endonuclease",X-RAY DIFFRACTION,1.9,2013-09-25,INFLUENZA A VIRUS (A/LIMA/WRAIR1695P/2009(H1N1)),POLYMERASE PA,1,28A,3-hydroxy-6-(3-methoxyphenyl)pyridin-2(5H)-one,217.221,EDO MN SO4,True,False,True,True
virus,PA endonuclease,7NUG,Influenza A/California/07/2009(H1N1) endonuclease in complex with orientin,X-RAY DIFFRACTION,1.9,2021-07-28,Influenza A virus (A/California/07/2009(H1N1)),"Polymerase acidic protein,Polymerase acidic protein",2,USE 1PG,Orientin | 2-(2-{2-[2-(2-METHOXY-ETHOXY)-ETHOXY]-ETHOXY}-ETHOXY)-ETHANOL,448.377,EDO MG MN PEG PG4,True,False,True,True
virus,PA endonuclease,4YYL,Phenolic acid derivative bound to influenza strain H1N1 polymerase subunit PA endonuclease,X-RAY DIFFRACTION,1.905,2015-04-29,Influenza A virus (strain A/Puerto Rico/8/1934 H1N1),Polymerase acidic protein,1,4KN,"2-(4-fluorophenoxy)-1-(2,3,4-trihydroxyphenyl)ethanone",278.233,MN SO4,True,False,True,True
virus,PA endonuclease,7V04,"The N-terminal domain of PA endonuclease from the influenza H1N1 viral polymerase in complex with 6-bromo-3-hydroxy-4-oxo-1,4-dihydropyridine-2-carboxamide",X-RAY DIFFRACTION,1.91,2022-12-21,Influenza A virus (A/California/04/2009(H1N1)),Polymerase acidic protein,1,PQO,"6-bromo-3-hydroxy-4-oxo-1,4-dihydropyridine-2-carboxamide",233.019,MN,True,False,True,True
virus,PA endonuclease,8T6Z,"Influenza PAN endonuclease I38T mutant with 6-(4-(1H-tetrazol-5-yl)-2-(trifluoromethyl)phenyl)-3-hydroxy-4-oxo-1,4-dihydropyridine-2-carboxylic acid",X-RAY DIFFRACTION,1.91,2024-05-08,Influenza A virus,Polymerase acidic protein,1,IJM,"(6M)-3-hydroxy-4-oxo-6-[(4M)-4-(1H-tetrazol-5-yl)-2-(trifluoromethyl)phenyl]-1,4-dihydropyridine-2-carboxylic acid",367.24,MN,True,False,True,True
virus,PA endonuclease,6NEM,3-hydroxy-5-[(naphthalen-1-yl)methyl]-6-[4-(1H-tetrazol-5-yl)phenyl]pyridin-2(1H)-one bound to influenza 2009 pH1N1 endonuclease,X-RAY DIFFRACTION,1.95,2019-05-01,Influenza A virus,Polymerase acidic protein,1,KKS,3-hydroxy-5-[(naphthalen-1-yl)methyl]-6-[4-(1H-tetrazol-5-yl)phenyl]pyridin-2(1H)-one,395.413,MN SO4,True,False,True,True
virus,PA endonuclease,5W3I,Crystal structure of the influenza virus PA endonuclease in complex with inhibitor 6e (SRI-29685),X-RAY DIFFRACTION,1.95,2017-12-27,Influenza A virus,Polymerase acidic protein,1,GY5,"5-hydroxy-N-(2-methoxyethyl)-6-oxo-2-[(2S)-1-(phenoxyacetyl)pyrrolidin-2-yl]-1,6-dihydropyrimidine-4-carboxamide",416.428,GOL MN,True,False,True,True
virus,PA endonuclease,6FS7,"Influenza A/California/04/2009 (pH1N1) endonuclease with I38T mutation with bound inhibitor, baloxavir acid (BXA)",X-RAY DIFFRACTION,1.96,2018-07-11,Influenza A virus (A/California/04/2009(H1N1)),"Polymerase acidic protein,Polymerase acidic protein",1,E4Z,Baloxavir acid,483.487,MN,True,False,True,True
virus,PA endonuclease,7KL3,"The crystal structure of the 2009/H1N1/California PA endonuclease mutant E119D bound to RNA oligomer AG*CAUC (*uncleaveable bond, -UC disordered)",X-RAY DIFFRACTION,1.99,2021-02-03,Influenza A virus | synthetic construct,Protein PA-X | RNA (5'-R(P*AP*GP*CP*A)-3'),2,AMP RQA,ADENOSINE MONOPHOSPHATE | 5'-O-sulfocytidine,347.221,GOL SO4,True,False,True,True
virus,PA endonuclease,5D42,2009 H1N1 PA endonuclease mutant F105S in complex with dTMP,X-RAY DIFFRACTION,2.0,2016-03-16,Influenza A virus,Polymerase acidic protein,1,TMP,THYMIDINE-5'-PHOSPHATE,322.208,MN,True,False,True,True
virus,PA endonuclease,6NEL,"4-(2-(4-fluorophenyl)-5-hydroxy-6-oxo-1,6-dihydropyridin-3-yl)benzoic acid bound to influenza 2009 pH1N1 endonuclease",X-RAY DIFFRACTION,2.0,2019-05-01,Influenza A virus,Polymerase acidic protein,1,KKV,"4-[2-(4-fluorophenyl)-5-hydroxy-6-oxo-1,6-dihydropyridin-3-yl]benzoic acid",325.291,MG MN SO4,True,False,True,True
virus,PA endonuclease,5WEF,Crystal structure of the influenza virus PA endonuclease (F105S mutant) in complex with inhibitor 7a (SRI-29770),X-RAY DIFFRACTION,2.0,2017-12-27,Influenza A virus,Polymerase acidic protein,1,GY6,"2-[(2S)-1-(2,6-dichlorobenzene-1-carbonyl)pyrrolidin-2-yl]-5-hydroxy-6-oxo-N-(2-phenylethyl)-1,6-dihydropyrimidine-4-carboxamide",501.362,EDO MN NA,True,False,True,True
virus,PA endonuclease,29SL,"Three viral endonucleases bound to the same inhibitor (9-hydroxy-3,4-dihydro-2H-pyrazino[1,2-c]pyrimidine-1,8-dione derivative). (1b) Influenza virus A/pH1N1 polymerase PA subunit endonuclease with manganese ions.",X-RAY DIFFRACTION,2.0,2026-04-15,Influenza A virus,Polymerase acidic protein,1,A1J4F,"9-oxidanyl-6-[(1-phenylcyclohexyl)methyl]-2-propan-2-yl-3,4-dihydropyrazino[1,2-c]pyrimidine-1,8-dione",395.495,MN,True,False,True,True
virus,PA endonuclease,6YA5,2009 H1N1 PA Endonuclease in complex with LU2,X-RAY DIFFRACTION,2.0,2020-09-09,Influenza A virus (A/California/07/2009(H1N1)),"Polymerase acidic protein,Polymerase acidic protein",1,LU2,"2-(3,4-dihydroxyphenyl)-5,7-dihydroxy-4H-chromen-4-one",286.236,DMS MG MN PEG PGE SO4,True,False,True,True
virus,PA endonuclease,4M5O,"3-HYDROXY-6-PHENYL-1,2-DIHYDROPYRIDIN-2-ONE bound to influenza 2009 H1N1 endonuclease",X-RAY DIFFRACTION,2.0,2013-09-18,Influenza A virus (A/Lima/WRAIR1695P/2009(H1N1)),Polymerase PA,1,X48,3-hydroxy-6-phenylpyridin-2(5H)-one,187.195,EDO MN SO4,True,False,True,True
virus,PA endonuclease,8PUP,Influenza A/California/07/2009(H1N1) endonuclease in complex with purpurogallin-like compound,X-RAY DIFFRACTION,2.0,2024-12-04,Influenza A virus (A/California/07/2009(H1N1)),Polymerase acidic protein,1,H2I,"~{N}-[(4-hydroxyphenyl)methyl]-3,4,6-tris(oxidanyl)-5-oxidanylidene-benzo[7]annulene-8-carboxamide",353.326,EDO MG MN,True,False,True,True
virus,PA endonuclease,5VQN,E119D mutant of 2009 H1N1 PA Endonuclease in complex with RO-7,X-RAY DIFFRACTION,2.002,2018-04-11,Influenza A virus,Polymerase acidic protein,1,R07,"1-[(11S)-6,11-dihydrodibenzo[b,e]thiepin-11-yl]-5-hydroxy-3-[(2R)-1,1,1-trifluoropropan-2-yl]-2,3-dihydro-1H-pyrido[2,1-f][1,2,4]triazine-4,6-dione",487.494,MN SO4,True,False,True,True
virus,PA endonuclease,4AWH,Influenza strain pH1N1 2009 polymerase subunit PA endonuclease in complex with rUMP,X-RAY DIFFRACTION,2.05,2012-08-22,INFLUENZA VIRUS,POLYMERASE PA,1,U5P,URIDINE-5'-MONOPHOSPHATE,324.181,MN,True,False,True,True
virus,PA endonuclease,6DCY,The N-terminal domain of PA endonuclease from the influenza H1N1 virus in complex with 5-hydroxy-2-methyl-4-oxo-4H-pyran-3-carboxylic acid,X-RAY DIFFRACTION,2.08,2018-11-07,Influenza A virus,Polymerase acidic protein,1,G5V,5-hydroxy-2-methyl-4-oxo-4H-pyran-3-carboxylic acid,170.12,MN,True,False,True,True
virus,PA endonuclease,5D4G,2009 H1N1 PA endonuclease mutant F105S in complex with rUMP,X-RAY DIFFRACTION,2.08,2016-03-23,Influenza A virus,Polymerase acidic protein,1,U5P,URIDINE-5'-MONOPHOSPHATE,324.181,MN,True,False,True,True
virus,PA endonuclease,8DJV,"The N-terminal domain of PA endonuclease from the influenza H1N1 viral polymerase in complex with 6-Bromo-3-hydroxy-N-methoxy-4-oxo-1,4-dihydropyridine-2-carboxamide",X-RAY DIFFRACTION,2.08,2022-12-21,Influenza A virus,Polymerase acidic protein,1,U3U,"6-bromo-3-hydroxy-N-methoxy-4-oxo-1,4-dihydropyridine-2-carboxamide",263.045,MN,True,False,True,True
virus,PA endonuclease,7K0W,The crystal structure of the 2009/H1N1/California PA endonuclease (construct with truncated loop 51-72) in complex with Baloxavir acid,X-RAY DIFFRACTION,2.09,2020-12-16,Influenza A virus (strain swl A/California/04/2009 H1N1),Polymerase acidic protein,1,E4Z,Baloxavir acid,483.487,MN SO4,True,False,True,True
virus,PA endonuclease,5VPT,2009 H1N1 PA Endonuclease in complex with RO-7,X-RAY DIFFRACTION,2.1,2018-04-11,Influenza A virus,Polymerase acidic protein,1,R07,"1-[(11S)-6,11-dihydrodibenzo[b,e]thiepin-11-yl]-5-hydroxy-3-[(2R)-1,1,1-trifluoropropan-2-yl]-2,3-dihydro-1H-pyrido[2,1-f][1,2,4]triazine-4,6-dione",487.494,MN SO4,True,False,True,True
virus,PA endonuclease,5WDN,Crystal structure of the influenza virus PA endonuclease in complex with inhibitor 6d (SRI-29680),X-RAY DIFFRACTION,2.1,2018-01-03,Influenza A virus,Polymerase acidic protein,1,G1K,"5-hydroxy-6-oxo-2-[(2S)-1-(phenoxyacetyl)pyrrolidin-2-yl]-1,6-dihydropyrimidine-4-carboxylic acid",359.333,MN,True,False,True,True
virus,PA endonuclease,5FDG,Endonuclease inhibitor 3 bound to influenza strain H1N1 polymerase acidic subunit N-terminal region at pH 7.0,X-RAY DIFFRACTION,2.1,2015-12-30,Influenza A virus,Polymerase acidic protein,1,0N8,(2Z)-4-[1-benzyl-4-(4-chlorobenzyl)piperidin-4-yl]-2-hydroxy-4-oxobut-2-enoic acid,413.894,MN SO4,True,False,True,True
virus,PA endonuclease,5W9G,Crystal structure of the influenza virus PA endonuclease in complex with inhibitor 9k (SRI-30023),X-RAY DIFFRACTION,2.1,2017-12-27,Influenza A virus,Polymerase acidic protein,1,KU2,"2-[(2S)-1-{[(2-chlorophenyl)sulfanyl]acetyl}pyrrolidin-2-yl]-5-hydroxy-6-oxo-N-(2-phenoxyethyl)-1,6-dihydropyrimidine-4
-carboxamide",529.008,CL MN SO4,True,False,True,True
virus,PA endonuclease,5CCY,2009 H1N1 PA endonuclease in complex with dTMP,X-RAY DIFFRACTION,2.1,2016-03-16,Influenza A virus,Polymerase acidic protein,1,TMP,THYMIDINE-5'-PHOSPHATE,322.208,MN,True,False,True,True
virus,PA endonuclease,5W44,Crystal structure of the influenza virus PA endonuclease in complex with inhibitor 7a (SRI-29770),X-RAY DIFFRACTION,2.1,2018-01-10,Influenza A virus,Polymerase acidic protein,1,GY6,"2-[(2S)-1-(2,6-dichlorobenzene-1-carbonyl)pyrrolidin-2-yl]-5-hydroxy-6-oxo-N-(2-phenylethyl)-1,6-dihydropyrimidine-4-carboxamide",501.362,MG MN NA,True,False,True,True
virus,PA endonuclease,5WDC,Crystal structure of the influenza virus PA endonuclease in complex with inhibitor 9e (SRI-29843),X-RAY DIFFRACTION,2.1,2018-01-03,Influenza A virus,Polymerase acidic protein,1,G2K,"2-{(2S)-1-[(2-chlorophenoxy)acetyl]pyrrolidin-2-yl}-5-hydroxy-6-oxo-N-(2-phenylethyl)-1,6-dihydropyrimidine-4-carboxamide",496.943,MN SO4,True,False,True,True
virus,PA endonuclease,5DBS,2009 H1N1 PA endonuclease mutant E119D in complex with dTMP,X-RAY DIFFRACTION,2.11,2016-03-23,Influenza A virus,Polymerase acidic protein,1,TMP,THYMIDINE-5'-PHOSPHATE,322.208,MN SO4,True,False,True,True
virus,PA endonuclease,8T94,"Influenza PAN endonuclease with 6-(4-(1H-tetrazol-5-yl)-2-(trifluoromethyl)phenyl)-3-hydroxy-4-oxo-1,4-dihydropyridine-2-carboxylic acid",X-RAY DIFFRACTION,2.11,2024-05-08,Influenza A virus,Polymerase acidic protein,1,IJM,"(6M)-3-hydroxy-4-oxo-6-[(4M)-4-(1H-tetrazol-5-yl)-2-(trifluoromethyl)phenyl]-1,4-dihydropyridine-2-carboxylic acid",367.24,MN,True,False,True,True
virus,PA endonuclease,5WE7,Crystal structure of the influenza virus PA endonuclease in complex with an inhibitor - SRI-29782,X-RAY DIFFRACTION,2.12,2018-01-03,Influenza A virus,Polymerase acidic protein,2,MLT G3K,"D-MALATE | 2-{(2R)-1-[2-(4-chlorophenoxy)-2-methylpropanoyl]pyrrolidin-2-yl}-5-hydroxy-6-oxo-1,6-dihydropyrimidine-4-carboxylic acid",421.832,MN,True,False,True,True
virus,PA endonuclease,5DEB,2009 H1N1 PA endonuclease mutant E119D in complex with rUMP,X-RAY DIFFRACTION,2.14,2016-03-16,Influenza A virus,Polymerase acidic protein,1,U5P,URIDINE-5'-MONOPHOSPHATE,324.181,MN,True,False,True,True
virus,PA endonuclease,9PNM,"Influenza PA-N Endonuclease I38T with compound 3 ((6M)-3-hydroxy-6-[2-(methylsulfanyl)phenyl]-4-oxo-1,4-dihydropyridine-2-carboxylic acid)",X-RAY DIFFRACTION,2.14,2026-01-21,Influenza A virus (A/California/04/2009(H1N1)),Polymerase acidic protein,1,A1CI4,"(6M)-3-hydroxy-6-[2-(methylsulfanyl)phenyl]-4-oxo-1,4-dihydropyridine-2-carboxylic acid",277.296,MN,True,False,True,True
virus,PA endonuclease,8CTF,"The N-terminal domain of PA endonuclease from the influenza H1N1 viral polymerase in complex with 3-hydroxy-4-oxo-1,4-dihydropyridine-2-carboxylic acid",X-RAY DIFFRACTION,2.14,2022-12-21,Influenza A virus,Polymerase acidic protein,1,Q3O,"3-hydroxy-4-oxo-1,4-dihydropyridine-2-carboxylic acid",155.108,ACT MN,True,False,True,True
virus,PA endonuclease,5EGA,2009 H1N1 PA endonuclease domain in complex with an N-acylhydrazone inhibitor,X-RAY DIFFRACTION,2.15,2016-08-31,Influenza A virus,Polymerase acidic protein,1,GK0,"3,4,5-tris(oxidanyl)-~{N}-[(~{E})-[3,4,5-tris(oxidanyl)phenyl]methylideneamino]benzamide",320.254,MN,True,False,True,True
virus,PA endonuclease,8DDB,The N-terminal domain of PA endonuclease from the influenza H1N1 viral polymerase in complex with 4-(benzyloxy)-6-bromo-3-hydroxypicolinic acid,X-RAY DIFFRACTION,2.15,2022-12-21,Influenza A virus (A/California/04/2009(H1N1)),Polymerase acidic protein,1,R6X,"6-bromo-3-hydroxy-4-oxo-1,4-dihydropyridine-2-carboxylic acid",234.004,ACT MN SO4,True,False,True,True
virus,PA endonuclease,5I13,Endonuclease inhibitor 2 bound to influenza strain H1N1 polymerase acidic subunit N-terminal region at pH 7.0,X-RAY DIFFRACTION,2.151,2016-02-17,Influenza A virus (strain A/Puerto Rico/8/1934 H1N1),Polymerase acidic protein,1,4P9,"4-{(E)-[2-(4-chlorophenyl)hydrazinylidene]methyl}benzene-1,2,3-triol",278.691,MN SO4,True,False,True,True
virus,PA endonuclease,4E5H,Crystal structure of avian influenza virus PAn bound to compound 3,X-RAY DIFFRACTION,2.158,2012-08-08,Influenza A virus,Polymerase protein PA,1,0N8,(2Z)-4-[1-benzyl-4-(4-chlorobenzyl)piperidin-4-yl]-2-hydroxy-4-oxobut-2-enoic acid,413.894,MN SO4,True,False,True,True
virus,PA endonuclease,5CGV,"2009 H1N1 PA endonuclease in complex with L-742,001",X-RAY DIFFRACTION,2.17,2016-03-23,Influenza A virus,Polymerase acidic protein,1,0N8,(2Z)-4-[1-benzyl-4-(4-chlorobenzyl)piperidin-4-yl]-2-hydroxy-4-oxobut-2-enoic acid,413.894,GOL MN,True,False,True,True
virus,PA endonuclease,9PO6,"Influenza PA-N Endonuclease with compound 4 ((6M)-3-hydroxy-4-oxo-6-(2-phenoxyphenyl)-1,4-dihydropyridine-2-carboxylic acid)",X-RAY DIFFRACTION,2.17,2026-01-21,Influenza A virus (A/California/04/2009(H1N1)),Polymerase acidic protein,1,A1CI5,"(6M)-3-hydroxy-4-oxo-6-(2-phenoxyphenyl)-1,4-dihydropyridine-2-carboxylic acid",323.3,MN,True,False,True,True
virus,PA endonuclease,4AVG,Influenza strain pH1N1 2009 polymerase subunit PA endonuclease in complex with diketo compound 2,X-RAY DIFFRACTION,2.2,2012-08-22,INFLUENZA A VIRUS,POLYMERASE PA,1,SL6,(Z)-4-[4-[(4-chlorophenyl)methyl]-1-(cyclohexylmethyl)piperidin-4-yl]-2-oxidanyl-4-oxidanylidene-but-2-enoic acid,419.942,MN,True,False,True,True
virus,PA endonuclease,5VP8,I38T mutant of 2009 H1N1 PA Endonuclease,X-RAY DIFFRACTION,2.2,2018-04-11,Influenza A virus,Polymerase acidic protein,1,9HD,"1-[(3R,5S,7R)-1,5,7,9-tetrakis(2-oxopyrrolidin-1-yl)nonan-3-yl]-1,3-dihydro-2H-pyrrol-2-one",541.682,MN SO4,True,False,True,True
virus,PA endonuclease,5W7U,Crystal structure of the influenza virus PA endonuclease in complex with inhibitor 8f (SRI-29928),X-RAY DIFFRACTION,2.2,2017-12-27,Influenza A virus,Polymerase acidic protein,1,GY8,"2-[(2S)-1-(3,5-dichloropyridine-4-carbonyl)pyrrolidin-2-yl]-N-(2,3-dihydro-1H-inden-2-yl)-5-hydroxy-6-oxo-1,6-dihydropy
rimidine-4-carboxamide",514.361,MN,True,False,True,True
virus,PA endonuclease,6V53,The crystal structure of the 2009 H1N1 PA endonuclease mutant I38T in complex with SJ000985494,X-RAY DIFFRACTION,2.2,2020-12-09,Influenza A virus (A/Luxembourg/43/2009(H1N1)),Polymerase acidic protein,2,QPY QQ4,"benzyl (2S)-2-(4-{[2-(6-amino-9H-purin-9-yl)ethyl]carbamoyl}-5-hydroxy-6-oxo-1,6-dihydropyrimidin-2-yl)pyrrolidine-1-carboxylate | Hexa Vinylpyrrolidone K15",668.866,MN SO4,True,False,True,True
virus,PA endonuclease,8DAL,The N-terminal domain of PA endonuclease from the influenza H1N1 viral polymerase in complex with 4-(benzyloxy)-6-bromo-3-hydroxypicolinonitrile,X-RAY DIFFRACTION,2.2,2022-12-21,Influenza A virus,Polymerase acidic protein,1,R6O,"6-bromo-3-hydroxy-4-oxo-1,4-dihydropyridine-2-carbonitrile",215.004,MN,True,False,True,True
virus,PA endonuclease,7NUH,Influenza A/California/07/2009(H1N1) endonuclease with I38T mutation in complex with orientin,X-RAY DIFFRACTION,2.2,2021-07-28,Influenza A virus (A/California/07/2009(H1N1)),"Polymerase acidic protein,Polymerase acidic protein",1,USE,Orientin,448.377,EDO MG MN PEG,True,False,True,True
virus,PA endonuclease,4M5U,"5-(4-FLUOROPHENYL)-3-HYDROXY-6-[4-(1H-1,2,3,4-TETRAZOL-5-YL)PHENYL]-1,2-DIHYDROPYRIDIN-2-ONE bound to influenza 2009 pH1N1 endonuclease",X-RAY DIFFRACTION,2.2,2013-09-25,Influenza A virus (A/Lima/WRAIR1695P/2009(H1N1)),Polymerase PA,1,20F,5-(4-fluorophenyl)-3-hydroxy-6-[4-(1H-tetrazol-5-yl)phenyl]pyridin-2(1H)-one,349.319,MN SO4,True,False,True,True
virus,PA endonuclease,5IEQ,"Crystal structure of polymerase acid protein (PA) from Influenza A virus, WILSON-SMITH/1933 (H1N1) bound to fragment hit EBSI-747 1-(4-chlorophenyl)-1H-imidazole",X-RAY DIFFRACTION,2.2,2017-02-22,Influenza A virus (strain A/Wilson-Smith/1933 H1N1),Polymerase acidic protein,1,1CI,1-(4-CHLOROPHENYL)-1H-IMIDAZOLE,178.618,DMS,True,False,True,True
virus,PA endonuclease,5WAP,Crystal structure of the influenza virus PA endonuclease in complex with inhibitor 10i (SRI-30025),X-RAY DIFFRACTION,2.201,2018-01-03,Influenza A virus,Polymerase acidic protein,1,KU9,"2-[(2S)-1-{[(2-chlorophenyl)sulfanyl]acetyl}pyrrolidin-2-yl]-N-(2,3-dihydro-1H-inden-2-yl)-5-hydroxy-6-oxo-1,6-dihydropyrimidine-4-carboxamide",525.019,MN SO4,True,False,True,True
virus,PA endonuclease,5W73,Crystal structure of the influenza virus PA endonuclease in complex with inhibitor 9f (SRI-29835),X-RAY DIFFRACTION,2.202,2018-01-17,Influenza A virus,Polymerase acidic protein,1,GY9,"2-{(2S)-1-[(2-chlorophenoxy)acetyl]pyrrolidin-2-yl}-5-hydroxy-6-oxo-N-(2-phenoxyethyl)-1,6-dihydropyrimidine-4-carboxamide",512.942,MN SO4,True,False,True,True
virus,PA endonuclease,5WB3,Crystal structure of the influenza virus PA endonuclease in complex with inhibitor 10j (SRI-30026),X-RAY DIFFRACTION,2.203,2018-01-03,Influenza A virus,Polymerase acidic protein,1,GYA,"2-[(2S)-1-{[(2-chlorophenyl)sulfanyl]acetyl}pyrrolidin-2-yl]-N-(5,6-dimethoxy-2,3-dihydro-1H-inden-2-yl)-5-hydroxy-6-ox
o-1,6-dihydropyrimidine-4-carboxamide",585.071,MN SO4,True,False,True,True
virus,PA endonuclease,5WA7,Crystal structure of the influenza virus PA endonuclease in complex with inhibitor 9b (SRI-30101),X-RAY DIFFRACTION,2.204,2018-01-03,Influenza A virus,Polymerase acidic protein,1,KU4,"2-{(2S)-1-[3-(2-chlorophenyl)propanoyl]pyrrolidin-2-yl}-5-hydroxy-6-oxo-N-(2-phenoxyethyl)-1,6-dihydropyrimidine-4-carboxamide",510.969,MN SO4,True,False,True,True
virus,PA endonuclease,9PNL,"Influenza PA-N Endonuclease E23K mutant with compound 4 ((6M)-3-hydroxy-4-oxo-6-(2-phenoxyphenyl)-1,4-dihydropyridine-2-carboxylic acid)",X-RAY DIFFRACTION,2.21,2026-01-21,Influenza A virus (A/California/04/2009(H1N1)),Polymerase acidic protein,1,A1CI5,"(6M)-3-hydroxy-4-oxo-6-(2-phenoxyphenyl)-1,4-dihydropyridine-2-carboxylic acid",323.3,MN,True,False,True,True
virus,PA endonuclease,5CL0,2009 H1N1 PA endonuclease in complex with rUMP,X-RAY DIFFRACTION,2.22,2016-03-16,Influenza A virus,Polymerase acidic protein,1,U5P,URIDINE-5'-MONOPHOSPHATE,324.181,MN,True,False,True,True
virus,PA endonuclease,8DDE,The N-terminal domain of PA endonuclease from the influenza H1N1 viral polymerase in complex with 4-(benzyloxy)-6-bromo-2-(1H-tetrazol-5-yl) yridine-3-ol,X-RAY DIFFRACTION,2.22,2022-12-21,Influenza A virus,Polymerase acidic protein,1,R7C,(2M)-6-bromo-3-hydroxy-2-(1H-tetrazol-5-yl)pyridin-4(1H)-one,258.032,MN,True,False,True,True
virus,PA endonuclease,6VIV,The crystal structure of the 2009 H1N1 PA endonuclease mutant I38T in complex with SJ000986192,X-RAY DIFFRACTION,2.23,2021-02-10,Influenza A virus (A/Luxembourg/43/2009(H1N1)),Polymerase acidic protein,2,QZM QQ4,"2-[2-[(cyclohexylmethyl-$l^{3}-oxidanyl)carbonylamino]propan-2-yl]-~{N}-[2-(5-methoxy-4-oxidanyl-cyclohexa-1,3,5-trien-1-yl)ethyl]-5-oxidanyl-6-oxidanylidene-pyrimidine-4-carboxamide | Hexa Vinylpyrrolidone K15",668.866,MN SO4,True,False,True,True
virus,PA endonuclease,6DZQ,The N-terminal domain of PA endonuclease from the influenza H1N1 virus in complex with 3-hydroxy-6-methyl-4-oxo-4H-pyran-2-carboxylic acid,X-RAY DIFFRACTION,2.25,2018-11-07,Influenza A virus (A/California/04/2009(H1N1)),Polymerase acidic protein,1,HJP,3-hydroxy-6-methyl-4-oxo-4H-pyran-2-carboxylic acid,170.12,EDO MN,True,False,True,True
virus,PA endonuclease,7KAF,The crystal structure of the 2009/H1N1/California PA endonuclease I38T (construct with truncated loop 51-72) in complex with baloxavir acid,X-RAY DIFFRACTION,2.25,2021-02-03,Influenza A virus | Influenza A virus (A/Luxembourg/43/2009(H1N1)),Protein PA-X,2,E4Z QQ4,Baloxavir acid | Hexa Vinylpyrrolidone K15,668.866,MN SO4,True,False,True,True
virus,PA endonuclease,5WA6,Crystal structure of the influenza virus PA endonuclease in complex with an inhibitor - SRI-30007,X-RAY DIFFRACTION,2.25,2018-05-02,Influenza A virus,Polymerase acidic protein,1,KU7,"2-{(2S)-1-[(2-fluorophenoxy)acetyl]pyrrolidin-2-yl}-5-hydroxy-6-oxo-N-(2-phenoxyethyl)-1,6-dihydropyrimidine-4-carboxamide",496.488,MN,True,False,True,True
virus,PA endonuclease,6E6V,"The N-terminal domain of PA endonuclease from the influenza H1N1 virus in complex with 3-hydroxy-6-methyl-4-oxo-1,4-dihydropyridine-2-carboxylic acid",X-RAY DIFFRACTION,2.25,2019-07-31,Influenza A virus,Polymerase acidic protein,1,HWA,"3-hydroxy-6-methyl-4-oxo-1,4-dihydropyridine-2-carboxylic acid",169.135,EDO MN,True,False,True,True
virus,PA endonuclease,5WEI,Crystal structure of the influenza virus PA endonuclease (E119D mutant) in complex with inhibitor 7a (SRI-29770),X-RAY DIFFRACTION,2.25,2017-12-27,Influenza A virus,Polymerase acidic protein,1,GY6,"2-[(2S)-1-(2,6-dichlorobenzene-1-carbonyl)pyrrolidin-2-yl]-5-hydroxy-6-oxo-N-(2-phenylethyl)-1,6-dihydropyrimidine-4-carboxamide",501.362,MN SO4,True,False,True,True
virus,PA endonuclease,7KBC,The crystal structure of the 2009/H1N1/California PA endonuclease mutant E119D (construct with truncated loop 51-72) in complex with baloxavir acid,X-RAY DIFFRACTION,2.25,2021-02-03,Influenza A virus,Protein PA-X,2,E4Z QQ4,Baloxavir acid | Hexa Vinylpyrrolidone K15,668.866,GOL MN SO4,True,False,True,True
virus,PA endonuclease,9PMR,"Influenza PA-N Endonuclease I38T mutant with compound 2 ((6M)-6-(2-ethylphenyl)-3,4-dihydroxypyridine-2-carboxylic acid)",X-RAY DIFFRACTION,2.25,2026-01-21,Influenza A virus (A/California/04/2009(H1N1)),Polymerase acidic protein,1,A1CI3,"(6M)-6-(2-ethylphenyl)-3,4-dihydroxypyridine-2-carboxylic acid",259.257,MN,True,False,True,True
virus,PA endonuclease,5IF5,"Crystal structure of polymerase acid protein (PA) from Influenza A virus, WILSON-SMITH/1933 (H1N1) bound to EBSI-39 (2,3-dichlorophenyl)methanol",X-RAY DIFFRACTION,2.25,2017-03-08,Influenza A virus (strain A/Wilson-Smith/1933 H1N1),Polymerase acidic protein,1,6B0,"(2,3-dichlorophenyl)methanol",177.028,DMS EDO,True,False,True,True
virus,PA endonuclease,5WF3,Crystal structure of the influenza virus PA endonuclease (E119D mutant) in complex with inhibitor 9k (SRI-30023),X-RAY DIFFRACTION,2.251,2018-01-03,Influenza A virus,Polymerase acidic protein,1,KU2,"2-[(2S)-1-{[(2-chlorophenyl)sulfanyl]acetyl}pyrrolidin-2-yl]-5-hydroxy-6-oxo-N-(2-phenoxyethyl)-1,6-dihydropyrimidine-4
-carboxamide",529.008,MN SO4,True,False,True,True
virus,PA endonuclease,5WFM,Crystal structure of the influenza virus PA endonuclease (E119D mutant) in complex with inhibitor 10e (SRI-30024),X-RAY DIFFRACTION,2.251,2018-01-03,Influenza A virus,Polymerase acidic protein,1,KU5,"2-[(2S)-1-{[(2-chlorophenyl)sulfanyl]acetyl}pyrrolidin-2-yl]-5-hydroxy-6-oxo-N-[2-(phenylsulfonyl)ethyl]-1,6-dihydropyrimidine-4-carboxamide",577.072,MN SO4,True,False,True,True
virus,PA endonuclease,5WEB,Crystal structure of the influenza virus PA endonuclease in complex with inhibitor 10e (SRI-30024),X-RAY DIFFRACTION,2.254,2018-01-03,Influenza A virus,Polymerase acidic protein,1,KU5,"2-[(2S)-1-{[(2-chlorophenyl)sulfanyl]acetyl}pyrrolidin-2-yl]-5-hydroxy-6-oxo-N-[2-(phenylsulfonyl)ethyl]-1,6-dihydropyrimidine-4-carboxamide",577.072,MN SO4,True,False,True,True
virus,PA endonuclease,6FS9,"Influenza B/Memphis/13/03 endonuclease with I38T mutation with bound inhibitor, baloxavir acid (BXA)",X-RAY DIFFRACTION,2.28,2018-07-11,Influenza B virus (B/Memphis/13/2003),Polymerase acidic protein,1,E4Z,Baloxavir acid,483.487,CL MN,True,False,True,True
virus,PA endonuclease,5D8U,"2009 H1N1 PA endonuclease mutant E119D in complex with L-742,001",X-RAY DIFFRACTION,2.29,2016-03-16,Influenza A virus,Polymerase acidic protein,1,0N8,(2Z)-4-[1-benzyl-4-(4-chlorobenzyl)piperidin-4-yl]-2-hydroxy-4-oxobut-2-enoic acid,413.894,MN,True,False,True,True
virus,PA endonuclease,6FS6,"Influenza A/California/04/2009 (pH1N1) endonuclease with bound inhibitor, baloxavir acid (BXA)",X-RAY DIFFRACTION,2.291,2018-07-11,Influenza A virus (A/California/04/2009(H1N1)),"Polymerase acidic protein,Polymerase acidic protein",1,E4Z,Baloxavir acid,483.487,MN,True,False,True,True
virus,PA endonuclease,5WFW,Crystal structure of the influenza virus PA endonuclease (E119D mutant) in complex with inhibitor 10j (SRI-30026),X-RAY DIFFRACTION,2.292,2018-01-03,Influenza A virus,Polymerase acidic protein,1,GYA,"2-[(2S)-1-{[(2-chlorophenyl)sulfanyl]acetyl}pyrrolidin-2-yl]-N-(5,6-dimethoxy-2,3-dihydro-1H-inden-2-yl)-5-hydroxy-6-ox
o-1,6-dihydropyrimidine-4-carboxamide",585.071,MN SO4,True,False,True,True
virus,PA endonuclease,4AWF,Influenza strain pH1N1 2009 polymerase subunit PA endonuclease in complex with 2 4-dioxo-4-phenylbutanoic acid DPBA,X-RAY DIFFRACTION,2.3,2012-08-22,INFLUENZA A VIRUS,POLYMERASE PA,1,XI7,2-4-DIOXO-4-PHENYLBUTANOIC ACID,192.168,MN,True,False,True,True
virus,PA endonuclease,5WCT,Crystal structure of the influenza virus PA endonuclease in complex with inhibitor 6c (SRI-29775),X-RAY DIFFRACTION,2.3,2018-01-03,Influenza A virus,Polymerase acidic protein,1,GY4,"2-{(2S)-1-[(4-chlorophenyl)acetyl]pyrrolidin-2-yl}-5-hydroxy-6-oxo-1,6-dihydropyrimidine-4-carboxylic acid",377.779,MN,True,False,True,True
virus,PA endonuclease,5W92,Crystal structure of the influenza virus PA endonuclease in complex with an inhibitor - SRI-30049,X-RAY DIFFRACTION,2.3,2018-02-07,Influenza A virus,Polymerase acidic protein,2,KU0 9HD,"2-[(2S)-1-(3,5-dichloropyridine-4-carbonyl)pyrrolidin-2-yl]-5-hydroxy-6-oxo-N-[2-(phenylsulfonyl)ethyl]-1,6-dihydropyrimidine-4-carboxamide | 1-[(3R,5S,7R)-1,5,7,9-tetrakis(2-oxopyrrolidin-1-yl)nonan-3-yl]-1,3-dihydro-2H-pyrrol-2-one",566.414,MN,True,False,True,True
virus,PA endonuclease,5WDW,Crystal structure of the influenza virus PA endonuclease in complex with inhibitor 10k (SRI-30027),X-RAY DIFFRACTION,2.3,2018-01-03,Influenza A virus,Polymerase acidic protein,1,8KU,"2-[(2S)-1-{[(2-chlorophenyl)sulfanyl]acetyl}pyrrolidin-2-yl]-N-{[(2S)-2,3-dihydro-1-benzofuran-2-yl]methyl}-5-hydroxy-6-oxo-1,6-dihydropyrimidine-4-carboxamide",541.018,MN,True,False,True,True
virus,PA endonuclease,5WG9,Crystal structure of the influenza virus PA endonuclease (E119D mutant) in complex with inhibitor 9b (SRI-30101),X-RAY DIFFRACTION,2.3,2018-01-03,Influenza A virus,Polymerase acidic protein,1,KU4,"2-{(2S)-1-[3-(2-chlorophenyl)propanoyl]pyrrolidin-2-yl}-5-hydroxy-6-oxo-N-(2-phenoxyethyl)-1,6-dihydropyrimidine-4-carboxamide",510.969,MN SO4,True,False,True,True
virus,PA endonuclease,5IF8,"Crystal structure of polymerase acid protein (PA) from Influenza A virus, WILSON-SMITH/1933 (H1N1) bound to fragment hit EBSI-2643 5-[(4-chlorophenyl)methyl]-1,3,4-oxadiazol-2-amine",X-RAY DIFFRACTION,2.3,2017-02-22,Influenza A virus (strain A/Wilson-Smith/1933 H1N1),Polymerase acidic protein,1,6AX,"5-[(4-chlorophenyl)methyl]-1,3,4-oxadiazol-2-amine",209.632,CL DMS EDO GOL,True,False,True,True
virus,PA endonuclease,5VRJ,2009 H1N1 PA Endonuclease in complex with RO-7 and Magnesium,X-RAY DIFFRACTION,2.302,2018-04-11,Influenza A virus,Polymerase acidic protein,1,R07,"1-[(11S)-6,11-dihydrodibenzo[b,e]thiepin-11-yl]-5-hydroxy-3-[(2R)-1,1,1-trifluoropropan-2-yl]-2,3-dihydro-1H-pyrido[2,1-f][1,2,4]triazine-4,6-dione",487.494,MG SO4,True,False,True,True
virus,PA endonuclease,5VPX,I38T mutant of 2009 H1N1 PA Endonuclease in complex with RO-7,X-RAY DIFFRACTION,2.303,2018-04-11,Influenza A virus,Polymerase acidic protein,1,R07,"1-[(11S)-6,11-dihydrodibenzo[b,e]thiepin-11-yl]-5-hydroxy-3-[(2R)-1,1,1-trifluoropropan-2-yl]-2,3-dihydro-1H-pyrido[2,1-f][1,2,4]triazine-4,6-dione",487.494,MN SO4,True,False,True,True
virus,PA endonuclease,8DVO,The crystal structure of wild type PA endonuclease (2009/H1N1/CALIFORNIA) in complex with compound SJ001023044,X-RAY DIFFRACTION,2.33,2022-09-28,Influenza A virus,Protein PA-X,2,QQ4 U0I,"Hexa Vinylpyrrolidone K15 | 5-hydroxy-N-[2-(4-hydroxy-3-methoxyphenyl)ethyl]-6-oxo-2-{[2-(trifluoromethyl)phenyl]methyl}-1,6-dihydropyrimidine-4-carboxamide",668.866,MN SO4,True,False,True,True
virus,PA endonuclease,7KOP,The crystal structure of the 2009/H1N1/California PA endonuclease I38T mutant in complex with SJ000988539,X-RAY DIFFRACTION,2.33,2021-11-10,Influenza A virus | Influenza A virus (A/Luxembourg/43/2009(H1N1)),Protein PA-X,2,WTM QQ4,"2-(2-fluorophenyl)-5-hydroxy-N-[2-(2-methoxypyridin-4-yl)ethyl]-6-oxo-1,6-dihydropyrimidine-4-carboxamide | Hexa Vinylpyrrolidone K15",668.866,MN SO4,True,False,True,True
virus,PA endonuclease,7N55,The crystal structure of the mutant I38T PA endonuclease (2009/H1N1/CALIFORNIA) in complex with SJ000988514,X-RAY DIFFRACTION,2.33,2022-06-08,Influenza A virus (strain swl A/California/04/2009 H1N1),Polymerase acidic protein,2,QQ4 09Y,"Hexa Vinylpyrrolidone K15 | 5-hydroxy-N-[2-(2-methoxypyridin-4-yl)ethyl]-2-(2-methylphenyl)-6-oxo-1,6-dihydropyrimidine-4-carboxamide",668.866,MN SO4,True,False,True,True
virus,PA endonuclease,8DTW,The crystal structure of I38T mutant PA endonuclease (2009/H1N1/CALIFORNIA) in complex with compound SJ001023036,X-RAY DIFFRACTION,2.33,2022-09-21,Influenza A virus,Protein PA-X,2,QQ4 TLR,"Hexa Vinylpyrrolidone K15 | 5-hydroxy-N-[2-(2-methoxypyridin-4-yl)ethyl]-6-oxo-2-{[2-(trifluoromethyl)phenyl]methyl}-1,6-dihydropyrimidine-4-carboxamide",668.866,MG MN SO4,True,False,True,True
virus,PA endonuclease,4E5J,Crystal structure of avian influenza virus PAn bound to compound 5,X-RAY DIFFRACTION,2.35,2012-08-08,Influenza A virus,Polymerase protein PA,1,581,"2-[3-(acetylamino)phenyl]-5-hydroxy-6-oxo-1,6-dihydropyrimidine-4-carboxylic acid",289.244,MN SO4,True,False,True,True
virus,PA endonuclease,6E6W,"The N-terminal domain of PA endonuclease from the influenza H1N1 virus in complex with 3-hydroxy-6-(2-methyl-4-(1H-tetrazol-5-yl)phenyl)-4-oxo-1,4-dihydropyridine-2-carboxylic acid",X-RAY DIFFRACTION,2.35,2019-07-31,Influenza A virus,Polymerase acidic protein,1,HWJ,"3-hydroxy-6-[2-methyl-4-(1H-tetrazol-5-yl)phenyl]-4-oxo-1,4-dihydropyridine-2-carboxylic acid",313.268,MN,True,False,True,True
virus,PA endonuclease,6E0Q,"The N-terminal domain of PA endonuclease from the influenza H1N1 virus in complex with 4,6-dihydroxy-2-methyl-5-oxocyclohepta-1,3,6-triene-1-carboxylic acid",X-RAY DIFFRACTION,2.35,2018-11-07,Influenza A virus,Polymerase acidic protein,1,HKD,"4,6-dihydroxy-2-methyl-5-oxocyclohepta-1,3,6-triene-1-carboxylic acid",196.157,EDO MN,True,False,True,True
virus,PA endonuclease,6E4C,"The N-terminal domain of PA endonuclease from the influenza H1N1 virus in complex with 3-hydroxy-6-(2-methyl-4-(5-oxo-4,5-dihydro-1,2,4-oxadiazol-3-yl)phenyl)-4-oxo-1,4-dihydropyridine-2-carboxylic acid",X-RAY DIFFRACTION,2.35,2019-07-17,Influenza A virus,Polymerase acidic protein,1,HRJ,"3-hydroxy-6-[2-methyl-4-(5-oxo-4,5-dihydro-1,2,4-oxadiazol-3-yl)phenyl]-4-oxo-1,4-dihydropyridine-2-carboxylic acid",329.264,EDO MN,True,False,True,True
virus,PA endonuclease,5WFZ,Crystal structure of the influenza virus PA endonuclease (E119D mutant) in complex with inhibitor 8e (SRI-30049),X-RAY DIFFRACTION,2.35,2017-12-27,Influenza A virus,Polymerase acidic protein,1,KU0,"2-[(2S)-1-(3,5-dichloropyridine-4-carbonyl)pyrrolidin-2-yl]-5-hydroxy-6-oxo-N-[2-(phenylsulfonyl)ethyl]-1,6-dihydropyrimidine-4-carboxamide",566.414,GOL MN SO4,True,False,True,True
virus,PA endonuclease,5IF2,"Crystal structure of polymerase acid protein (PA) from Influenza A virus, WILSON-SMITH/1933 (H1N1) bound to fragment hit EBSI-576 (5,6-dichloro-1H-1,3-benzodiazol-2-yl)methanol",X-RAY DIFFRACTION,2.35,2017-02-22,Influenza A virus (strain A/Wilson-Smith/1933 H1N1),Polymerase acidic protein,1,6B1,"(5,6-dichloro-1H-benzimidazol-2-yl)methanol",217.052,CL DMS,True,False,True,True
virus,PA endonuclease,7N8F,The crystal structure of I38T mutant PA endonuclease (2009/H1N1/CALIFORNIA) in complex with SJ000988288,X-RAY DIFFRACTION,2.35,2022-06-15,Influenza A virus (strain swl A/California/04/2009 H1N1),Polymerase acidic protein,2,QQ4 R3J,"Hexa Vinylpyrrolidone K15 | benzyl [2-(5-hydroxy-4-{[2-(2-methoxypyridin-4-yl)ethyl]carbamoyl}-6-oxo-1,6-dihydropyrimidin-2-yl)propan-2-yl]carbamate",668.866,MN SO4,True,False,True,True
virus,PA endonuclease,9PN3,"Influenza PA-N Endonuclease I38T mutant with compound 4 ((6M)-3-hydroxy-4-oxo-6-(2-phenoxyphenyl)-1,4-dihydropyridine-2-carboxylic acid)",X-RAY DIFFRACTION,2.36,2026-01-21,Influenza A virus (A/California/04/2009(H1N1)),Polymerase acidic protein,1,A1CI5,"(6M)-3-hydroxy-4-oxo-6-(2-phenoxyphenyl)-1,4-dihydropyridine-2-carboxylic acid",323.3,MN,True,False,True,True
virus,PA endonuclease,7N47,The crystal structure of wild type PA endonuclease (2009/H1N1/CALIFORNIA) in complex with SJ000988514,X-RAY DIFFRACTION,2.37,2022-06-08,Influenza A virus (strain swl A/California/04/2009 H1N1),Polymerase acidic protein,2,QQ4 09Y,"Hexa Vinylpyrrolidone K15 | 5-hydroxy-N-[2-(2-methoxypyridin-4-yl)ethyl]-2-(2-methylphenyl)-6-oxo-1,6-dihydropyrimidine-4-carboxamide",668.866,MN SO4,True,False,True,True
virus,PA endonuclease,7LW6,The crystal structure of the 2009/H1N1/California PA endonuclease I38T mutant in complex with Raltegravir,X-RAY DIFFRACTION,2.38,2021-05-26,Influenza A virus (A/Luxembourg/43/2009(H1N1)),Polymerase acidic protein,2,RLT QQ4,"N-(4-fluorobenzyl)-5-hydroxy-1-methyl-2-(1-methyl-1-{[(5-methyl-1,3,4-oxadiazol-2-yl)carbonyl]amino}ethyl)-6-oxo-1,6-di
hydropyrimidine-4-carboxamide | Hexa Vinylpyrrolidone K15",668.866,MN SO4,True,False,True,True
virus,PA endonuclease,7MY5,The crystal structure of wild type PA endonuclease (2009/H1N1/CALIFORNIA) in complex with SJ000988503,X-RAY DIFFRACTION,2.38,2022-05-25,Influenza A virus (strain swl A/California/04/2009 H1N1),Polymerase acidic protein,2,Y5V QQ4,"5-hydroxy-N-[2-(4-hydroxy-3-methoxyphenyl)ethyl]-2-(2-methylphenyl)-6-oxo-1,6-dihydropyrimidine-4-carboxamide | Hexa Vinylpyrrolidone K15",668.866,MN SO4,True,False,True,True
virus,PA endonuclease,7MTY,The crystal structure of wild type PA endonuclease (2009/H1N1/CALIFORNIA) in complex with SJ000988569,X-RAY DIFFRACTION,2.38,2022-05-18,Influenza A virus (strain swl A/California/04/2009 H1N1),Polymerase acidic protein,2,W5V QQ4,"2-(2,6-difluorophenyl)-5-hydroxy-N-[2-(2-methoxypyridin-4-yl)ethyl]-6-oxo-3,6-dihydropyrimidine-4-carboxamide | Hexa Vinylpyrrolidone K15",668.866,MN SO4,True,False,True,True
virus,PA endonuclease,9PN2,"Influenza PA-N Endonuclease I38T mutant with compound 3 ((6M)-3-hydroxy-6-[2-(methylsulfanyl)phenyl]-4-oxo-1,4-dihydropyridine-2-carboxylic acid)",X-RAY DIFFRACTION,2.39,2026-01-21,Influenza A virus (A/California/04/2009(H1N1)),Polymerase acidic protein,1,A1CI4,"(6M)-3-hydroxy-6-[2-(methylsulfanyl)phenyl]-4-oxo-1,4-dihydropyridine-2-carboxylic acid",277.296,MN,True,False,True,True
virus,PA endonuclease,4E5F,Crystal structure of avian influenza virus PAn bound to compound 1,X-RAY DIFFRACTION,2.392,2012-08-08,Influenza A virus,Polymerase protein PA,1,0N7,"2-hydroxyisoquinoline-1,3(2H,4H)-dione",177.157,MN SO4,True,False,True,True
virus,PA endonuclease,8DHN,"The N-terminal domain of PA endonuclease from the influenza H1N1 viral polymerase in complex with 6-Bromo-3-hydroxy-2-(5-methyl-1,2,4-oxadiazol-3-yl)pyridin-4(1H)-one",X-RAY DIFFRACTION,2.4,2022-12-21,Influenza A virus,PA endonuclease,1,T6U,"(2P)-6-bromo-3-hydroxy-2-(5-methyl-1,2,4-oxadiazol-3-yl)pyridin-4(1H)-one",272.056,MN,True,False,True,True
virus,PA endonuclease,6V9E,The crystal structure of the 2009 H1N1 PA endonuclease wild type in complex with SJ000988632,X-RAY DIFFRACTION,2.4,2021-02-10,Influenza A virus (A/Luxembourg/43/2009(H1N1)),Polymerase acidic protein,2,QQP Y24,"N-[2-(6-amino-9H-purin-9-yl)ethyl]-5-hydroxy-6-oxo-2-[2-(trifluoromethyl)phenyl]-1,6-dihydropyrimidine-4-carboxamide | 1,1',1'',1''',1''''-[(3R,5S,7S,9R)-decane-1,3,5,7,9-pentayl]penta(pyrrolidin-2-one)",557.725,MN SO4,True,False,True,True
virus,PA endonuclease,6WIJ,The crystal structure of the 2009/H1N1/California PA endonuclease mutant I38T in complex with SJ000986448,X-RAY DIFFRACTION,2.44,2021-04-14,Influenza A virus | Influenza A virus (A/Luxembourg/43/2009(H1N1)),Polymerase acidic protein,2,U3A QQ4,"5-hydroxy-N-[2-(2-methoxypyridin-4-yl)ethyl]-6-oxo-2-[2-(trifluoromethyl)phenyl]-3,6-dihydropyrimidine-4-carboxamide | Hexa Vinylpyrrolidone K15",668.866,MN SO4,True,False,True,True
virus,PA endonuclease,8DQS,The crystal structure of wild type PA endonuclease (2009/H1N1/CALIFORNIA) in complex with compound SJ001023032,X-RAY DIFFRACTION,2.45,2022-09-14,Influenza A virus,Protein PA-X,2,QQ4 T8I,"Hexa Vinylpyrrolidone K15 | 5-hydroxy-N-[2-(2-methoxypyridin-4-yl)ethyl]-6-oxo-2-[4-(trifluoromethyl)phenyl]-3,6-dihydropyrimidine-4-carboxamide",668.866,MN,True,False,True,True
virus,PA endonuclease,5V0U,"Crystal structure of polymerase acid protein (PA) from Influenza A virus, WILSON-SMITH/1933 (H1N1) bound to follow on fragment EBSI-4723 4-(5-chlorothiophen-2-yl)-1H-pyrazole",X-RAY DIFFRACTION,2.45,2017-03-08,Influenza A virus (strain A/Wilson-Smith/1933 H1N1),Polymerase acidic protein,1,8QG,4-(5-chlorothiophen-2-yl)-1H-pyrazole,184.646,,True,False,True,True
virus,PA endonuclease,5IFB,"Crystal structure of polymerase acid protein (PA) from Influenza A virus, WILSON-SMITH/1933 (H1N1) bound to follow on fragment EBSI-4719 5-chloro-2-(1H-imidazol-1-yl)aniline",X-RAY DIFFRACTION,2.45,2017-02-22,Influenza A virus (strain A/Wilson-Smith/1933 H1N1),Polymerase acidic protein,1,6AV,5-chloro-2-(1H-imidazol-1-yl)aniline,193.633,CL DMS,True,False,True,True
virus,PA endonuclease,6CFP,"CRYSTAL STRUCTURE OF POLYMERASE ACID PROTEIN (PA) FROM INFLUENZA A VIRUS, WILSON-SMITH/1933 (H1N1) BOUND TO FRAGMENT HIT BSI-70565 1-{1-[4-FLUOROPHENYL)METHYL]-2-METHYL-1H-IMIDAZOL-4-YL}ETHAN-1-ONE",X-RAY DIFFRACTION,2.45,2018-04-11,Saccharomyces cerevisiae | Influenza A virus,"Ubiquitin-like protein SMT3,Polymerase acidic protein",1,EZS,1-{1-[(4-fluorophenyl)methyl]-2-methyl-1H-imidazol-4-yl}ethan-1-one,232.254,DMS,True,False,True,True
virus,PA endonuclease,4E5L,Crystal structure of avian influenza virus PAn bound to compound 6,X-RAY DIFFRACTION,2.469,2012-08-08,Influenza A virus,Polymerase protein PA,1,DBH,"2,3-DIHYDROXY-BENZOIC ACID",154.12,MN SO4,True,False,True,True
virus,PA endonuclease,7KNR,The crystal structure of the I38T mutant PA endonuclease (2009/H1N1/California) in complex with SJ000988558,X-RAY DIFFRACTION,2.48,2021-11-10,Influenza A virus | Influenza A virus (A/Luxembourg/43/2009(H1N1)),Protein PA-X,2,QQ4 WTD,"Hexa Vinylpyrrolidone K15 | 2-(2,6-difluorophenyl)-5-hydroxy-N-[2-(4-hydroxy-3-methoxyphenyl)ethyl]-6-oxo-3,6-dihydropyrimidine-4-carboxamide",668.866,MN SO4,True,False,True,True
virus,PA endonuclease,7KNY,The crystal structure of the I38T mutant PA endonuclease (2009/H1N1/California) in complex with SJ000988528,X-RAY DIFFRACTION,2.48,2021-11-10,Influenza A virus | Influenza A virus (A/Luxembourg/43/2009(H1N1)),Protein PA-X,2,QQ4 WTG,"Hexa Vinylpyrrolidone K15 | 2-(2-fluorophenyl)-5-hydroxy-N-[2-(4-hydroxy-3-methoxyphenyl)ethyl]-6-oxo-3,6-dihydropyrimidine-4-carboxamide",668.866,MN SO4,True,False,True,True
virus,PA endonuclease,7MX0,The crystal structure of wild type PA endonuclease (2009/H1N1/CALIFORNIA) in complex with SJ000988558,X-RAY DIFFRACTION,2.48,2022-05-18,Influenza A virus (strain swl A/California/04/2009 H1N1),Polymerase acidic protein,2,QQ4 WTD,"Hexa Vinylpyrrolidone K15 | 2-(2,6-difluorophenyl)-5-hydroxy-N-[2-(4-hydroxy-3-methoxyphenyl)ethyl]-6-oxo-3,6-dihydropyrimidine-4-carboxamide",668.866,MN SO4,True,False,True,True
virus,PA endonuclease,9PMP,"Influenza PA-N Endonuclease I38T mutant with compound 1 (3-hydroxy-6-(2-methylphenyl)-4-oxo-1,4-dihydropyridine-2-carboxylic acid)",X-RAY DIFFRACTION,2.49,2026-01-21,Influenza A virus (A/California/04/2009(H1N1)),Polymerase acidic protein,1,HNS,"3-hydroxy-6-(2-methylphenyl)-4-oxo-1,4-dihydropyridine-2-carboxylic acid",245.231,MN,True,False,True,True
virus,PA endonuclease,6E6X,The N-terminal domain of PA endonuclease from the influenza H1N1 virus in complex with 1-(4-(1H-tetrazol-5-yl)phenyl)-5-hydroxy-2-methylpyridin-4(1H)-one,X-RAY DIFFRACTION,2.5,2019-07-31,Influenza A virus,Polymerase acidic protein,1,HWM,5-hydroxy-2-methyl-1-[4-(1H-tetrazol-5-yl)phenyl]pyridin-4(1H)-one,269.259,EDO MN,True,False,True,True
virus,PA endonuclease,4ZHZ,Endonuclease inhibitor bound to influenza strain H1N1 polymerase acidic subunit N-terminal region with expelling one of the metal ions in the active site,X-RAY DIFFRACTION,2.5,2015-05-13,Influenza A virus (strain A/Puerto Rico/8/1934 H1N1),Polymerase acidic protein,1,4P8,5-(2-chlorobenzyl)-2-hydroxy-3-nitrobenzaldehyde,291.687,MN SO4,True,False,True,True
virus,PA endonuclease,6YEM,H1N1 2009 PA Endonuclease in complex with Quambalarine B,X-RAY DIFFRACTION,2.5,2020-09-09,Influenza A virus (A/California/07/2009(H1N1)),"Polymerase acidic protein,Polymerase acidic protein",1,OOH,"3,5,6,8-tetrakis(oxidanyl)-2-pentanoyl-naphthalene-1,4-dione",306.267,CL MG MN,True,False,True,True
virus,PA endonuclease,8DJY,"The N-terminal domain of PA endonuclease from the influenza H1N1 viral polymerase in complex with 6-Bromo-2-(4,5-dihydro-1H-imidazol-2-yl)-3-hydroxypyridin-4(1H)-one",X-RAY DIFFRACTION,2.5,2022-12-21,Influenza A virus,Polymerase acidic protein,1,U3L,"(2M)-6-bromo-2-(4,5-dihydro-1H-imidazol-2-yl)-3-hydroxypyridin-4(1H)-one",258.072,MN,True,False,True,True
virus,PA endonuclease,6V6X,The crystal structure of the 2009 H1N1 PA endonuclease mutant I38T in complex with SJ000988632,X-RAY DIFFRACTION,2.5,2020-12-09,Influenza A virus (A/Luxembourg/43/2009(H1N1)),Polymerase acidic protein,2,QQP QQ4,"N-[2-(6-amino-9H-purin-9-yl)ethyl]-5-hydroxy-6-oxo-2-[2-(trifluoromethyl)phenyl]-1,6-dihydropyrimidine-4-carboxamide | Hexa Vinylpyrrolidone K15",668.866,MN SO4,True,False,True,True
virus,PA endonuclease,7LP7,The crystal structure of the wild type PA endonuclease (2009/H1N1/CALIFORNIA) in complex with SJ000983476,X-RAY DIFFRACTION,2.5,2022-02-16,Influenza A virus (A/Luxembourg/43/2009(H1N1)),Polymerase acidic protein,2,YAD QQ4,(phenylmethyl) (2~{S})-2-[5-oxidanyl-6-oxidanylidene-4-(2-pyridin-4-ylethylcarbamoyl)-1~{H}-pyrimidin-2-yl]pyrrolidine-1-carboxylate | Hexa Vinylpyrrolidone K15,668.866,MN SO4,True,False,True,True
virus,PA endonuclease,8E1Q,The crystal structure of the I38T mutant PA endonuclease (2009/H1N1/CALIFORNIA) in complex with compound SJ001023044,X-RAY DIFFRACTION,2.5,2022-09-14,Influenza A virus (A/Luxembourg/43/2009(H1N1)),Polymerase acidic protein,2,QQ4 U0I,"Hexa Vinylpyrrolidone K15 | 5-hydroxy-N-[2-(4-hydroxy-3-methoxyphenyl)ethyl]-6-oxo-2-{[2-(trifluoromethyl)phenyl]methyl}-1,6-dihydropyrimidine-4-carboxamide",668.866,MN SO4,True,False,True,True
virus,PA endonuclease,8DIP,The crystal structure of I38T mutant PA endonuclease (2009/H1N1/CALIFORNIA) in complex with compound SJ001023030,X-RAY DIFFRACTION,2.5,2023-03-29,Influenza A virus,Protein PA-X,2,SE9 QQ4,"(2P)-5-hydroxy-N-[2-(2-methoxypyridin-4-yl)ethyl]-6-oxo-2-[3-(trifluoromethyl)phenyl]-1,6-dihydropyrimidine-4-carboxamide | Hexa Vinylpyrrolidone K15",668.866,MN SO4,True,False,True,True
virus,PA endonuclease,8PPX,Influenza A/California/07/2009(H1N1) endonuclease in complex with flavonoid-like compound,X-RAY DIFFRACTION,2.5,2025-01-15,Influenza A virus (A/California/07/2009(H1N1)),Polymerase acidic protein,1,85W,"5-oxidanyl-2-[4,5,7-tris(oxidanyl)naphthalen-2-yl]-1H-pyrimidin-6-one",286.24,CL MG MN,True,False,True,True
virus,PA endonuclease,4M4Q,"6-(4-fluorophenyl)-3-hydroxy-5-[4-(1H-1,2,3,4-tetrazol-5-yl)phenyl] -1,2-dihydropyridin-2-one bound to influenza 2009 H1N1 endonuclease",X-RAY DIFFRACTION,2.502,2013-09-18,Influenza A virus (A/Lima/WRAIR1695P/2009(H1N1)),Polymerase PA,1,21A,"6-(4-fluorophenyl)-5-[4-(1H-tetrazol-5-yl)phenyl]pyridine-2,3-diol",349.319,MG MN SO4,True,False,True,True
virus,PA endonuclease,5FDD,Endonuclease inhibitor 1 bound to influenza strain H1N1 polymerase acidic subunit N-terminal region at pH 7.0,X-RAY DIFFRACTION,2.506,2015-12-30,Influenza A virus,"Polymerase acidic protein,Polymerase acidic protein",1,4P8,5-(2-chlorobenzyl)-2-hydroxy-3-nitrobenzaldehyde,291.687,MN SO4,True,False,True,True
virus,PA endonuclease,5WCS,Crystal structure of the influenza virus PA endonuclease in complex with inhibitor 6b (SRI-29789),X-RAY DIFFRACTION,2.525,2018-01-03,Influenza A virus,Polymerase acidic protein,1,9KU,"5-hydroxy-2-[(2S)-1-{[(naphthalen-1-yl)oxy]acetyl}pyrrolidin-2-yl]-6-oxo-1,6-dihydropyrimidine-4-carboxylic acid",409.392,MN,True,False,True,True
virus,PA endonuclease,7UMR,The crystal structure of wild type PA endonuclease (2009/H1N1/CALIFORNIA) in complex with compound SJ001034732-1 (trans-form),X-RAY DIFFRACTION,2.53,2022-10-12,Influenza A virus,Protein PA-X,2,QQ4 NVR,"Hexa Vinylpyrrolidone K15 | (1P,18Z)-5-hydroxy-16,21-dioxa-3,8,28-triazatetracyclo[20.3.1.1~2,6~.1~11,15~]octacosa-1(26),2(28),5,11(27),12,14,18,22,24-nonaene-4,7-dione",668.866,MN SO4,True,False,True,True
virus,PA endonuclease,6WJ4,The crystal structure of the 2009/H1N1/California PA endonuclease wild type in complex with SJ000986448,X-RAY DIFFRACTION,2.55,2021-04-14,Influenza A virus | Influenza A virus (A/Luxembourg/43/2009(H1N1)),Polymerase acidic protein,2,U3A QQ4,"5-hydroxy-N-[2-(2-methoxypyridin-4-yl)ethyl]-6-oxo-2-[2-(trifluoromethyl)phenyl]-3,6-dihydropyrimidine-4-carboxamide | Hexa Vinylpyrrolidone K15",668.866,MN SO4,True,False,True,True
virus,PA endonuclease,6VJH,The crystal structure of the 2009 H1N1/California PA endonuclease wild type in complex with SJ000986192,X-RAY DIFFRACTION,2.55,2021-02-10,Influenza A virus (A/Luxembourg/43/2009(H1N1)),Polymerase acidic protein,2,QZM QQ4,"2-[2-[(cyclohexylmethyl-$l^{3}-oxidanyl)carbonylamino]propan-2-yl]-~{N}-[2-(5-methoxy-4-oxidanyl-cyclohexa-1,3,5-trien-1-yl)ethyl]-5-oxidanyl-6-oxidanylidene-pyrimidine-4-carboxamide | Hexa Vinylpyrrolidone K15",668.866,MN,True,False,True,True
virus,PA endonuclease,7LP8,The crystal structure of I38T mutant PA endonuclease (2009/H1N1/CALIFORNIA) in complex with SJ000983476,X-RAY DIFFRACTION,2.55,2022-02-16,Influenza A virus (A/Luxembourg/43/2009(H1N1)),Polymerase acidic protein,2,QQ4 YAD,Hexa Vinylpyrrolidone K15 | (phenylmethyl) (2~{S})-2-[5-oxidanyl-6-oxidanylidene-4-(2-pyridin-4-ylethylcarbamoyl)-1~{H}-pyrimidin-2-yl]pyrrolidine-1-carboxylate,668.866,MN SO4,True,False,True,True
virus,PA endonuclease,4AWG,Influenza strain pH1N1 2009 polymerase subunit PA endonuclease in complex with diketo compound 3,X-RAY DIFFRACTION,2.6,2012-08-22,INFLUENZA A VIRUS,POLYMERASE PA,1,CI3,(2Z)-4-[(3S)-1-benzyl-3-(4-chlorobenzyl)piperidin-3-yl]-2-hydroxy-4-oxobut-2-enoic acid,413.894,MN SO4,True,False,True,True
virus,PA endonuclease,4AWM,Influenza strain pH1N1 2009 polymerase subunit PA endonuclease in complex with (-)-epigallocatechin gallate from green tea,X-RAY DIFFRACTION,2.6,2012-08-22,INFLUENZA A VIRUS,POLYMERASE PA,1,KDH,"(2R,3R)-5,7-dihydroxy-2-(3,4,5-trihydroxyphenyl)-3,4-dihydro-2H-chromen-3-yl 3,4,5-trihydroxybenzoate",458.372,MN,True,False,True,True
virus,PA endonuclease,8T81,"Influenza PAN endonuclease E23K mutant with 6-(4-(1H-tetrazol-5-yl)-2-(trifluoromethyl)phenyl)-3-hydroxy-4-oxo-1,4-dihydropyridine-2-carboxylic acid",X-RAY DIFFRACTION,2.6,2024-05-08,Influenza A virus,Polymerase acidic protein,1,IJM,"(6M)-3-hydroxy-4-oxo-6-[(4M)-4-(1H-tetrazol-5-yl)-2-(trifluoromethyl)phenyl]-1,4-dihydropyridine-2-carboxylic acid",367.24,MN,True,False,True,True
virus,PA endonuclease,8E21,The crystal structure of wild type PA endonuclease (2009/H1N1/CALIFORNIA) in complex with compound SJ001023034,X-RAY DIFFRACTION,2.61,2022-09-14,Influenza A virus (A/Luxembourg/43/2009(H1N1)),Polymerase acidic protein,2,U9U QQ4,"5-hydroxy-6-oxo-N-[2-(pyridin-4-yl)ethyl]-2-{[2-(trifluoromethyl)phenyl]methyl}-3,6-dihydropyrimidine-4-carboxamide | Hexa Vinylpyrrolidone K15",668.866,MN SO4,True,False,True,True
virus,PA endonuclease,4E5G,Crystal structure of avian influenza virus PAn bound to compound 2,X-RAY DIFFRACTION,2.647,2012-08-08,Influenza A virus,Polymerase protein PA,1,XI7,2-4-DIOXO-4-PHENYLBUTANOIC ACID,192.168,MN SO4,True,False,True,True
virus,PA endonuclease,6E3M,"The N-terminal domain of PA endonuclease from the influenza H1N1 virus in complex with 6-(3-carboxyphenyl)-3-hydroxy-4-oxo-1,4-dihydropyridine-2-carboxylic acid",X-RAY DIFFRACTION,2.65,2019-07-17,Influenza A virus,Polymerase acidic protein,1,HOG,"6-(3-carboxyphenyl)-3-hydroxy-4-oxo-1,4-dihydropyridine-2-carboxylic acid",275.214,EDO MN,True,False,True,True
virus,PA endonuclease,8EDZ,The crystal structure of I38T mutant PA endonuclease (2009/H1N1/CALIFORNIA) in complex with compound SJ000986319,X-RAY DIFFRACTION,2.65,2022-10-05,Influenza A virus (A/Luxembourg/43/2009(H1N1)),Polymerase acidic protein,2,QQ4 WFW,"Hexa Vinylpyrrolidone K15 | benzyl [2-(6-{[2-(4-amino-7H-pyrrolo[2,3-d]pyrimidin-7-yl)ethyl]carbamoyl}-5-hydroxy-4-oxo-1,4-dihydropyrimidin-2-yl)propan-2-yl]carbamate",668.866,MN SO4,True,False,True,True
virus,PA endonuclease,5IFD,"Crystal structure of polymerase acid protein (PA) from Influenza A virus, WILSON-SMITH/1933 (H1N1) bound to follow on fragment EBSI-4721 1-(4-fluorophenyl)-1H-imidazole",X-RAY DIFFRACTION,2.65,2017-02-22,Influenza A virus (strain A/Wilson-Smith/1933 H1N1),Polymerase acidic protein,1,6AQ,1-(4-fluorophenyl)-1H-imidazole,162.164,DMS,True,False,True,True
virus,PA endonuclease,5IFC,"Crystal structure of polymerase acid protein (PA) from Influenza A virus, WILSON-SMITH/1933 (H1N1) bound to follow on fragment EBSI-4720 1-(4-bromophenyl)-1H-imidazole",X-RAY DIFFRACTION,2.65,2017-02-22,Influenza A virus (strain A/Wilson-Smith/1933 H1N1),Polymerase acidic protein,1,6AR,1-(4-bromophenyl)-1H-imidazole,223.069,DMS,True,False,True,True
virus,PA endonuclease,5IF7,"Crystal structure of polymerase acid protein (PA) from Influenza A virus, WILSON-SMITH/1933 (H1N1) bound to fragment hit EBSI-279 N-[(4-chlorophenyl)methyl]-1-methyl-1H-pyrazolo[3,4-d]pyrimidin-4-amine",X-RAY DIFFRACTION,2.65,2017-02-22,Influenza A virus (strain A/Wilson-Smith/1933 H1N1),Polymerase acidic protein,1,6AY,"N-[(4-chlorophenyl)methyl]-1-methyl-1H-pyrazolo[3,4-d]pyrimidin-4-amine",273.721,DMS,True,False,True,True
virus,PA endonuclease,6VL3,The crystal structure of the 2009 H1N1 PA endonuclease mutant I38T in complex with SJ000986436,X-RAY DIFFRACTION,2.68,2021-02-10,Influenza A virus (A/Luxembourg/43/2009(H1N1)),Polymerase acidic protein,2,QQ4 R1D,"Hexa Vinylpyrrolidone K15 | 5-hydroxy-N-[2-(4-hydroxy-3-methoxyphenyl)ethyl]-6-oxo-2-[2-(trifluoromethyl)phenyl]-1,6-dihydropyrimidine-4-carboxamide",668.866,MN SO4,True,False,True,True
virus,PA endonuclease,7ML8,The crystal structure of I38T mutant PA endonuclease (2009/H1N1/CALIFORNIA) in complex with SJ001023038,X-RAY DIFFRACTION,2.7,2021-10-27,Influenza A virus (strain swl A/California/04/2009 H1N1),Polymerase acidic protein,3,QQ4 ZHJ GLU,"Hexa Vinylpyrrolidone K15 | 5-hydroxy-N-[2-(4-hydroxy-3-methoxyphenyl)ethyl]-6-oxo-2-phenyl-1,6-dihydropyrimidine-4-carboxamide | GLUTAMIC ACID",668.866,MN SO4,True,False,True,True
virus,PA endonuclease,7K87,The crystal structure of the 2009 H1N1 PA endonuclease in complex with SJ000986436,X-RAY DIFFRACTION,2.7,2021-09-29,Influenza A virus | Influenza A virus (A/Luxembourg/43/2009(H1N1)),Protein PA-X,2,QQ4 W5V,"Hexa Vinylpyrrolidone K15 | 2-(2,6-difluorophenyl)-5-hydroxy-N-[2-(2-methoxypyridin-4-yl)ethyl]-6-oxo-3,6-dihydropyrimidine-4-carboxamide",668.866,MN,True,False,True,True
virus,PA endonuclease,6V56,The crystal structure of the 2009 H1N1 PA endonuclease wild type in complex with SJ000985494,X-RAY DIFFRACTION,2.75,2021-02-10,Influenza A virus (A/Luxembourg/43/2009(H1N1)),"Polymerase acidic protein,Polymerase acidic protein",2,QPY QQ4,"benzyl (2S)-2-(4-{[2-(6-amino-9H-purin-9-yl)ethyl]carbamoyl}-5-hydroxy-6-oxo-1,6-dihydropyrimidin-2-yl)pyrrolidine-1-carboxylate | Hexa Vinylpyrrolidone K15",668.866,MN SO4,True,False,True,True
virus,PA endonuclease,6VBR,The crystal structure of the 2009 H1N1/California PA endonuclease wild type in complex with SJ000986248,X-RAY DIFFRACTION,2.75,2021-02-10,Influenza A virus (A/Luxembourg/43/2009(H1N1)),Polymerase acidic protein,2,QVV QQ4,"benzyl [2-(4-{[2-(6-amino-9H-purin-9-yl)ethyl]carbamoyl}-5-hydroxy-6-oxo-1,6-dihydropyrimidin-2-yl)propan-2-yl]carbamate | Hexa Vinylpyrrolidone K15",668.866,MN SO4,True,False,True,True
virus,PA endonuclease,6VG9,The crystal structure of the 2009 H1N1/California PA endonuclease I38T mutant in complex with SJ000986248,X-RAY DIFFRACTION,2.75,2021-02-10,Influenza A virus (A/Luxembourg/43/2009(H1N1)),Polymerase acidic protein,2,QQ4 QVV,"Hexa Vinylpyrrolidone K15 | benzyl [2-(4-{[2-(6-amino-9H-purin-9-yl)ethyl]carbamoyl}-5-hydroxy-6-oxo-1,6-dihydropyrimidin-2-yl)propan-2-yl]carbamate",668.866,MN SO4,True,False,True,True
virus,PA endonuclease,7K77,The crystal structure of the 2009 H1N1 PA endonuclease mutant I38T in complex with SJ001008025,X-RAY DIFFRACTION,2.78,2021-09-22,Influenza A virus | Influenza A virus (A/Luxembourg/43/2009(H1N1)),"Protein PA-X,Protein PA-X",2,QQ4 U3A,"Hexa Vinylpyrrolidone K15 | 5-hydroxy-N-[2-(2-methoxypyridin-4-yl)ethyl]-6-oxo-2-[2-(trifluoromethyl)phenyl]-3,6-dihydropyrimidine-4-carboxamide",668.866,MN SO4,True,False,True,True
virus,PA endonuclease,6E3P,"The N-terminal domain of PA endonuclease from the influenza H1N1 virus in complex with 6-(3-(1H-tetrazol-5-yl)phenyl)-3-hydroxy-4-oxo-1,4-dihydropyridine-2-carboxylic acid",X-RAY DIFFRACTION,2.8,2019-07-17,Influenza A virus (strain swl A/California/04/2009 H1N1),Polymerase acidic protein,1,HO1,"3-hydroxy-4-oxo-6-[3-(1H-tetrazol-5-yl)phenyl]-1,4-dihydropyridine-2-carboxylic acid",299.242,MN,True,False,True,True
virus,PA endonuclease,7MPF,The crystal structure of wild type PA endonuclease (2009/H1N1/CALIFORNIA) in complex with SJ000986436,X-RAY DIFFRACTION,2.8,2022-05-04,Influenza A virus (strain swl A/California/04/2009 H1N1),Polymerase acidic protein,2,QQ4 R1D,"Hexa Vinylpyrrolidone K15 | 5-hydroxy-N-[2-(4-hydroxy-3-methoxyphenyl)ethyl]-6-oxo-2-[2-(trifluoromethyl)phenyl]-1,6-dihydropyrimidine-4-carboxamide",668.866,MN SO4,True,False,True,True
virus,PA endonuclease,6VLL,The crystal structure of the 2009/H1N1/California PA endonuclease mutant I38T in complex with SJ000986213,X-RAY DIFFRACTION,2.87,2021-02-24,Influenza A virus (A/Luxembourg/43/2009(H1N1)),Polymerase acidic protein,1,R3J,"benzyl [2-(5-hydroxy-4-{[2-(2-methoxypyridin-4-yl)ethyl]carbamoyl}-6-oxo-1,6-dihydropyrimidin-2-yl)propan-2-yl]carbamate",481.501,MN SO4,True,False,True,True
virus,PA endonuclease,6DCZ,The N-terminal domain of PA endonuclease from the influenza H1N1 virus in complex with 3-hydroxy-4-oxo-4H-pyran-2-carboxylic acid,X-RAY DIFFRACTION,2.89,2018-11-07,Influenza A virus,Polymerase acidic protein,1,G5Y,3-hydroxy-4-oxo-4H-pyran-2-carboxylic acid,156.093,MN,True,False,True,True
virus,PA endonuclease,4E5I,Crystal structure of avian influenza virus PAn bound to compound 4,X-RAY DIFFRACTION,2.944,2012-08-08,Influenza A virus,Polymerase protein PA,1,0N9,"5-hydroxy-2-(1-methyl-1H-imidazol-4-yl)-6-oxo-1,6-dihydropyrimidine-4-carboxylic acid",236.184,MN SO4,True,False,True,True
virus,PA endonuclease,6QCX,Crystal structure of influenza B polymerase initiation state with capped 15-mer RNA primer,X-RAY DIFFRACTION,3.08,2019-06-05,synthetic construct | Influenza B virus,RNA (5'-R(P*AP*GP*UP*AP*GP*UP*AP*AP*CP*AP*AP*GP*AP*G)-3') | RNA (5'-R(*UP*AP*UP*AP*CP*CP*UP*CP*UP*GP*CP*UP*UP*CP*UP*GP*CP*UP*AP*UP*U)-3') | RNA (5'-D(*(GDM))-R(P*GP*AP*AP*UP*GP*CP*UP*AP*UP*AP*AP*UP*AP*GP*C)-3') | Polymerase basic protein 2 | RNA-directed RNA polymerase catalytic subunit | Polymerase acidic protein,1,POP,PYROPHOSPHATE 2-,175.959,MG PO4,True,False,True,True
virus,PA endonuclease,6E3N,"The N-terminal domain of PA endonuclease from the influenza H1N1 virus in complex with 3-hydroxy-4-oxo-6-(o-tolyl)-1,4-dihydropyridine-2-carboxylic acid",X-RAY DIFFRACTION,3.19,2019-07-17,Influenza A virus,Polymerase acidic protein,1,HNS,"3-hydroxy-6-(2-methylphenyl)-4-oxo-1,4-dihydropyridine-2-carboxylic acid",245.231,MN,True,False,True,True
virus,PA endonuclease,6E3O,"The N-terminal domain of PA endonuclease from the influenza H1N1 virus in complex with 6-(2-ethylphenyl)-3-hydroxy-4-oxo-1,4-dihydropyridine-2-carboxylic acid",X-RAY DIFFRACTION,3.19,2019-07-17,Influenza A virus,Polymerase acidic protein,1,HNY,"6-(2-ethylphenyl)-3-hydroxy-4-oxo-1,4-dihydropyridine-2-carboxylic acid",259.257,MN,True,False,True,True
virus,PA endonuclease,6QCV,Crystal structure of influenza B polymerase initiation state with capped 14-mer RNA primer and CTP,X-RAY DIFFRACTION,3.24,2019-06-05,synthetic construct | Influenza B virus,RNA (5'-R(P*AP*GP*UP*AP*GP*UP*AP*AP*CP*AP*AP*GP*AP*G)-3') | RNA (5'-R(*UP*AP*UP*AP*CP*CP*UP*CP*UP*GP*CP*UP*UP*CP*UP*GP*CP*UP*AP*UP*U)-3') | RNA (5'-D(*(GDM))-R(P*GP*AP*AP*UP*GP*CP*UP*AP*UP*AP*AP*UP*AP*G)-3') | Polymerase basic protein 2 | RNA-directed RNA polymerase catalytic subunit | Polymerase acidic protein,1,CTP,CYTIDINE-5'-TRIPHOSPHATE,483.156,MG PO4,True,False,True,True
virus,PA endonuclease,9RAG,"Influenza A/H7N9 polymerase in complex with a 70-mer RNA template, in stalled elongation.",ELECTRON MICROSCOPY,1.99,2026-03-11,Influenza A virus (A/Zhejiang/DTID-ZJU01/2013(H7N9)) | Homo sapiens,RNA template (70-mer) | RNA-directed RNA polymerase catalytic subunit | RNA product | RNA Pol II CTD 6 repeats (site 1A/2A) | Polymerase basic protein 2 | Polymerase acidic protein,1,POP,PYROPHOSPHATE 2-,175.959,MG,False,False,True,True
virus,PA endonuclease,8BE0,Early transcription elongation state of influenza B/Mem polymerase backtracked due to double incoproation of nucleotide analogue T1106 and with singly incoporated T1106 at the C +1 position,ELECTRON MICROSCOPY,2.34,2022-12-28,Influenza B virus | Influenza B virus (B/Memphis/13/2003),mRNA | 3' vRNA | 5' vRNA | Polymerase basic protein 2 | RNA-directed RNA polymerase catalytic subunit | Polymerase acidic protein,1,GTA,"P1-7-METHYLGUANOSINE-P3-ADENOSINE-5',5'-TRIPHOSPHATE",787.441,MG,False,False,True,True
virus,PA endonuclease,7QTL,Influenza A/H7N9 polymerase elongation complex,ELECTRON MICROSCOPY,2.48,2022-12-28,Influenza A virus | Influenza A virus (A/Zhejiang/DTID-ZJU01/2013(H7N9)),mRNA | 3' vRNA | 5' vRNA | Polymerase basic protein 2 | RNA-directed RNA polymerase catalytic subunit | Polymerase acidic protein,2,GTA 2TM,"P1-7-METHYLGUANOSINE-P3-ADENOSINE-5',5'-TRIPHOSPHATE | 5'-O-[(S)-hydroxy{[(S)-hydroxy(phosphonooxy)phosphoryl]methyl}phosphoryl]cytidine",787.441,MG,False,False,True,True
virus,PA endonuclease,7R0E,Early transcription elongation state of influenza A/H7N9 polymerase backtracked due to double incoproation of nucleotide analogue T1106 and with singly incoporated T1106 at the +1 position,ELECTRON MICROSCOPY,2.51,2022-12-28,Influenza A virus | Influenza A virus (A/Zhejiang/DTID-ZJU01/2013(H7N9)),5' vRNA | 3' vRNA | mRNA | Polymerase basic protein 2 | RNA-directed RNA polymerase catalytic subunit | Polymerase acidic protein,1,GTA,"P1-7-METHYLGUANOSINE-P3-ADENOSINE-5',5'-TRIPHOSPHATE",787.441,MG,False,False,True,True
virus,PA endonuclease,7R1F,Early transcription elongation state of influenza B polymerase backtracked due to double incoproation of nucleotide analogue T1106,ELECTRON MICROSCOPY,2.58,2022-12-28,Influenza B virus | Influenza B virus (B/Memphis/13/2003),mRNA | 3' vRNA | 5' vRNA | Polymerase basic protein 2 | RNA-directed RNA polymerase catalytic subunit | Polymerase acidic protein,1,GTA,"P1-7-METHYLGUANOSINE-P3-ADENOSINE-5',5'-TRIPHOSPHATE",787.441,MG,False,False,True,True
virus,PA endonuclease,8BDR,Early transcription elongation state of influenza B/Mem polymerase backtracked due to double incoproation of nucleotide analogue T1106 and with singly incoporated T1106 at the U +1 position,ELECTRON MICROSCOPY,2.7,2022-12-28,Influenza B virus (B/Kaliningrad/RII06/2012) | Influenza B virus (B/Acre/117700/2012) | Influenza B virus | Influenza B virus (B/Memphis/13/2003),mRNA | 3' vRNA | 5' vRNA | Polymerase basic protein 2 | RNA-directed RNA polymerase catalytic subunit | Polymerase acidic protein,1,GTA,"P1-7-METHYLGUANOSINE-P3-ADENOSINE-5',5'-TRIPHOSPHATE",787.441,MG,False,False,True,True
virus,PA endonuclease,8BEK,Early transcription elongation state of influenza A/H7N9 backtracked polymerase with singly incoporated T1106 at the U +1 position,ELECTRON MICROSCOPY,2.86,2022-12-28,Influenza A virus | Influenza A virus (A/Zhejiang/DTID-ZJU01/2013(H7N9)),5' vRNA | 3' vRNA | mRNA | Polymerase basic protein 2 | RNA-directed RNA polymerase catalytic subunit | Polymerase acidic protein,1,GTA,"P1-7-METHYLGUANOSINE-P3-ADENOSINE-5',5'-TRIPHOSPHATE",787.441,MG,False,False,True,True
virus,PA endonuclease,8BF5,Early transcription elongation state of influenza A/H7N9 polymerase stalled with incoming GTP analogue,ELECTRON MICROSCOPY,2.96,2022-12-28,Influenza B virus | Influenza B virus (B/Memphis/13/2003),mRNA | 3' vRNA | 5' vRNA | Polymerase basic protein 2 | RNA-directed RNA polymerase catalytic subunit | Polymerase acidic protein,2,GTA G2P,"P1-7-METHYLGUANOSINE-P3-ADENOSINE-5',5'-TRIPHOSPHATE | PHOSPHOMETHYLPHOSPHONIC ACID GUANYLATE ESTER",787.441,MG,False,False,True,True
virus,PA endonuclease,4CGS,Crystal structure of the N-terminal domain of the PA subunit of Dhori virus polymerase,X-RAY DIFFRACTION,1.3,2014-02-05,DHORI VIRUS,POLYMERASE SUBUNIT PA,0,,,0.0,GOL,True,False,False,False
virus,PA endonuclease,4M5Q,High-resolution apo influenza 2009 H1N1 endonuclease structure,X-RAY DIFFRACTION,1.534,2013-09-18,Influenza A virus (A/Lima/WRAIR1695P/2009(H1N1)),Polymerase PA,0,,,0.0,EDO MN,True,False,False,False
virus,PA endonuclease,6SYI,C-TERMINAL DOMAIN OF INFLUENZA POLYMERASE PA SUBUNIT AND OPTIMIZED SMALL PEPTIDE INHIBITOR,X-RAY DIFFRACTION,1.6,2020-11-25,synthetic construct | Influenza A virus (A/Wisconsin/629-D00036/2009(H1N1)),PB1-11 | Polymerase acidic protein,0,,,0.0,EDO PGE,True,False,False,False
virus,PA endonuclease,7XGC,Crystal structure of influenza polymerase acidic subunit N-terminal domain crystallized by ammonium sulfate with glycan,X-RAY DIFFRACTION,1.6,2022-04-20,Influenza A virus (A/Puerto Rico/8/1934(H1N1)),Polymerase acidic protein,0,,,0.0,MN SO4,True,False,False,False
virus,PA endonuclease,5FML,Crystal structure of the endonuclease from the PA subunit of influenza B virus bound to the PB2 subunit NLS peptide,X-RAY DIFFRACTION,1.7,2016-01-13,INFLUENZA B VIRUS,PA SUBUNIT OF INFLUENZA B POLYMERASE | PB2 SUBUNIT OF INFLUENZA B POLYMERASE,0,,,0.0,GOL MG,True,False,False,False
virus,PA endonuclease,5JHT,Apo form of influenza strain H1N1 polymerase acidic subunit N-terminal region crystallized with potassium sodium tartrate,X-RAY DIFFRACTION,1.751,2016-05-11,Influenza A virus,Polymerase acidic protein,0,,,0.0,MN TLA,True,False,False,False
virus,PA endonuclease,6FSB,Influenza B/Memphis/13/03 endonuclease with I38T mutation,X-RAY DIFFRACTION,1.8,2018-07-11,Influenza B virus (B/Memphis/13/2003),Polymerase acidic protein,0,,,0.0,MG MN,True,False,False,False
virus,PA endonuclease,4ZQQ,Apo form of influenza strain H1N1 polymerase acidic subunit N-terminal region,X-RAY DIFFRACTION,1.8,2015-06-03,Influenza A virus (strain A/Puerto Rico/8/1934 H1N1),"Polymerase acidic protein,Polymerase acidic protein",0,,,0.0,MN SO4,True,False,False,False
virus,PA endonuclease,4M5V,Influenza 2009 H1N1 endonuclease with 100 millimolar calcium,X-RAY DIFFRACTION,1.8,2013-09-18,Influenza A virus (A/Lima/WRAIR1695P/2009(H1N1)),Polymerase PA,0,,,0.0,CA SO4,True,False,False,False
virus,PA endonuclease,4IUJ,"Structure of Polymerase acid protein (PA) from Influenzavirus A Influenza A virus A, WILSON-SMITH/1933 (H1N1)",X-RAY DIFFRACTION,1.9,2013-02-06,Influenza A virus,Polymerase acidic protein,0,,,0.0,,True,False,False,False
virus,PA endonuclease,7ZPY,Influenza polymerase A C-terminal domain of PA subunit with optimized small peptide inhibitor,X-RAY DIFFRACTION,1.9,2022-10-26,synthetic construct | Influenza A virus (A/California/07/2009(H1N1)),Peptide inhibitor (ASP-TYR-ASN-PRO-TYR-LEU-LEU-TYR-LEU-LYS) | Polymerase acidic protein,1,MOE,METHOXY-ETHOXYL,75.086,,True,False,True,False
virus,PA endonuclease,6WHM,"The crystal structure of the 2009/H1N1/California PA endonuclease wild type bound to DNA oligomer TAGC (cleaved TTAGCATT, 5mM overnight DNA soak)",X-RAY DIFFRACTION,1.92,2021-02-03,synthetic construct | Influenza A virus | Influenza A virus (A/Luxembourg/43/2009(H1N1)),"DNA (5'-D(P*TP*AP*GP*C)-3') | PA-X protein,Polymerase acidic protein",0,,,0.0,GOL MG MN SO4,True,False,False,False
virus,PA endonuclease,5CZN,2009 H1N1 PA endonuclease mutant E119D,X-RAY DIFFRACTION,1.98,2016-03-16,Influenza A virus,Polymerase acidic protein,0,,,0.0,MN SO4,True,False,False,False
virus,PA endonuclease,5CXR,Influenza endonuclease complexed with 4-bromopyrazole,X-RAY DIFFRACTION,2.002,2015-12-30,Influenza A virus,endonuclease,1,BYZ,4-bromo-1H-pyrazole,146.973,EDO MN SO4,True,False,True,False
virus,PA endonuclease,8T5Z,Influenza PA-N Endonuclease (amino acids 52-74 truncation),X-RAY DIFFRACTION,2.03,2024-05-08,Influenza A virus,Polymerase acidic protein,0,,,0.0,MN,True,False,False,False
virus,PA endonuclease,4E5E,Crystal structure of avian influenza virus PAn Apo,X-RAY DIFFRACTION,2.048,2012-08-08,Influenza A virus,Polymerase protein PA,0,,,0.0,MN SO4,True,False,False,False
virus,PA endonuclease,5DES,2009 H1N1 PA endonuclease domain,X-RAY DIFFRACTION,2.05,2016-03-16,Influenza A virus,Polymerase acidic protein,0,,,0.0,MN,True,False,False,False
virus,PA endonuclease,2W69,Influenza polymerase fragment,X-RAY DIFFRACTION,2.05,2009-02-03,INFLUENZA A VIRUS,POLYMERASE ACIDIC PROTEIN,0,,,0.0,MN SO4,True,False,False,False
virus,PA endonuclease,8T67,Influenza PA-N Endonuclease I38T Mutant (amino acids 52-74 truncation),X-RAY DIFFRACTION,2.08,2024-05-08,Influenza A virus,Polymerase acidic protein,0,,,0.0,MN,True,False,False,False
virus,PA endonuclease,8VGZ,Influenza PA-N Endonuclease E23K Mutant (amino acids 52-74 truncation),X-RAY DIFFRACTION,2.09,2024-02-14,Influenza A virus (A/California/04/2009(H1N1)),Protein PA-X,0,,,0.0,MN,True,False,False,False
virus,PA endonuclease,6W7A,"The crystal structure of the 2009/H1N1/California PA endonuclease mutant E119D bound to DNA oligomer TAGCAT (uncleaved, 5mM overnight DNA soak)",X-RAY DIFFRACTION,2.09,2021-02-03,Influenza A virus | Influenza A virus (A/Luxembourg/43/2009(H1N1)) | synthetic construct,"Protein PA-X,Polymerase acidic protein | DNA (5'-D(P*TP*AP*GP*CP*AP*T)-3')",0,,,0.0,GOL MN SO4,True,False,False,False
virus,PA endonuclease,4AVQ,Influenza strain pH1N1 2009 polymerase subunit PA endonuclease,X-RAY DIFFRACTION,2.1,2012-08-22,INFLUENZA A VIRUS,POLYMERASE PA,0,,,0.0,MG MN,True,False,False,False
virus,PA endonuclease,5D2O,2009 H1N1 PA endonuclease mutant F105S,X-RAY DIFFRACTION,2.15,2016-03-16,Influenza A virus,Polymerase acidic protein,0,,,0.0,MN,True,False,False,False
virus,PA endonuclease,9FXX,Influenza polymerase A C-terminal domain of PA subunit with stapled peptide inhibitor,X-RAY DIFFRACTION,2.16,2025-07-16,Influenza A virus (A/California/07/2009(H1N1)),Stapled peptide inhibitor | Polymerase acidic protein,1,A1IG4,(E)-but-2-ene,56.106,EDO PGE,True,False,True,False
virus,PA endonuclease,4P9A,X-ray Crystal Structure of PA protein from Influenza strain H7N9,X-RAY DIFFRACTION,2.1999,2014-07-30,Influenza A virus,Polymerase PA,0,,,0.0,GOL,True,False,False,False
virus,PA endonuclease,3EBJ,Crystal structure of an avian influenza virus protein,X-RAY DIFFRACTION,2.2,2009-02-10,Influenza A virus,Polymerase acidic protein,0,,,0.0,MG,True,False,False,False
virus,PA endonuclease,6WS3,The crystal structure of the 2009/H1N1/California PA endonuclease wild type bound to DNA oligomers TG and AGCA (from cleaved GTGAGCAGTG),X-RAY DIFFRACTION,2.2,2021-02-03,synthetic construct | Influenza A virus | Influenza A virus (A/Luxembourg/43/2009(H1N1)),"DNA (5'-D(P*TP*G)-3') | Protein PA-X,Polymerase acidic protein",0,,,0.0,GOL MN SO4,True,False,False,False
virus,PA endonuclease,9FXV,Influenza polymerase A C-terminal domain of PA subunit with peptide inhibitor containing two norleucines,X-RAY DIFFRACTION,2.3,2025-07-16,synthetic construct | Influenza A virus (A/California/07/2009(H1N1)),Peptide inhibitor | Polymerase acidic protein,0,,,0.0,EDO PG4,True,False,False,False
virus,PA endonuclease,2ZNL,Crystal structure of PA-PB1 complex form influenza virus RNA polymerase,X-RAY DIFFRACTION,2.3,2008-09-02,Influenza A virus,RNA-directed RNA polymerase catalytic subunit | Polymerase acidic protein,0,,,0.0,,True,False,False,False
virus,PA endonuclease,3HW6,Crystal structure of avian influenza virus PA_N in complex with Mn,X-RAY DIFFRACTION,2.5,2009-10-13,Influenza A virus (A/Goose/Guangdong/1/96(H5N1)),Polymerase acidic protein,0,,,0.0,MN,True,False,False,False
virus,PA endonuclease,4WSB,Bat Influenza A polymerase with bound vRNA promoter,X-RAY DIFFRACTION,2.65,2014-11-19,unidentified influenza virus | Influenza A virus,Influenza A polymerase vRNA promoter 5' end | Influenza A polymerase vRNA promoter 3' end | Polymerase PB2 | RNA-directed RNA polymerase catalytic subunit | Polymerase PA,0,,,0.0,PO4 ZN,True,False,False,False
virus,PA endonuclease,4NFZ,Crystal structure of polymerase subunit PA N-terminal endonuclease domain from bat-derived influenza virus H17N10,X-RAY DIFFRACTION,2.7,2013-12-18,Influenza A virus,Polymerase PA,0,,,0.0,MN,True,False,False,False
virus,PA endonuclease,4CGX,Crystal structure of the N-terminal domain of the PA subunit of Thogoto virus polymerase (form 1),X-RAY DIFFRACTION,2.7,2014-02-05,THOGOTO VIRUS,POLYMERASE ACIDIC PROTEIN,0,,,0.0,,True,False,False,False
virus,PA endonuclease,5JHV,Apo form of influenza strain H1N1 polymerase acidic subunit N-terminal region crystallized with polyethylene glycol 8000,X-RAY DIFFRACTION,2.749,2016-05-11,Influenza A virus,Polymerase acidic protein,0,,,0.0,MN,True,False,False,False
virus,PA endonuclease,4CHC,Crystal structure of the N-terminal domain of the PA subunit of Thogoto virus polymerase (form 2),X-RAY DIFFRACTION,2.77,2014-02-05,THOGOTO VIRUS,POLYMERASE ACIDIC PROTEIN,0,,,0.0,,True,False,False,False
virus,PA endonuclease,6QCW,Crystal structure of influenza B polymerase initiation state with capped 14-mer RNA primer,X-RAY DIFFRACTION,2.88,2019-06-05,synthetic construct | Influenza B virus,RNA (5'-R(P*AP*GP*UP*AP*GP*UP*AP*AP*CP*AP*AP*GP*AP*G)-3') | RNA (5'-R(*UP*AP*UP*AP*CP*CP*UP*CP*UP*GP*CP*UP*UP*CP*UP*GP*CP*UP*AP*UP*U)-3') | RNA (5'-D(*(GDM))-R(P*GP*AP*AP*UP*GP*CP*CP*AP*UP*AP*AP*UP*AP*G)-3') | Polymerase basic protein 2 | RNA-directed RNA polymerase catalytic subunit | Polymerase acidic protein,0,,,0.0,PO4,True,False,False,False
virus,PA endonuclease,6QNW,Influenza A Polymerase Heterotrimer Human H3N2 Northern Territory 1968,X-RAY DIFFRACTION,3.31,2019-09-04,Influenza A virus (A/Northern Territory/60/1968(H3N2)) | Influenza A virus (strain A/Northern Territory/60/1968 H3N2),Polymerase acidic protein | Polymerase basic protein 2 | RNA-directed RNA polymerase catalytic subunit,0,,,0.0,,True,False,False,False
virus,PA endonuclease,6TU5,Influenza A/H7N9 polymerase core (apo),X-RAY DIFFRACTION,3.325,2020-04-15,Influenza A virus (A/Zhejiang/DTID-ZJU01/2013(H7N9)),Polymerase acidic protein | Polymerase basic protein 2 | RNA-directed RNA polymerase catalytic subunit,0,,,0.0,MG,True,False,False,False
virus,PA endonuclease,5FMZ,Crystal structure of Influenza B polymerase with bound 5' vRNA,X-RAY DIFFRACTION,3.4,2016-01-13,INFLUENZA B VIRUS (B/MEMPHIS/13/2003),5'-R(*AP*GP*UP*AP*GP*UP*AP*AP*CP*AP*AP*GP)-3' | POLYMERASE BASIC PROTEIN 2 | RNA-DIRECTED RNA POLYMERASE CATALYTIC SUBUNIT | POLYMERASE ACIDIC PROTEIN,0,,,0.0,,True,False,False,False
virus,PA endonuclease,7Z4O,Influenza A/H7N9 polymerase core dimer with Pol II pSer5 CTD peptide mimic bound in site 2A,X-RAY DIFFRACTION,3.412,2022-05-11,Influenza A virus | Homo sapiens,RNA (5'-R(P*AP*GP*UP*AP*GP*UP*AP*AP*CP*AP*AP*G)-3') | SER-TYR-SER-PRO-THR-SEP-PRO-SER-TYR-SER | Polymerase basic protein 2 | RNA-directed RNA polymerase catalytic subunit | Polymerase acidic protein,0,,,0.0,MG,True,False,False,False
virus,PA endonuclease,6QPF,Influenza A virus Polymerase Heterotrimer A/duck/Fujian/01/2002(H5N1),X-RAY DIFFRACTION,3.634,2019-09-04,Influenza A virus,Polymerase basic protein 2 | RNA-directed RNA polymerase catalytic subunit | Polymerase acidic protein,0,,,0.0,,True,False,False,False
virus,PA endonuclease,5MSG,Influenza B polymerase bound to vRNA promoter and capped RNA primer,X-RAY DIFFRACTION,3.8,2017-02-08,Influenza B virus | synthetic construct,Polymerase acidic protein | RNA-directed RNA polymerase catalytic subunit | Polymerase basic protein 2 | RNA (5'-D(*(GDM))-R(P*AP*AP*UP*C)-3') | RNA (5'-R(*UP*AP*UP*AP*CP*CP*UP*CP*UP*GP*CP*UP*UP*CP*UP*GP*CP*U)-3') | RNA (5'-R(P*AP*GP*UP*AP*GP*UP*AP*AP*CP*AP*AP*GP*AP*G)-3'),0,,,0.0,PO4,True,False,False,False
virus,PA endonuclease,5D98,Influenza C Virus RNA-dependent RNA Polymerase - Space group P43212,X-RAY DIFFRACTION,3.9,2015-10-21,Influenza C virus (strain C/Johannesburg/1/1966),Polymerase basic protein 2 | RNA-directed RNA polymerase catalytic subunit | Polymerase acidic protein,0,,,0.0,MG,True,False,False,False
virus,PA endonuclease,5EPI,CRYSTAL STRUCTURE OF INFLUENZA B POLYMERASE WITH BOUND 5' CRNA EXHIBITS A NOVEL DOMAIN ARRANGEMENT,X-RAY DIFFRACTION,4.1,2016-01-13,Influenza B virus (B/Memphis/13/2003),CRNA 5' END | Polymerase basic protein 2 | RNA-directed RNA polymerase catalytic subunit | Polymerase acidic protein,0,,,0.0,,True,False,False,False
virus,PA endonuclease,5D9A,Influenza C Virus RNA-dependent RNA Polymerase - Space group P212121,X-RAY DIFFRACTION,4.3,2015-10-21,Influenza C virus (strain C/Johannesburg/1/1966),Polymerase acidic protein | RNA-directed RNA polymerase catalytic subunit | Polymerase basic protein 2,0,,,0.0,,True,False,False,False
virus,PA endonuclease,9RAF,Influenza A/H7N9 polymerase in complex with a 70-mer template in stalled elongation with backtracking and stem.,ELECTRON MICROSCOPY,2.15,2026-03-11,Influenza A virus (A/Zhejiang/DTID-ZJU01/2013(H7N9)) | Homo sapiens,RNA template (70-mer) | RNA-directed RNA polymerase catalytic subunit | RNA product | RNA Pol II CTD 6 repeats (site 1A/2A) | Polymerase basic protein 2 | Polymerase acidic protein,0,,,0.0,MG,False,False,False,False
virus,PA endonuclease,9RVE,Structure of human 1918 influenza A polymerase heterotrimer in complex with 1918 NEP.,ELECTRON MICROSCOPY,2.53,2025-12-24,Influenza A virus (A/Brevig Mission/1/1918(H1N1)),Nuclear export protein | Polymerase basic protein 2 | RNA-directed RNA polymerase catalytic subunit | Polymerase acidic protein,0,,,0.0,,False,False,False,False
virus,PA endonuclease,8RMQ,Influenza polymerase A/H7N9-4M (ENDO(R) | Core2),ELECTRON MICROSCOPY,2.54,2024-09-11,Influenza A virus (A/Zhejiang/DTID-ZJU01/2013(H7N9)),Polymerase basic protein 2 | RNA-directed RNA polymerase catalytic subunit | Polymerase acidic protein,0,,,0.0,MG,False,False,False,False
virus,PA endonuclease,8RMP,Influenza polymerase A/H7N9-4M (ENDO(R) | Core1),ELECTRON MICROSCOPY,2.77,2024-09-11,Influenza A virus (A/Zhejiang/DTID-ZJU01/2013(H7N9)),Polymerase basic protein 2 | RNA-directed RNA polymerase catalytic subunit | Polymerase acidic protein,0,,,0.0,MG,False,False,False,False
virus,PA endonuclease,8RN3,"Pseudo-symmetrical influenza B polymerase apo-dimer, encapsidase moiety (from ""Influenza B polymerase pseudo-symmetrical dimer"" | Local refinement)",ELECTRON MICROSCOPY,2.78,2024-09-11,Influenza B virus (B/Memphis/13/2003),Polymerase basic protein 2 | RNA-directed RNA polymerase catalytic subunit | Polymerase acidic protein,0,,,0.0,MG,False,False,False,False
virus,PA endonuclease,7ZPM,Influenza A/H7N9 polymerase apo-protein dimer complex,ELECTRON MICROSCOPY,2.81,2022-12-28,Influenza A virus (A/Zhejiang/DTID-ZJU01/2013(H7N9)),Polymerase basic protein 2 | RNA-directed RNA polymerase catalytic subunit | Polymerase acidic protein,0,,,0.0,,False,False,False,False
virus,PA endonuclease,8RN6,"Pseudo-symmetrical influenza B polymerase apo-dimer, ENDO(E) moiety (from ""Influenza B polymerase pseudo-symmetrical dimer"" | Local refinement)",ELECTRON MICROSCOPY,2.82,2024-09-11,Influenza B virus (B/Memphis/13/2003),Polymerase basic protein 2 | RNA-directed RNA polymerase catalytic subunit | Polymerase acidic protein,0,,,0.0,,False,False,False,False
virus,PA endonuclease,8RN4,"Pseudo-symmetrical influenza B polymerase apo-dimer, ENDO(T) moiety (from ""Influenza B polymerase pseudo-symmetrical dimer"" | Local refinement)",ELECTRON MICROSCOPY,2.87,2024-09-11,Influenza B virus (B/Memphis/13/2003),Polymerase basic protein 2 | RNA-directed RNA polymerase catalytic subunit | Polymerase acidic protein,0,,,0.0,MG,False,False,False,False
virus,PA endonuclease,8RN5,"Pseudo-symmetrical influenza B polymerase apo-dimer, ENDO(R) moiety (from ""Influenza B polymerase pseudo-symmetrical dimer"" | Local refinement)",ELECTRON MICROSCOPY,2.88,2024-09-11,Influenza B virus (B/Memphis/13/2003),Polymerase basic protein 2 | RNA-directed RNA polymerase catalytic subunit | Polymerase acidic protein,0,,,0.0,MG,False,False,False,False
virus,PA endonuclease,8RN2,"Monomeric apo-influenza B polymerase, encapsidase conformation",ELECTRON MICROSCOPY,2.89,2024-09-11,Influenza B virus (B/Memphis/13/2003),Polymerase basic protein 2 | RNA-directed RNA polymerase catalytic subunit | Polymerase acidic protein,0,,,0.0,,False,False,False,False
virus,PA endonuclease,8RN8,Influenza B polymerase pseudo-symmetrical apo-dimer (FluPol(E)|FluPol(S)),ELECTRON MICROSCOPY,2.92,2024-09-11,Influenza B virus (B/Memphis/13/2003),Polymerase basic protein 2 | RNA-directed RNA polymerase catalytic subunit | Polymerase acidic protein,0,,,0.0,MG,False,False,False,False
virus,PA endonuclease,9RYC,Structure of human 1918 influenza A polymerase heterotrimer in complex with WSN NEP.,ELECTRON MICROSCOPY,2.93,2025-12-24,Influenza A virus (A/Brevig Mission/1/1918(H1N1)),Nuclear export protein | Polymerase basic protein 2 | RNA-directed RNA polymerase catalytic subunit | Polymerase acidic protein,0,,,0.0,,False,False,False,False
virus,PA endonuclease,9LCK,Cryo-EM structure of influenza polymerase bound to cRNA promoter,ELECTRON MICROSCOPY,2.98,2026-01-21,Influenza A virus (strain A/Goose/Guangdong/1/1996 H5N1 genotype Gs/Gd),Polymerase acidic protein | RNA-directed RNA polymerase catalytic subunit | PB2-S1 | 3'-cRNA | 5'-cRNA,0,,,0.0,,False,False,False,False
virus,PA endonuclease,6RR7,Influenza A virus (A/NT/60/1968) polymerase Heterotrimer bound to 3'5' vRNA promoter and capped RNA primer,ELECTRON MICROSCOPY,3.01,2019-09-04,Influenza A virus (A/nt/60/1968(H3N2)) | Spodoptera frugiperda | Influenza A virus (strain A/Northern Territory/60/1968 H3N2),RNA (5'-R(P*AP*GP*UP*AP*GP*AP*AP*AP*CP*AP*AP*GP*GP*C)-3') | RNA (5'-R(P*GP*CP*CP*UP*GP*CP*UP*UP*UP*UP*G)-3') | RNA (5'-D(*(M7G))-R(P*AP*AP*UP*CP*U)-3') | Polymerase basic protein 2 | RNA-directed RNA polymerase catalytic subunit | Polymerase acidic protein,0,,,0.0,,False,False,False,False
virus,PA endonuclease,8RN7,"Pseudo-symmetrical influenza B polymerase apo-dimer, core-only moeity (from ""Influenza B polymerase pseudo-symmetrical dimer"" | Local refinement)",ELECTRON MICROSCOPY,3.09,2024-09-11,Influenza B virus (B/Memphis/13/2003),Polymerase basic protein 2 | RNA-directed RNA polymerase catalytic subunit | Polymerase acidic protein,0,,,0.0,MG,False,False,False,False
virus,PA endonuclease,8R1L,Structure of avian H5N1 influenza A polymerase in complex with human ANP32B.,ELECTRON MICROSCOPY,3.1,2024-05-08,Influenza A virus | Homo sapiens,Polymerase basic protein 2 | RNA-directed RNA polymerase catalytic subunit | Polymerase acidic protein | Acidic leucine-rich nuclear phosphoprotein 32 family member B,0,,,0.0,,False,False,False,False
virus,PA endonuclease,6QCS,Influenza B polymerase pre-initiation complex,ELECTRON MICROSCOPY,3.1,2019-06-05,Influenza B virus,3 end | 5 end | Capped RNA | Polymerase basic protein 2 | RNA-directed RNA polymerase catalytic subunit | Polymerase acidic protein,0,,,0.0,MG,False,False,False,False
virus,PA endonuclease,7ZPL,Symmetric dimer of influenza A/H7N9 polymerase bound to 5' vRNA hook,ELECTRON MICROSCOPY,3.12,2022-12-28,Influenza A virus (A/Zhejiang/DTID-ZJU01/2013(H7N9)),5' vRNA | Polymerase basic protein 2 | RNA-directed RNA polymerase catalytic subunit | Polymerase acidic protein,0,,,0.0,MG,False,False,False,False
virus,PA endonuclease,8RN0,"Influenza polymerase A/H7N9-4M encapsidase plus 627(R) / human ANP32A (from ""Influenza polymerase A/H7N9-4M replication complex"" | Local refinement)",ELECTRON MICROSCOPY,3.13,2024-09-11,Homo sapiens | Influenza A virus (A/Zhejiang/DTID-ZJU01/2013(H7N9)),Acidic leucine-rich nuclear phosphoprotein 32 family member A | RNA-directed RNA polymerase catalytic subunit | Polymerase acidic protein | Polymerase basic protein 2,0,,,0.0,,False,False,False,False
virus,PA endonuclease,6T0W,Human Influenza B polymerase recycling complex,ELECTRON MICROSCOPY,3.18,2020-04-15,Influenza B virus,vRNA | Polymerase PB2 | RNA-directed RNA polymerase catalytic subunit | Polymerase acidic protein,0,,,0.0,,False,False,False,False
virus,PA endonuclease,8R1J,Structure of avian H5N1 influenza A polymerase dimer in complex with human ANP32B.,ELECTRON MICROSCOPY,3.2,2024-05-08,Homo sapiens | Influenza A virus,Acidic leucine-rich nuclear phosphoprotein 32 family member B | Polymerase basic protein 2 | RNA-directed RNA polymerase catalytic subunit | Polymerase acidic protein,0,,,0.0,,False,False,False,False
virus,PA endonuclease,6QCT,Influenza B polymerase elongation complex,ELECTRON MICROSCOPY,3.2,2019-06-05,Influenza B virus | Influenza B virus (B/Memphis/13/2003),capped RNA | 3 end | 5 end | Polymerase basic protein 2 | RNA-directed RNA polymerase catalytic subunit | Polymerase acidic protein,0,,,0.0,MG,False,False,False,False
virus,PA endonuclease,6Y0C,Influenza C virus polymerase in complex with human ANP32A - Subclass 2,ELECTRON MICROSCOPY,3.2,2020-11-25,Influenza C virus (C/Johannesburg/1/66) | Influenza A virus (A/nt/60/1968(H3N2)),Polymerase acidic protein | RNA-directed RNA polymerase catalytic subunit | Polymerase basic protein 2 | RNA (5'-R(*AP*GP*UP*AP*GP*AP*AP*AP*CP*AP*AP*GP*GP*GP*CP*CP*UP*UP*UP*U)-3'),0,,,0.0,,False,False,False,False
virus,PA endonuclease,8RMS,"Influenza polymerase A/H7N9-4M replicase minus 627(R) (from ""Influenza polymerase A/H7N9-4M replication complex"" | Local refinement)",ELECTRON MICROSCOPY,3.21,2024-09-11,Influenza A virus (A/Zhejiang/DTID-ZJU01/2013(H7N9)),Polymerase basic protein 2 | RNA-directed RNA polymerase catalytic subunit | Polymerase acidic protein,0,,,0.0,MG,False,False,False,False
virus,PA endonuclease,8RMR,"Influenza polymerase A/H7N9-4M replication complex, an asymmetric polymerase dimer bound to human ANP32A",ELECTRON MICROSCOPY,3.25,2024-09-11,Homo sapiens | Influenza A virus (A/Zhejiang/DTID-ZJU01/2013(H7N9)),Acidic leucine-rich nuclear phosphoprotein 32 family member A | Polymerase basic protein 2 | RNA-directed RNA polymerase catalytic subunit | Polymerase acidic protein,0,,,0.0,MG,False,False,False,False
virus,PA endonuclease,8POH,Influenza A/H7N9 polymerase symmetric dimer bound to the promoter (PA K289A/C489R),ELECTRON MICROSCOPY,3.3,2024-02-21,Influenza A virus (A/Zhejiang/DTID-ZJU01/2013(H7N9)),51-mer vRNA loop (v51_mut_S) | Polymerase basic protein 2 | RNA-directed RNA polymerase catalytic subunit | Polymerase acidic protein,0,,,0.0,MG,False,False,False,False
virus,PA endonuclease,8RNB,"Influenza B polymerase, encapsidase plus 627(R) / human ANP32A (from ""Influenza B polymerase apo-trimer"" | Local refinement)",ELECTRON MICROSCOPY,3.31,2024-09-11,Homo sapiens | Influenza B virus (B/Memphis/13/2003),Acidic leucine-rich nuclear phosphoprotein 32 family member A | Polymerase basic protein 2 | RNA-directed RNA polymerase catalytic subunit | Polymerase acidic protein,0,,,0.0,,False,False,False,False
virus,PA endonuclease,8RN9,"Influenza B polymerase, replicase (from ""Influenza B polymerase apo-trimer"" | Local refinement)",ELECTRON MICROSCOPY,3.31,2024-09-11,Influenza B virus (B/Memphis/13/2003),Polymerase basic protein 2 | RNA-directed RNA polymerase catalytic subunit | Polymerase acidic protein,0,,,0.0,,False,False,False,False
virus,PA endonuclease,6XZD,Influenza C virus polymerase complex without chicken ANP32A - Subclass 2,ELECTRON MICROSCOPY,3.4,2020-12-23,synthetic construct | Influenza C virus (strain C/Johannesburg/1/1966),RNA (5'-R(*AP*GP*UP*AP*GP*AP*AP*AP*CP*AP*AP*GP*GP*GP*CP*CP*CP*UP*GP*C)-3') | Polymerase acidic protein | RNA-directed RNA polymerase catalytic subunit | Polymerase basic protein 2,0,,,0.0,,False,False,False,False
virus,PA endonuclease,8RNC,"Influenza B polymerase, replication complex, an asymmetric polymerase dimer bound to human ANP32A (from ""Influenza B polymerase apo-trimer"" | Local refinement)",ELECTRON MICROSCOPY,3.52,2024-09-11,Homo sapiens | Influenza B virus (B/Memphis/13/2003),Acidic leucine-rich nuclear phosphoprotein 32 family member A | Polymerase basic protein 2 | RNA-directed RNA polymerase catalytic subunit | Polymerase acidic protein,0,,,0.0,,False,False,False,False
virus,PA endonuclease,6T2C,Bat Influenza A polymerase recycling complex,ELECTRON MICROSCOPY,3.52,2020-04-15,Influenza B virus | Influenza A virus (A/little yellow-shouldered bat/Guatemala/060/2010(H17N10)),vRNA | Polymerase basic protein 2 | RNA-directed RNA polymerase catalytic subunit | Polymerase acidic protein,0,,,0.0,MG,False,False,False,False
virus,PA endonuclease,8RNA,Influenza B polymerase apo-trimer,ELECTRON MICROSCOPY,3.57,2024-09-11,Homo sapiens | Influenza B virus (B/Memphis/13/2003),Acidic leucine-rich nuclear phosphoprotein 32 family member A | Polymerase basic protein 2 | RNA-directed RNA polymerase catalytic subunit | Polymerase acidic protein,0,,,0.0,,False,False,False,False
virus,PA endonuclease,6XZQ,Influenza C virus polymerase in complex with human ANP32A - Subclass 1,ELECTRON MICROSCOPY,3.6,2020-11-25,synthetic construct | Influenza C virus (strain C/Johannesburg/1/1966) | Homo sapiens,RNA (5'-R(*AP*GP*UP*AP*GP*AP*AP*AP*CP*AP*AP*GP*GP*GP*CP*CP*CP*UP*G)-3') | Polymerase acidic protein | RNA-directed RNA polymerase catalytic subunit | Polymerase basic protein 2 | Acidic leucine-rich nuclear phosphoprotein 32 family member A,0,,,0.0,,False,False,False,False
virus,PA endonuclease,9V46,Coupling of polymerase-nucleoprotein-RNA in an influenza virus mini ribonucleoprotein complex,ELECTRON MICROSCOPY,3.62,2025-10-08,Influenza A virus (A/Victoria/3/1975(H3N2)),RNA (5'-R(P*AP*GP*UP*AP*GP*AP*AP*AP*CP*AP*AP*GP*GP*GP*UP*G)-3') | RNA (5'-R(P*CP*AP*CP*CP*CP*UP*GP*CP*U)-3') | Polymerase basic protein 2 | RNA-directed RNA polymerase catalytic subunit | Polymerase acidic protein,0,,,0.0,,False,False,False,False
virus,PA endonuclease,8RN1,"Influenza B polymerase, monomeric encapsidase with 5' cRNA hook bound",ELECTRON MICROSCOPY,3.64,2024-09-11,Influenza B virus (B/Memphis/13/2003),Polymerase basic protein 2 | 5' cRNA hook (1-12) | RNA-directed RNA polymerase catalytic subunit | Polymerase acidic protein,0,,,0.0,,False,False,False,False
virus,PA endonuclease,8H69,Cryo-EM structure of influenza RNA polymerase,ELECTRON MICROSCOPY,3.7,2023-06-28,Influenza A virus (A/goose/Guangdong/1/1996(H5N1)),Polymerase basic protein 2 | RNA-directed RNA polymerase catalytic subunit | Polymerase acidic protein | RNA (5'-R(P*AP*GP*UP*AP*GP*AP*AP*AP*CP*AP*AP*GP*GP*AP*GP*UP*UP*UP*U)-3') | RNA (5'-R(*UP*AP*AP*AP*CP*UP*CP*CP*UP*GP*CP*UP*UP*UP*UP*GP*CP*U)-3'),0,,,0.0,,False,False,False,False
virus,PA endonuclease,6QX3,Influenza A virus (A/NT/60/1968) polymerase Hetermotrimer in complex with 3'5' cRNA promoter and Nb8205,ELECTRON MICROSCOPY,3.79,2019-09-04,Influenza A virus (strain A/Northern Territory/60/1968 H3N2) | Influenza A virus (strain A/Hong Kong/1/1968 H3N2) | Lama glama | Influenza A virus (A/nt/60/1968(H3N2)),Polymerase basic protein 2 | Polymerase acidic protein | RNA-directed RNA polymerase catalytic subunit | Nb8205 | RNA (5'-R(P*UP*UP*CP*U)-3') | RNA (5'-R(P*AP*GP*CP*AP*AP*AP*AP*GP*CP*A)-3'),0,,,0.0,,False,False,False,False
virus,PA endonuclease,6XZG,Influenza C virus polymerase in complex with chicken ANP32A - Subclass 3,ELECTRON MICROSCOPY,3.8,2020-11-25,Synthetic construct | Influenza C virus (strain C/Johannesburg/1/1966) | Gallus gallus,Influenza viral RNA (vRNA) promoter 47mer | Polymerase acidic protein | RNA-directed RNA polymerase catalytic subunit | Polymerase basic protein 2 | LRRcap domain-containing protein,0,,,0.0,,False,False,False,False
virus,PA endonuclease,6QX8,Influenza A virus (A/NT/60/1968) polymerase dimer of heterotrimer in complex with 5' cRNA promoter,ELECTRON MICROSCOPY,4.07,2019-09-04,Influenza A virus (A/nt/60/1968(H3N2)) | Influenza A virus (strain A/Northern Territory/60/1968 H3N2),RNA (5'-R(P*AP*GP*CP*AP*AP*AP*AP*GP*CP*AP*GP*A)-3') | Polymerase basic protein 2 | RNA-directed RNA polymerase catalytic subunit | Polymerase acidic protein,0,,,0.0,,False,False,False,False
virus,PA endonuclease,6QWL,Influenza B virus (B/Panama/45) polymerase Hetermotrimer in complex with 3'5' cRNA promoter,ELECTRON MICROSCOPY,4.1,2019-09-04,Influenza A virus | Influenza B virus (strain B/Panama/45/1990),5' cRNA | 3' cRNA | Polymerase basic protein 2 | RNA-directed RNA polymerase catalytic subunit | Polymerase acidic protein,0,,,0.0,,False,False,False,False
virus,PA endonuclease,6QXE,Influenza A virus (A/NT/60/1968) polymerase dimer of hetermotrimer in complex with 3'5' cRNA promoter and Nb8205,ELECTRON MICROSCOPY,4.15,2019-09-04,Influenza A virus (A/nt/60/1968(H3N2)) |  Influenza A virus (A/nt/60/1968(H3N2)),RNA (5'-R(P*AP*GP*CP*AP*AP*AP*AP*GP*CP*AP*GP*G)-3') | Polymerase basic protein 2 | RNA-directed RNA polymerase catalytic subunit | Polymerase acidic protein | Nb8205,0,,,0.0,,False,False,False,False
virus,PA endonuclease,7NKI,1918 H1N1 Viral influenza polymerase heterotrimer with Nb8209 core,ELECTRON MICROSCOPY,4.67,2021-12-01,Camelidae mixed library | Influenza A virus (A/Brevig Mission/1/1918(H1N1)) | Influenza A virus (strain A/Brevig Mission/1/1918 H1N1),"Nb8209 | RNA (5'-R(P*AP*GP*UP*AP*GP*AP*AP*AP*CP*AP*AP*GP*GP*CP*C)-3') | RNA (5'-R(P*GP*GP*CP*CP*UP*GP*CP*U)-3') | Polymerase basic protein 2,Polymerase basic protein 2 | RNA-directed RNA polymerase catalytic subunit | Polymerase acidic protein",0,,,0.0,,False,False,False,False
virus,PA endonuclease,7NK4,1918 H1N1 Viral influenza polymerase heterotrimer with Nb8203 core,ELECTRON MICROSCOPY,5.32,2021-12-01,Camelidae mixed library | Influenza A virus (A/Brevig Mission/1/1918(H1N1)) | Influenza A virus (strain A/Brevig Mission/1/1918 H1N1),"Nanobody 8203 | RNA (5'-R(P*AP*GP*UP*AP*GP*AP*AP*AP*CP*AP*AP*GP*GP*CP*C)-3') | RNA (5'-R(P*GP*GP*CP*CP*UP*GP*CP*U)-3') | Polymerase basic protein 2,Polymerase basic protein 2 | RNA-directed RNA polymerase catalytic subunit | Polymerase acidic protein",0,,,0.0,,False,False,False,False
virus,PA endonuclease,6F5O,A mechanism for the activation of the influenza virus transcriptase,ELECTRON MICROSCOPY,9.8,2018-06-27,Influenza B virus | Influenza B virus (B/Memphis/13/2003),Polymerase acidic protein | RNA-directed RNA polymerase catalytic subunit | Polymerase basic protein 2 | 3' promoter vRNA | 5' promoter vRNA,0,,,0.0,,False,False,False,False
