can,Metabolite,Metabolite_all,PubChem_ID,PubChem_ID_all,Organism,Organism_all,IUPAC_Name,Smiles_isomeric,Molecular_formula,Mw,n_source_rows,n_distinct_cid,identity_ambiguous
C=C1CCC2C(C)(CO)CCCC2(C)C1CCC1=CCOC1=O,Andrograpanin,Andrograpanin,11666871,11666871,Andrographis paniculata,Andrographis paniculata,"4-[2-[(1R,4aS,5R,8aS)-5-(hydroxymethyl)-5,8a-dimethyl-2-methylidene-3,4,4a,6,7,8-hexahydro-1H-naphthalen-1-yl]ethyl]-2H-furan-5-one",C[C@]1(CCC[C@@]2([C@@H]1CCC(=C)[C@H]2CCC3=CCOC3=O)C)CO,C20H30O3,318.21949482,1,1,False
C=C1CCC2C(C)(COC3OC(CO)C(O)C(O)C3O)CCCC2(C)C1CCC1=CCOC1=O,Neoandrographolide,Neoandrographolide,9848024,9848024,Andrographis paniculata,Andrographis paniculata,"4-[2-[(1R,4aS,5R,8aS)-5,8a-dimethyl-2-methylidene-5-[[(2R,3R,4S,5S,6R)-3,4,5-trihydroxy-6-(hydroxymethyl)oxan-2-yl]oxymethyl]-3,4,4a,6,7,8-hexahydro-1H-naphthalen-1-yl]ethyl]-2H-furan-5-one",C[C@]1(CCC[C@@]2([C@@H]1CCC(=C)[C@H]2CCC3=CCOC3=O)C)CO[C@H]4[C@@H]([C@H]([C@@H]([C@H](O4)CO)O)O)O,C26H40O8,480.27231825,1,1,False
CC1(CO)C(O)CCC2(C)C(CCC3=CCOC3=O)C(CO)CCC12,14-Deoxy-17-hydroxyandrographolide,14-Deoxy-17-hydroxyandrographolide,11631693,11631693,Andrographis paniculata,Andrographis paniculata,"4-[2-[(1R,2S,4aS,5R,6R,8aS)-6-hydroxy-2,5-bis(hydroxymethyl)-5,8a-dimethyl-1,2,3,4,4a,6,7,8-octahydronaphthalen-1-yl]ethyl]-2H-furan-5-one",C[C@@]12CC[C@H]([C@@]([C@H]1CC[C@@H]([C@H]2CCC3=CCOC3=O)CO)(C)CO)O,C20H32O5,352.22497413,1,1,False
C=C1CCC2C(C)(CO)C(O)CCC2(C)C1C=CC(=CC(=O)O)C(=O)O,Andrographic acid,Andrographic acid,16215024,16215024,Andrographis paniculata,Andrographis paniculata,"(Z)-2-[(E)-2-[(1R,4aS,5R,6R,8aR)-6-hydroxy-5-(hydroxymethyl)-5,8a-dimethyl-2-methylidene-3,4,4a,6,7,8-hexahydro-1H-naphthalen-1-yl]ethenyl]but-2-enedioic acid",C[C@@]12CC[C@H]([C@@]([C@H]1CCC(=C)[C@H]2/C=C/C(=C/C(=O)O)/C(=O)O)(C)CO)O,C20H28O6,364.18858863,1,1,False
C=C1CCC2C(C)(CO)C(O)CCC2(C)C1C=CC1=CCOC1=O,"14-Deoxy-11,14-didehydroandrographolide","14-Deoxy-11,14-didehydroandrographolide",5708351,5708351,Andrographis paniculata,Andrographis paniculata,"4-[(E)-2-[(1R,4aS,5R,6R,8aR)-6-hydroxy-5-(hydroxymethyl)-5,8a-dimethyl-2-methylidene-3,4,4a,6,7,8-hexahydro-1H-naphthalen-1-yl]ethenyl]-2H-furan-5-one",C[C@@]12CC[C@H]([C@@]([C@H]1CCC(=C)[C@H]2/C=C/C3=CCOC3=O)(C)CO)O,C20H28O4,332.19875938,1,1,False
C=C1CCC2C(C)(CO)C(O)CCC2(C)C1C(=O)CC1=CCOC1=O,14-Deoxy-11-oxoandrographolide,14-Deoxy-11-oxoandrographolide,9975052,9975052,Andrographis paniculata,Andrographis paniculata,"4-[2-[(1R,4aS,5R,6R,8aR)-6-hydroxy-5-(hydroxymethyl)-5,8a-dimethyl-2-methylidene-3,4,4a,6,7,8-hexahydro-1H-naphthalen-1-yl]-2-oxoethyl]-2H-furan-5-one",C[C@@]12CC[C@H]([C@@]([C@H]1CCC(=C)[C@H]2C(=O)CC3=CCOC3=O)(C)CO)O,C20H28O5,348.193674,1,1,False
C=C1CCC2C(C)(CO)C(O)CCC2(C)C1CC(O)C1C(=O)OCC1O,12S-Hydroxyandrographolide,12S-Hydroxyandrographolide,11559702,11559702,Andrographis paniculata,Andrographis paniculata,"(4S)-3-[(1S)-2-[(1R,4aS,5R,6R,8aS)-6-hydroxy-5-(hydroxymethyl)-5,8a-dimethyl-2-methylidene-3,4,4a,6,7,8-hexahydro-1H-naphthalen-1-yl]-1-hydroxyethyl]-4-hydroxyoxolan-2-one",C[C@@]12CC[C@H]([C@@]([C@H]1CCC(=C)[C@H]2C[C@@H](C3[C@@H](COC3=O)O)O)(C)CO)O,C20H32O6,368.21988875,1,1,False
C=C1CCC2C(C)(CO)C(O)CCC2(C)C1CC=C1C(=O)OCC1O,Andrographolide,Andrographolide | Andropanolide | isoandrographolide,5318517,5318517 | 7067324 | 11078630,Andrographis paniculata,Andrographis paniculata,"(3E,4S)-3-[2-[(1R,4aS,5R,6R,8aS)-6-hydroxy-5-(hydroxymethyl)-5,8a-dimethyl-2-methylidene-3,4,4a,6,7,8-hexahydro-1H-naphthalen-1-yl]ethylidene]-4-hydroxyoxolan-2-one",C[C@@]12CC[C@H]([C@@]([C@H]1CCC(=C)[C@H]2C/C=C/3\[C@@H](COC3=O)O)(C)CO)O,C20H30O5,350.20932407,3,3,True
C=C1CCC2C(C)(CO)C(OC3OC(CO)C(O)C(O)C3O)CCC2(C)C1CC=C1C(=O)OCC1O,3-O-beta-D-Glucopyranosylandrographolide,3-O-beta-D-Glucopyranosylandrographolide,11519131,11519131,Andrographis paniculata,Andrographis paniculata,"(3E,4S)-3-[2-[(1R,4aS,5R,6R,8aS)-5-(hydroxymethyl)-5,8a-dimethyl-2-methylidene-6-[(2R,3R,4S,5S,6R)-3,4,5-trihydroxy-6-(hydroxymethyl)oxan-2-yl]oxy-3,4,4a,6,7,8-hexahydro-1H-naphthalen-1-yl]ethylidene]-4-hydroxyoxolan-2-one",C[C@@]12CC[C@H]([C@@]([C@H]1CCC(=C)[C@H]2C/C=C/3\[C@@H](COC3=O)O)(C)CO)O[C@H]4[C@@H]([C@H]([C@@H]([C@H](O4)CO)O)O)O,C26H40O10,512.2621475,1,1,False
C=C1CCC2C(C)(COC3OC(CO)C(O)C(O)C3O)C(O)CCC2(C)C1CC=C1C(=O)OCC1O,Andrographiside,Andrographiside,44593583,44593583,Andrographis paniculata,Andrographis paniculata,"(3E,4S)-3-[2-[(1R,4aS,5R,6R,8aS)-6-hydroxy-5,8a-dimethyl-2-methylidene-5-[[(2R,3R,4S,5S,6R)-3,4,5-trihydroxy-6-(hydroxymethyl)oxan-2-yl]oxymethyl]-3,4,4a,6,7,8-hexahydro-1H-naphthalen-1-yl]ethylidene]-4-hydroxyoxolan-2-one",C[C@@]12CC[C@H]([C@@]([C@H]1CCC(=C)[C@H]2C/C=C/3\[C@@H](COC3=O)O)(C)CO[C@H]4[C@@H]([C@H]([C@@H]([C@H](O4)CO)O)O)O)O,C26H40O10,512.2621475,1,1,False
C=C1CCC2C(C)(CO)C(O)CCC2(C)C1C=CC1=CC(C(CC2C(=C)CCC3C(C)(CO)C(O)CCC23C)C2=CCOC2=O)OC1=O,Bisandrographolide C,Bisandrographolide C,12000062,12000062,Andrographis paniculata,Andrographis paniculata,"4-[(E)-2-[(1R,4aS,5R,6R,8aR)-6-hydroxy-5-(hydroxymethyl)-5,8a-dimethyl-2-methylidene-3,4,4a,6,7,8-hexahydro-1H-naphthalen-1-yl]ethenyl]-2-[2-[(1R,4aS,5R,6R,8aR)-6-hydroxy-5-(hydroxymethyl)-5,8a-dimethyl-2-methylidene-3,4,4a,6,7,8-hexahydro-1H-naphthalen-1-yl]-1-(5-oxo-2H-furan-4-yl)ethyl]-2H-furan-5-one",C[C@@]12CC[C@H]([C@@]([C@H]1CCC(=C)[C@H]2CC(C3C=C(C(=O)O3)/C=C/[C@@H]4C(=C)CC[C@H]5[C@]4(CC[C@H]([C@@]5(C)CO)O)C)C6=CCOC6=O)(C)CO)O,C40H56O8,664.39751876,1,1,False
C=C1CCC2C(C)(CO)C(O)CCC2(C)C1CCC1=CCOC1=O,14-Deoxyandrographolide,14-Deoxyandrographolide,11624161,11624161,Andrographis paniculata,Andrographis paniculata,"4-[2-[(1R,4aS,5R,6R,8aS)-6-hydroxy-5-(hydroxymethyl)-5,8a-dimethyl-2-methylidene-3,4,4a,6,7,8-hexahydro-1H-naphthalen-1-yl]ethyl]-2H-furan-5-one",C[C@@]12CC[C@H]([C@@]([C@H]1CCC(=C)[C@H]2CCC3=CCOC3=O)(C)CO)O,C20H30O4,334.21440945,1,1,False
C=C1CCC2C(C)(COC3OC(CO)C(O)C(O)C3O)C(O)CCC2(C)C1CCC1=CCOC1=O,Ninandrographolide,Ninandrographolide,44575270,44575270,Andrographis paniculata,Andrographis paniculata,"4-[2-[(1R,4aS,5R,6R,8aS)-6-hydroxy-5,8a-dimethyl-2-methylidene-5-[[(2R,3R,4S,5S,6R)-3,4,5-trihydroxy-6-(hydroxymethyl)oxan-2-yl]oxymethyl]-3,4,4a,6,7,8-hexahydro-1H-naphthalen-1-yl]ethyl]-2H-furan-5-one",C[C@@]12CC[C@H]([C@@]([C@H]1CCC(=C)[C@H]2CCC3=CCOC3=O)(C)CO[C@H]4[C@@H]([C@H]([C@@H]([C@H](O4)CO)O)O)O)O,C26H40O9,496.26723288,1,1,False
O=C(C=Cc1ccc(O)c(O)c1)OC1CC(O)(C(=O)O)CC(O)C1O,3-Caffeoylquinic acid,3-Caffeoylquinic acid,1794427,1794427,Andrographis paniculata,Andrographis paniculata | Zingiber officinale,"(1S,3R,4R,5R)-3-[(E)-3-(3,4-dihydroxyphenyl)prop-2-enoyl]oxy-1,4,5-trihydroxycyclohexane-1-carboxylic acid",C1[C@H]([C@H]([C@@H](C[C@@]1(C(=O)O)O)OC(=O)/C=C/C2=CC(=C(C=C2)O)O)O)O,C16H18O9,354.09508217,2,1,False
O=C(O)C=Cc1ccc(O)c(O)c1,Caffeic acid,Caffeic acid,689043,689043,Andrographis paniculata,Andrographis paniculata | Melissa officinalis,"(E)-3-(3,4-dihydroxyphenyl)prop-2-enoic acid",C1=CC(=C(C=C1/C=C/C(=O)O)O)O,C9H8O4,180.04225874,2,1,False
O=C(O)C=Cc1ccccc1,Cinnamic acid,Cinnamic acid,444539,444539,Andrographis paniculata,Andrographis paniculata | Melissa officinalis,(E)-3-phenylprop-2-enoic acid,C1=CC=C(C=C1)/C=C/C(=O)O,C9H8O2,148.0524295,2,1,False
CC(C)=CCCC1=C2C(CC3(C)OC3C2O)OC1=O,Paniculide A,Paniculide A,11821485,11821485,Andrographis paniculata,Andrographis paniculata,"(1aR,2aS,6S,6aS)-6-hydroxy-1a-methyl-5-(4-methylpent-3-enyl)-2,2a,6,6a-tetrahydrooxireno[2,3-f][1]benzofuran-4-one",CC(=CCCC1=C2[C@H](C[C@@]3([C@H]([C@H]2O)O3)C)OC1=O)C,C15H20O4,264.13615913,1,1,False
CC(C)=CCCC1=C2C(CC3(CO)OC3C2O)OC1=O,Paniculide B,Paniculide B,101289823,101289823,Andrographis paniculata,Andrographis paniculata,"(1aS,2aS,6S,6aS)-6-hydroxy-1a-(hydroxymethyl)-5-(4-methylpent-3-enyl)-2,2a,6,6a-tetrahydrooxireno[2,3-f][1]benzofuran-4-one",CC(=CCCC1=C2[C@H](C[C@@]3([C@H]([C@H]2O)O3)CO)OC1=O)C,C15H20O5,280.13107375,1,1,False
CC(C)=CCCC1=C2C(=O)C3OC3(CO)CC2OC1=O,Paniculide C,Paniculide C,101289824,101289824,Andrographis paniculata,Andrographis paniculata,"(1aS,2aS,6aR)-1a-(hydroxymethyl)-5-(4-methylpent-3-enyl)-2a,6a-dihydro-2H-oxireno[2,3-f][1]benzofuran-4,6-dione",CC(=CCCC1=C2[C@H](C[C@@]3([C@H](C2=O)O3)CO)OC1=O)C,C15H18O5,278.11542369,1,1,False
C=C1CCC2C(C)(CO)C(O)CCC2(C)C1CC=C1C(=O)OCC1OC(C)=O,14-Acetylandrographolide,14-Acetylandrographolide,71589914,71589914,Andrographis paniculata,Andrographis paniculata,"[(4Z)-4-[2-[6-hydroxy-5-(hydroxymethyl)-5,8a-dimethyl-2-methylidene-3,4,4a,6,7,8-hexahydro-1H-naphthalen-1-yl]ethylidene]-5-oxooxolan-3-yl] acetate",CC(=O)OC\1COC(=O)/C1=C\CC2C(=C)CCC3C2(CCC(C3(C)CO)O)C,C22H32O6,392.21988875,1,1,False
C=C1CCC2C(C)(CO)C(O)CCC2(C)C1C=CC1=CC(C2(CCC3=CCOC3=O)C(=C)CCC3C(C)(CO)C(O)CCC32C)OC1=O,Bisandrographolide B,Bisandrographolide B,44575280,44575280,Andrographis paniculata,Andrographis paniculata,"4-[(E)-2-[6-hydroxy-5-(hydroxymethyl)-5,8a-dimethyl-2-methylidene-3,4,4a,6,7,8-hexahydro-1H-naphthalen-1-yl]ethenyl]-2-[6-hydroxy-5-(hydroxymethyl)-5,8a-dimethyl-2-methylidene-1-[2-(5-oxo-2H-furan-4-yl)ethyl]-3,4,4a,6,7,8-hexahydronaphthalen-1-yl]-2H-furan-5-one",CC12CCC(C(C1CCC(=C)C2/C=C/C3=CC(OC3=O)C4(C(=C)CCC5C4(CCC(C5(C)CO)O)C)CCC6=CCOC6=O)(C)CO)O,C40H56O8,664.39751876,1,1,False
COc1cc(O)c2c(=O)cc(-c3c(OC)cccc3OC)oc2c1,"5-Hydroxy-7,2',6'-trimethoxyflavone","5-Hydroxy-7,2',6'-trimethoxyflavone",5318369,5318369,Andrographis paniculata,Andrographis paniculata,"2-(2,6-dimethoxyphenyl)-5-hydroxy-7-methoxychromen-4-one",COC1=C(C(=CC=C1)OC)C2=CC(=O)C3=C(C=C(C=C3O2)OC)O,C18H16O6,328.09468824,1,1,False
COc1cc(C=CC(=O)O)ccc1O,Ferulic acid,Ferulic acid,445858,445858,Andrographis paniculata,Andrographis paniculata | Zingiber officinale,(E)-3-(4-hydroxy-3-methoxyphenyl)prop-2-enoic acid,COC1=C(C=CC(=C1)/C=C/C(=O)O)O,C10H10O4,194.05790881,2,1,False
COc1cc(O)c2c(=O)cc(-c3ccc(O)c(OC)c3OC)oc2c1OC,"5,4'-Dihidroxy-7,8,2',3'-tetramethoxyflavone","5,4'-Dihidroxy-7,8,2',3'-tetramethoxyflavone",13963777,13963777,Andrographis paniculata,Andrographis paniculata,"5-hydroxy-2-(4-hydroxy-2,3-dimethoxyphenyl)-7,8-dimethoxychromen-4-one",COC1=C(C2=C(C(=C1)O)C(=O)C=C(O2)C3=C(C(=C(C=C3)O)OC)OC)OC,C19H18O8,374.10016755,1,1,False
COc1cc(O)c2c(=O)cc(-c3cccc(OC4OC(CO)C(O)C(O)C4O)c3O)oc2c1OC,"5,2',3'-Trihydroxy-7,8-dimethoxyflavone 3'-glucoside","5,2',3'-Trihydroxy-7,8-dimethoxyflavone 3'-glucoside",11968627,11968627,Andrographis paniculata,Andrographis paniculata,"5-hydroxy-2-[2-hydroxy-3-[(2S,3R,4S,5S,6R)-3,4,5-trihydroxy-6-(hydroxymethyl)oxan-2-yl]oxyphenyl]-7,8-dimethoxychromen-4-one",COC1=C(C2=C(C(=C1)O)C(=O)C=C(O2)C3=C(C(=CC=C3)O[C@H]4[C@@H]([C@H]([C@@H]([C@H](O4)CO)O)O)O)O)OC,C23H24O12,492.12677623,1,1,False
COc1cc(O)c2c(=O)cc(-c3ccccc3)oc2c1OC,7-O-Methylwogonin,7-O-Methylwogonin,188316,188316,Andrographis paniculata,Andrographis paniculata,"5-hydroxy-7,8-dimethoxy-2-phenylchromen-4-one",COC1=C(C2=C(C(=C1)O)C(=O)C=C(O2)C3=CC=CC=C3)OC,C17H14O5,298.08412356,1,1,False
COc1cc(OC2OC(CO)C(O)C(O)C2O)c2c(=O)cc(-c3ccccc3)oc2c1OC,"5-Hydroxy-7,8-dimethoxyflavone 5-glucoside","5-Hydroxy-7,8-dimethoxyflavone 5-glucoside",44258557,44258557,Andrographis paniculata,Andrographis paniculata,"7,8-dimethoxy-2-phenyl-5-[(2S,4S,5S)-3,4,5-trihydroxy-6-(hydroxymethyl)oxan-2-yl]oxychromen-4-one",COC1=C(C2=C(C(=C1)O[C@H]3C([C@H]([C@@H](C(O3)CO)O)O)O)C(=O)C=C(O2)C4=CC=CC=C4)OC,C23H24O10,460.13694699,1,1,False
COc1cc(OC2OC(CO)C(O)C(O)C2O)c2c(=O)cc(-c3ccc(O)c(OC)c3OC)oc2c1OC,"5,4'-Dihidroxy-7,8,2',3'-tetramethoxy flavone 5-glucoside","5,4'-Dihidroxy-7,8,2',3'-tetramethoxy flavone 5-glucoside",13963764,13963764,Andrographis paniculata,Andrographis paniculata,"2-(4-hydroxy-2,3-dimethoxyphenyl)-7,8-dimethoxy-5-[3,4,5-trihydroxy-6-(hydroxymethyl)oxan-2-yl]oxychromen-4-one",COC1=C(C2=C(C(=C1)OC3C(C(C(C(O3)CO)O)O)O)C(=O)C=C(O2)C4=C(C(=C(C=C4)O)OC)OC)OC,C25H28O13,536.15299098,1,1,False
COc1cc(OC2OC(CO)C(O)C(O)C2O)c2c(c1OC)OC(c1ccccc1)CC2=O,Andrographidin A,Andrographidin A,13963762,13963762,Andrographis paniculata,Andrographis paniculata,"(2S)-7,8-dimethoxy-2-phenyl-5-[(2S,3R,4S,5S,6R)-3,4,5-trihydroxy-6-(hydroxymethyl)oxan-2-yl]oxy-2,3-dihydrochromen-4-one",COC1=C(C2=C(C(=O)C[C@H](O2)C3=CC=CC=C3)C(=C1)O[C@H]4[C@@H]([C@H]([C@@H]([C@H](O4)CO)O)O)O)OC,C23H26O10,462.15259705,1,1,False
COc1cc(O)c2c(c1OC)OC(c1ccccc1O)CC2=O,Dihydroskullcap flavone I,Dihydroskullcap flavone I,12098358,12098358,Andrographis paniculata,Andrographis paniculata,"(2S)-5-hydroxy-2-(2-hydroxyphenyl)-7,8-dimethoxy-2,3-dihydrochromen-4-one",COC1=C(C2=C(C(=O)C[C@H](O2)C3=CC=CC=C3O)C(=C1)O)OC,C17H16O6,316.09468824,1,1,False
COc1cc(O)c2c(c1OC)OC(c1ccccc1)CC2=O,"5-Hydroxy-7,8-dimethoxyflavanone","5-Hydroxy-7,8-dimethoxyflavanone",13963770,13963770,Andrographis paniculata,Andrographis paniculata,"5-hydroxy-7,8-dimethoxy-2-phenyl-2,3-dihydrochromen-4-one",COC1=C(C2=C(C(=O)CC(O2)C3=CC=CC=C3)C(=C1)O)OC,C17H16O5,300.09977362,1,1,False
COc1c(O)cc(OC2OC(CO)C(O)C(O)C2O)c2c(=O)cc(-c3ccccc3)oc12,Wogonin 5-glucoside,Wogonin 5-glucoside,5488686,5488686,Andrographis paniculata,Andrographis paniculata,"7-hydroxy-8-methoxy-2-phenyl-5-[(2S,3R,4S,5S,6R)-3,4,5-trihydroxy-6-(hydroxymethyl)oxan-2-yl]oxychromen-4-one",COC1=C2C(=C(C=C1O)O[C@H]3[C@@H]([C@H]([C@@H]([C@H](O3)CO)O)O)O)C(=O)C=C(O2)C4=CC=CC=C4,C22H22O10,446.12129692,1,1,False
COc1ccc(-c2cc(=O)c3c(O)cc(OC)cc3o2)cc1,"5-Hydroxy-7,4'-dimethoxyflavone","5-Hydroxy-7,4'-dimethoxyflavone",5281601,5281601,Andrographis paniculata,Andrographis paniculata | Zingiber officinale,5-hydroxy-7-methoxy-2-(4-methoxyphenyl)chromen-4-one,COC1=CC=C(C=C1)C2=CC(=O)C3=C(C=C(C=C3O2)OC)O,C17H14O5,298.08412356,2,1,False
COc1cccc(-c2cc(=O)c3c(OC4OC(CO)C(O)C(O)C4O)cc(OC)c(OC)c3o2)c1OC,"5-Hydroxy-7,8,2',3'-tetramethoxyflavone 5-glucoside","5-Hydroxy-7,8,2',3'-tetramethoxyflavone 5-glucoside",44258544,44258544,Andrographis paniculata,Andrographis paniculata,"2-(2,3-dimethoxyphenyl)-7,8-dimethoxy-5-[(2S,4S,5S)-3,4,5-trihydroxy-6-(hydroxymethyl)oxan-2-yl]oxychromen-4-one",COC1=CC=CC(=C1OC)C2=CC(=O)C3=C(O2)C(=C(C=C3O[C@H]4C([C@H]([C@@H](C(O4)CO)O)O)O)OC)OC,C25H28O12,520.15807636,1,1,False
COc1cc(OC)c2c(c1)OC(c1cccc(OC)c1OC)CC2=O,"5,7,2',3'-Tetramethoxyflavanone","5,7,2',3'-Tetramethoxyflavanone",21579286,21579286,Andrographis paniculata,Andrographis paniculata,"2-(2,3-dimethoxyphenyl)-5,7-dimethoxy-2,3-dihydrochromen-4-one",COC1=CC=CC(=C1OC)C2CC(=O)C3=C(O2)C=C(C=C3OC)OC,C19H20O6,344.12598837,1,1,False
COc1ccccc1-c1oc2c(OC)c(OC)cc(O)c2c(=O)c1OC,"5-Hydroxy-3,7,8,2'-tetramethoxyflavone","5-Hydroxy-3,7,8,2'-tetramethoxyflavone",14887327,14887327,Andrographis paniculata,Andrographis paniculata,"5-hydroxy-3,7,8-trimethoxy-2-(2-methoxyphenyl)chromen-4-one",COC1=CC=CC=C1C2=C(C(=O)C3=C(O2)C(=C(C=C3O)OC)OC)OC,C19H18O7,358.10525293,1,1,False
COc1ccccc1-c1cc(=O)c2c(OC3OC(CO)C(O)C(O)C3O)cc(OC)c(OC)c2o1,"5-Hydroxy-7,8,2'-trimethoxyflavone 5-glucoside","5-Hydroxy-7,8,2'-trimethoxyflavone 5-glucoside",5318498,5318498,Andrographis paniculata,Andrographis paniculata,"7,8-dimethoxy-2-(2-methoxyphenyl)-5-[(2S,3R,4S,5S,6R)-3,4,5-trihydroxy-6-(hydroxymethyl)oxan-2-yl]oxychromen-4-one",COC1=CC=CC=C1C2=CC(=O)C3=C(O2)C(=C(C=C3O[C@H]4[C@@H]([C@H]([C@@H]([C@H](O4)CO)O)O)O)OC)OC,C24H26O11,490.14751167,1,1,False
CC1(C)C2CCC1(C)C(O)C2,Isoborneol,Isoborneol | Borneol | (+)-Isoborneol | (-)-Borneol | (+)-Borneol | (-)-Isoborneol,64685,64685 | 1201518 | 6321405 | 6552009 | 6973640,Curcuma xanthorrhiza,Curcuma xanthorrhiza | Zingiber officinale,"(1R,2R,4R)-1,7,7-trimethylbicyclo[2.2.1]heptan-2-ol",C[C@@]12CC[C@@H](C1(C)C)C[C@H]2O,C10H18O,154.1357652,8,5,True
C=C1CCC2OC2(C)CCC2C1CC2(C)C,(-)-beta-Caryophyllene epoxide,(-)-beta-Caryophyllene epoxide,1742210,1742210,Curcuma xanthorrhiza,Curcuma xanthorrhiza | Zingiber officinale,"(1R,4R,6R,10S)-4,12,12-trimethyl-9-methylidene-5-oxatricyclo[8.2.0.04,6]dodecane",C[C@@]12CC[C@@H]3[C@H](CC3(C)C)C(=C)CC[C@H]1O2,C15H24O,220.18271539,2,1,False
CC(C)=CC(=O)CC(C)C1C=CC(C)(O)C(O)C1,Bisacurone A,Bisacurone A | Bisacurone | Bisacurone C | Bisacurone B,14287397,14287397 | 14287398 | 14287399 | 14287400,Curcuma xanthorrhiza,Curcuma xanthorrhiza,"(6S)-6-[(1R,4R,5S)-4,5-dihydroxy-4-methylcyclohex-2-en-1-yl]-2-methylhept-2-en-4-one",C[C@@H](CC(=O)C=C(C)C)[C@H]1C[C@@H]([C@](C=C1)(C)O)O,C15H24O3,252.17254463,4,4,True
CC1=CCC(=C(C)C)C(=O)CC(C)=CCC1,Germacrone,Germacrone,6436348,6436348,Curcuma xanthorrhiza,Curcuma xanthorrhiza,"(3E,7E)-3,7-dimethyl-10-propan-2-ylidenecyclodeca-3,7-dien-1-one",C/C/1=C\CC(=C(C)C)C(=O)C/C(=C/CC1)/C,C15H22O,218.16706532,1,1,False
C=C1CCC=C(C)CCC2C1CC2(C)C,beta-Caryophyllene,beta-Caryophyllene | Isocaryophyllene,5281515,5281515 | 5281522,Curcuma xanthorrhiza,Curcuma xanthorrhiza | Melissa officinalis | Zingiber officinale,"(1R,4E,9S)-4,11,11-trimethyl-8-methylidenebicyclo[7.2.0]undec-4-ene",C/C/1=C\CCC(=C)[C@H]2CC([C@@H]2CC1)(C)C,C15H24,204.18780077,4,2,True
CC1=CCCC2(C)OC2CC(C)(C)C=CC1,Humulene epoxide,Humulene epoxide,5352470,5352470,Curcuma xanthorrhiza,Curcuma xanthorrhiza,"(4E,7E)-1,5,9,9-tetramethyl-12-oxabicyclo[9.1.0]dodeca-4,7-diene",C/C/1=C\CCC2(C(O2)CC(/C=C/C1)(C)C)C,C15H24O,220.18271539,1,1,False
O=C(C=CC=Cc1ccccc1)CCc1ccccc1,Alnustone,Alnustone,5317598,5317598,Curcuma xanthorrhiza,Curcuma xanthorrhiza,"(4E,6E)-1,7-diphenylhepta-4,6-dien-3-one",C1=CC=C(C=C1)CCC(=O)/C=C/C=C/C2=CC=CC=C2,C19H18O,262.1357652,1,1,False
C=CC(C)=CCC=C(C)C,(E)-beta-Ocimene,(E)-beta-Ocimene | cis-beta-Ocimene | cis-ocimene | (E)-Ocimene,5281553,5281553 | 5320250,Curcuma xanthorrhiza,Curcuma xanthorrhiza | Zingiber officinale,"(3E)-3,7-dimethylocta-1,3,6-triene",CC(=CC/C=C(\C)/C=C)C,C10H16,136.12520051,5,2,True
C=CC(=C)CCC=C(C)C,beta-Myrcene,beta-Myrcene,31253,31253,Curcuma xanthorrhiza,Curcuma xanthorrhiza | Forsythia suspensa | Melissa officinalis | Zingiber officinale,"7-methyl-3-methylideneocta-1,6-diene",CC(=CCCC(=C)C=C)C,C10H16,136.12520051,4,1,False
CC(C)=CC(=O)CC(C)C1CC(O)C(C)(O)C2OC12,Bisacurone epoxide,Bisacurone epoxide,14543235,14543235,Curcuma xanthorrhiza,Curcuma xanthorrhiza,"6-(4,5-dihydroxy-5-methyl-7-oxabicyclo[4.1.0]heptan-2-yl)-2-methylhept-2-en-4-one",CC(CC(=O)C=C(C)C)C1CC(C(C2C1O2)(C)O)O,C15H24O4,268.16745925,1,1,False
C=C1CCC2CC1C2(C)C,beta-Pinene,beta-Pinene | (-)-beta-Pinene,14896,14896 | 440967,Curcuma xanthorrhiza,Curcuma xanthorrhiza | Forsythia suspensa | Zingiber officinale,"6,6-dimethyl-2-methylidenebicyclo[3.1.1]heptane",CC1(C2CCC(=C)C1C2)C,C10H16,136.12520051,4,2,True
CC12CCC(CC1)C(C)(C)O2,"1,8-Cineol","1,8-Cineol",2758,2758,Curcuma xanthorrhiza,Curcuma xanthorrhiza | Zingiber officinale,"1,3,3-trimethyl-2-oxabicyclo[2.2.2]octane",CC1(C2CCC(O1)(CC2)C)C,C10H18O,154.1357652,2,1,False
CC12CCC(CC1=O)C2(C)C,Camphor,Camphor | (+)-2-Bornanone | (-)-Camphor,2537,2537 | 159055 | 444294,Curcuma xanthorrhiza,Curcuma xanthorrhiza | Forsythia suspensa | Zingiber officinale,"1,7,7-trimethylbicyclo[2.2.1]heptan-2-one",CC1(C2CCC1(C(=O)C2)C)C,C10H16O,152.12011513,5,3,True
CC(C)=CCCC(C)c1ccc(C)c(O)c1,(R)-(-)-Xanthorrhizol,(R)-(-)-Xanthorrhizol,93135,93135,Curcuma xanthorrhiza,Curcuma xanthorrhiza | Zingiber officinale,2-methyl-5-[(2R)-6-methylhept-5-en-2-yl]phenol,CC1=C(C=C(C=C1)[C@H](C)CCC=C(C)C)O,C15H22O,218.16706532,2,1,False
C=C(CC(=O)C=C(C)C)C1CC=C(C)CC1,(+)-beta-Atlantone,(+)-beta-Atlantone,181580,181580,Curcuma xanthorrhiza,Curcuma xanthorrhiza,"6-methyl-2-[(1R)-4-methylcyclohex-3-en-1-yl]hepta-1,5-dien-4-one",CC1=CC[C@@H](CC1)C(=C)CC(=O)C=C(C)C,C15H22O,218.16706532,1,1,False
Cc1ccc(C(C)C)cc1,p-Cymene,p-Cymene,7463,7463,Curcuma xanthorrhiza,Curcuma xanthorrhiza | Forsythia suspensa | Zingiber officinale,1-methyl-4-propan-2-ylbenzene,CC1=CC=C(C=C1)C(C)C,C10H14,134.10955045,3,1,False
CC(C)=CC(O)CC(C)c1ccc(C)cc1,Bisacumol,Bisacumol,5315469,5315469,Curcuma xanthorrhiza,Curcuma xanthorrhiza,2-methyl-6-(4-methylphenyl)hept-2-en-4-ol,CC1=CC=C(C=C1)C(C)CC(C=C(C)C)O,C15H22O,218.16706532,1,1,False
CC1=CCC(=C(C)C)CC1,alpha-Terpinolene,alpha-Terpinolene,11463,11463,Curcuma xanthorrhiza,Curcuma xanthorrhiza | Zingiber officinale,1-methyl-4-propan-2-ylidenecyclohexene,CC1=CCC(=C(C)C)CC1,C10H16,136.12520051,2,1,False
CC(C)=CCCC(C)C1=CCC(C)=CC1,beta-Curcumene,beta-Curcumene,6428461,6428461,Curcuma xanthorrhiza,Curcuma xanthorrhiza | Zingiber officinale,"1-methyl-4-(6-methylhept-5-en-2-yl)cyclohexa-1,4-diene",CC1=CCC(=CC1)C(C)CCC=C(C)C,C15H24,204.18780077,2,1,False
CC1=CCC(O)(C(C)C)CC1,4-Terpineol,4-Terpineol | (-)-4-Terpineol | Origanol,11230,11230 | 5325830,Curcuma xanthorrhiza,Curcuma xanthorrhiza | Forsythia suspensa | Zingiber officinale,4-methyl-1-propan-2-ylcyclohex-3-en-1-ol,CC1=CCC(CC1)(C(C)C)O,C10H18O,154.1357652,5,2,True
C=C(C)C1CC=C(C)CC1,Limonene,Limonene | (+)-Limonene,22311,22311 | 440917,Curcuma xanthorrhiza,Curcuma xanthorrhiza | Forsythia suspensa | Zingiber officinale,1-methyl-4-prop-1-en-2-ylcyclohexene,CC1=CCC(CC1)C(=C)C,C10H16,136.12520051,4,2,True
CC1=CCC(C(C)(C)O)CC1,alpha-Terpineol,alpha-Terpineol,17100,17100,Curcuma xanthorrhiza,Curcuma xanthorrhiza | Forsythia suspensa | Zingiber officinale,2-(4-methylcyclohex-3-en-1-yl)propan-2-ol,CC1=CCC(CC1)C(C)(C)O,C10H18O,154.1357652,3,1,False
CC1=CCC2CC1C2(C)C,alpha-Pinene,"alpha-Pinene | 1S,5S-(-)-alpha-Pinene",6654,6654 | 440968,Curcuma xanthorrhiza,Curcuma xanthorrhiza | Forsythia suspensa | Zingiber officinale,"2,6,6-trimethylbicyclo[3.1.1]hept-2-ene",CC1=CCC2CC1C2(C)C,C10H16,136.12520051,4,2,True
C=CC1(C)Cc2occ(C)c2C(=O)C1C(=C)C,Curzerenone,Curzerenone,3081930,3081930,Curcuma xanthorrhiza,Curcuma xanthorrhiza,"(5R,6R)-6-ethenyl-3,6-dimethyl-5-prop-1-en-2-yl-5,7-dihydro-1-benzofuran-4-one",CC1=COC2=C1C(=O)[C@@H]([C@@](C2)(C)C=C)C(=C)C,C15H18O2,230.13067982,1,1,False
COc1cc(C=CC(=O)CC(=O)C=Cc2ccc(O)c(OC)c2)ccc1O,Curcumin,Curcumin,969516,969516,Curcuma xanthorrhiza,Curcuma xanthorrhiza | Zingiber officinale,"(1E,6E)-1,7-bis(4-hydroxy-3-methoxyphenyl)hepta-1,6-diene-3,5-dione",COC1=C(C=CC(=C1)/C=C/C(=O)CC(=O)/C=C/C2=CC(=C(C=C2)O)OC)O,C21H20O6,368.12598837,2,1,False
COc1cc(C=CC(=O)CC(=O)C=Cc2ccc(O)cc2)ccc1O,Demethoxycurcumin,Demethoxycurcumin,5469424,5469424,Curcuma xanthorrhiza,Curcuma xanthorrhiza | Zingiber officinale,"(1E,6E)-1-(4-hydroxy-3-methoxyphenyl)-7-(4-hydroxyphenyl)hepta-1,6-diene-3,5-dione",COC1=C(C=CC(=C1)/C=C/C(=O)CC(=O)/C=C/C2=CC=C(C=C2)O)O,C20H18O5,338.11542369,2,1,False
COc1cc(CCC(O)CC(O)CCc2ccc(O)c(OC)c2)ccc1O,"1,7-Bis(4-hydroxy-3-methoxyphenyl)-3,5-heptanediol","1,7-Bis(4-hydroxy-3-methoxyphenyl)-3,5-heptanediol | meso-Octahydrocurcumin",11068834,11068834 | 13888133,Curcuma xanthorrhiza,Curcuma xanthorrhiza | Zingiber officinale,"1,7-bis(4-hydroxy-3-methoxyphenyl)heptane-3,5-diol",COC1=C(C=CC(=C1)CCC(CC(CCC2=CC(=C(C=C2)O)OC)O)O)O,C21H28O6,376.18858863,3,2,True
OCC1OC(OC2C(CO)OC(O)C(O)C2O)C(O)C(O)C1O,Lactose,Lactose,6134,6134,Forsythia suspensa,Forsythia suspensa,"(2R,3R,4S,5R,6S)-2-(hydroxymethyl)-6-[(2R,3S,4R,5R,6R)-4,5,6-trihydroxy-2-(hydroxymethyl)oxan-3-yl]oxyoxane-3,4,5-triol",C([C@@H]1[C@@H]([C@@H]([C@H]([C@@H](O1)O[C@@H]2[C@H](O[C@H]([C@@H]([C@H]2O)O)O)CO)O)O)O)O,C12H22O11,342.11621155,1,1,False
CC1(C)CCC2(C(=O)O)CCC3(C)C(=CCC4C5(C)CCC(O)C(C)(C)C5CCC43C)C2C1,Oleanolic acid,Oleanolic acid,10494,10494,Forsythia suspensa,Forsythia suspensa,"(4aS,6aR,6aS,6bR,8aR,10S,12aR,14bS)-10-hydroxy-2,2,6a,6b,9,9,12a-heptamethyl-1,3,4,5,6,6a,7,8,8a,10,11,12,13,14b-tetradecahydropicene-4a-carboxylic acid",C[C@]12CC[C@@H](C([C@@H]1CC[C@@]3([C@@H]2CC=C4[C@]3(CC[C@@]5([C@H]4CC(CC5)(C)C)C(=O)O)C)C)(C)C)O,C30H48O3,456.3603454,1,1,False
CC(=O)OC1CCC2(C)C(CCC3(C)C2CC=C2C4C(C)C(C)CCC4(C(=O)O)CCC23C)C1(C)C,Acetylursolic acid,Acetylursolic acid,6475119,6475119,Forsythia suspensa,Forsythia suspensa,"(1S,2R,4aS,6aR,6aS,6bR,8aR,10S,12aR,14bS)-10-acetyloxy-1,2,6a,6b,9,9,12a-heptamethyl-2,3,4,5,6,6a,7,8,8a,10,11,12,13,14b-tetradecahydro-1H-picene-4a-carboxylic acid",C[C@@H]1CC[C@@]2(CC[C@@]3(C(=CC[C@H]4[C@]3(CC[C@@H]5[C@@]4(CC[C@@H](C5(C)C)OC(=O)C)C)C)[C@@H]2[C@H]1C)C)C(=O)O,C32H50O4,498.37091008,1,1,False
CC(=O)OC1CCC2(C)C3=C(CCC2C1(C)C)C1(C)CCC2(C)CCC(C)C(C)C2C1(C)CC3,Isobauerenyl acetate,Isobauerenyl acetate,181096,181096,Forsythia suspensa,Forsythia suspensa,"[(3S,4aR,6aS,6bS,8aR,11R,12S,12aR,14bS)-4,4,6a,6b,8a,11,12,14b-octamethyl-2,3,4a,5,6,7,8,9,10,11,12,12a,13,14-tetradecahydro-1H-picen-3-yl] acetate",C[C@@H]1CC[C@@]2(CC[C@@]3(C4=C(CC[C@]3([C@@H]2[C@H]1C)C)[C@]5(CC[C@@H](C([C@@H]5CC4)(C)C)OC(=O)C)C)C)C,C32H52O2,468.3967309,1,1,False
CC1OC(OC2C(O)C(OCCc3ccc(O)c(O)c3)OC(COC3OCC(O)(CO)C3O)C2OC(=O)C=Cc2ccc(O)c(O)c2)C(O)C(O)C1O,Forsythoside B,Forsythoside B,23928102,23928102,Forsythia suspensa,Forsythia suspensa,"[(2R,3R,4R,5R,6R)-2-[[(2R,3R,4R)-3,4-dihydroxy-4-(hydroxymethyl)oxolan-2-yl]oxymethyl]-6-[2-(3,4-dihydroxyphenyl)ethoxy]-5-hydroxy-4-[(2S,3R,4R,5R,6S)-3,4,5-trihydroxy-6-methyloxan-2-yl]oxyoxan-3-yl] (E)-3-(3,4-dihydroxyphenyl)prop-2-enoate",C[C@H]1[C@@H]([C@H]([C@H]([C@@H](O1)O[C@@H]2[C@H]([C@@H](O[C@@H]([C@H]2OC(=O)/C=C/C3=CC(=C(C=C3)O)O)CO[C@H]4[C@@H]([C@](CO4)(CO)O)O)OCCC5=CC(=C(C=C5)O)O)O)O)O)O,C34H44O19,756.24767923,1,1,False
CC1OC(OCC2OC(Oc3c(-c4ccc(O)c(O)c4)oc4cc(O)cc(O)c4c3=O)C(O)C(O)C2O)C(O)C(O)C1O,Quercetin 3-rutinoside,Quercetin 3-rutinoside,5280805,5280805,Forsythia suspensa,Forsythia suspensa | Phyllanthus niruri | Zingiber officinale,"2-(3,4-dihydroxyphenyl)-5,7-dihydroxy-3-[(2S,3R,4S,5S,6R)-3,4,5-trihydroxy-6-[[(2R,3R,4R,5R,6S)-3,4,5-trihydroxy-6-methyloxan-2-yl]oxymethyl]oxan-2-yl]oxychromen-4-one",C[C@H]1[C@@H]([C@H]([C@H]([C@@H](O1)OC[C@@H]2[C@H]([C@@H]([C@H]([C@@H](O2)OC3=C(OC4=CC(=CC(=C4C3=O)O)O)C5=CC(=C(C=C5)O)O)O)O)O)O)O)O,C27H30O16,610.15338491,3,1,False
CC1OC(OCC2OC(OCC(O)c3ccc(O)c(O)c3)C(O)C(O)C2O)C(O)C(O)C1O,Forsythoside D,Forsythoside D,5317383,5317383,Forsythia suspensa,Forsythia suspensa,"(2R,3R,4R,5R,6S)-2-[[(2R,3S,4S,5R,6R)-6-[2-(3,4-dihydroxyphenyl)-2-hydroxyethoxy]-3,4,5-trihydroxyoxan-2-yl]methoxy]-6-methyloxane-3,4,5-triol",C[C@H]1[C@@H]([C@H]([C@H]([C@@H](O1)OC[C@@H]2[C@H]([C@@H]([C@H]([C@@H](O2)OCC(C3=CC(=C(C=C3)O)O)O)O)O)O)O)O)O,C20H30O13,478.16864105,1,1,False
CC1OC(OCC2OC(OCC(O)c3ccc(O)c(O)c3)C(O)C(O)C2OC(=O)C=Cc2ccc(O)c(O)c2)C(O)C(O)C1O,Suspensaside,Suspensaside,5281798,5281798,Forsythia suspensa,Forsythia suspensa,"[(2R,3S,4R,5R,6R)-6-[2-(3,4-dihydroxyphenyl)-2-hydroxyethoxy]-4,5-dihydroxy-2-[[(2R,3R,4R,5R,6S)-3,4,5-trihydroxy-6-methyloxan-2-yl]oxymethyl]oxan-3-yl] (E)-3-(3,4-dihydroxyphenyl)prop-2-enoate",C[C@H]1[C@@H]([C@H]([C@H]([C@@H](O1)OC[C@@H]2[C@H]([C@@H]([C@H]([C@@H](O2)OCC(C3=CC(=C(C=C3)O)O)O)O)O)OC(=O)/C=C/C4=CC(=C(C=C4)O)O)O)O)O,C29H36O16,640.20033511,1,1,False
CC1OC(OCC2OC(OCCc3ccc(O)c(O)c3)C(O)C(O)C2OC(=O)C=Cc2ccc(O)c(O)c2)C(O)C(O)C1O,Forsythiaside,Forsythiaside,5281773,5281773,Forsythia suspensa,Forsythia suspensa,"[(2R,3S,4R,5R,6R)-6-[2-(3,4-dihydroxyphenyl)ethoxy]-4,5-dihydroxy-2-[[(2R,3R,4R,5R,6S)-3,4,5-trihydroxy-6-methyloxan-2-yl]oxymethyl]oxan-3-yl] (E)-3-(3,4-dihydroxyphenyl)prop-2-enoate",C[C@H]1[C@@H]([C@H]([C@H]([C@@H](O1)OC[C@@H]2[C@H]([C@@H]([C@H]([C@@H](O2)OCCC3=CC(=C(C=C3)O)O)O)O)OC(=O)/C=C/C4=CC(=C(C=C4)O)O)O)O)O,C29H36O15,624.20542048,1,1,False
C=CCc1ccc2c(c1)OCO2,Safrole,Safrole,5144,5144,Forsythia suspensa,Forsythia suspensa | Zingiber officinale,"5-prop-2-enyl-1,3-benzodioxole",C=CCC1=CC2=C(C=C1)OCO2,C10H10O2,162.06807956,2,1,False
O=C1C=CC(O)(CCOC2OC(COC(=O)Cc3ccc(O)cc3)C(O)C(O)C2O)C=C1,Forsythenside A,Forsythenside A,11797786,11797786,Forsythia suspensa,Forsythia suspensa,"[(2R,3S,4S,5R,6R)-3,4,5-trihydroxy-6-[2-(1-hydroxy-4-oxocyclohexa-2,5-dien-1-yl)ethoxy]oxan-2-yl]methyl 2-(4-hydroxyphenyl)acetate",C1=CC(=CC=C1CC(=O)OC[C@@H]2[C@H]([C@@H]([C@H]([C@@H](O2)OCCC3(C=CC(=O)C=C3)O)O)O)O)O,C22H26O10,450.15259705,1,1,False
O=C1C=CC(O)(CCOC2OC(COC(=O)CC3(O)C=CC(=O)C=C3)C(O)C(O)C2O)C=C1,Forsythenside B,Forsythenside B,10576163,10576163,Forsythia suspensa,Forsythia suspensa,"[(2R,3S,4S,5R,6R)-3,4,5-trihydroxy-6-[2-(1-hydroxy-4-oxocyclohexa-2,5-dien-1-yl)ethoxy]oxan-2-yl]methyl 2-(1-hydroxy-4-oxocyclohexa-2,5-dien-1-yl)acetate",C1=CC(C=CC1=O)(CCO[C@H]2[C@@H]([C@H]([C@@H]([C@H](O2)COC(=O)CC3(C=CC(=O)C=C3)O)O)O)O)O,C22H26O11,466.14751167,1,1,False
NCCc1c[nH]c2ccc(O)cc12,5-Hydroxytryptamine,5-Hydroxytryptamine,5202,5202,Forsythia suspensa,Forsythia suspensa,3-(2-aminoethyl)-1H-indol-5-ol,C1=CC2=C(C=C1O)C(=CN2)CCN,C10H12N2O,176.09496302,1,1,False
O=C1C=CC2(O)CCOC2C1,Rengyolone,Rengyolone,10374646,10374646,Forsythia suspensa,Forsythia suspensa,"(3aR,7aR)-3a-hydroxy-2,3,7,7a-tetrahydro-1-benzofuran-6-one",C1CO[C@H]2[C@@]1(C=CC(=O)C2)O,C8H10O3,154.06299419,1,1,False
CC(C)=CCCC(C)=CC=O,trans-Citral,trans-Citral | cis-Citral | Citral,638011,638011 | 643779,Forsythia suspensa,Forsythia suspensa | Melissa officinalis | Zingiber officinale,"(2E)-3,7-dimethylocta-2,6-dienal",CC(=CCC/C(=C/C=O)/C)C,C10H16O,152.12011513,6,2,True
C=CC(C)(O)CCC=C(C)C,Linalool,Linalool | (-)-linalool,6549,6549 | 443158,Forsythia suspensa,Forsythia suspensa | Melissa officinalis | Zingiber officinale,"3,7-dimethylocta-1,6-dien-3-ol",CC(=CCCC(C)(C=C)O)C,C10H18O,154.1357652,4,2,True
COc1ccc2[nH]cc(CCNC(C)=O)c2c1,Melatonin,Melatonin,896,896,Forsythia suspensa,Forsythia suspensa,N-[2-(5-methoxy-1H-indol-3-yl)ethyl]acetamide,CC(=O)NCCC1=CNC2=C1C=C(C=C2)OC,C13H16N2O2,232.12117777,1,1,False
C=C1C=CC(C(C)C)CC1,beta-Phellandrene,beta-Phellandrene,11142,11142,Forsythia suspensa,Forsythia suspensa | Zingiber officinale,3-methylidene-6-propan-2-ylcyclohexene,CC(C)C1CCC(=C)C=C1,C10H16,136.12520051,2,1,False
COc1cc(C2OCC3C(c4ccc(OC)c(OC)c4)OCC23)ccc1O,Phillygenin,Phillygenin,3083590,3083590,Forsythia suspensa,Forsythia suspensa,"4-[(3S,3aR,6R,6aR)-6-(3,4-dimethoxyphenyl)-1,3,3a,4,6,6a-hexahydrofuro[3,4-c]furan-3-yl]-2-methoxyphenol",COC1=C(C=C(C=C1)[C@H]2[C@H]3CO[C@@H]([C@H]3CO2)C4=CC(=C(C=C4)O)OC)OC,C21H24O6,372.1572885,1,1,False
COc1cc(CC2C(=O)OCC2Cc2ccc(OC)c(OC)c2)ccc1O,Arctigenin,Arctigenin,64981,64981,Forsythia suspensa,Forsythia suspensa,"(3R,4R)-4-[(3,4-dimethoxyphenyl)methyl]-3-[(4-hydroxy-3-methoxyphenyl)methyl]oxolan-2-one",COC1=C(C=C(C=C1)C[C@H]2COC(=O)[C@@H]2CC3=CC(=C(C=C3)O)OC)OC,C21H24O6,372.1572885,1,1,False
COc1cc2ccc(=O)oc2cc1OC,Aesculetin dimethyl ether,Aesculetin dimethyl ether,8417,8417,Forsythia suspensa,Forsythia suspensa,"6,7-dimethoxychromen-2-one",COC1=C(C=C2C(=C1)C=CC(=O)O2)OC,C11H10O4,206.05790881,1,1,False
COc1cc(C2OCC3C(c4ccc(O)c(OC)c4)OCC23)ccc1O,(+)-Pinoresinol,(+)-Pinoresinol | (+)-Epipinoresinol,73399,73399 | 637584,Forsythia suspensa,Forsythia suspensa,"4-[(3S,3aR,6S,6aR)-6-(4-hydroxy-3-methoxyphenyl)-1,3,3a,4,6,6a-hexahydrofuro[3,4-c]furan-3-yl]-2-methoxyphenol",COC1=C(C=CC(=C1)[C@@H]2[C@H]3CO[C@@H]([C@H]3CO2)C4=CC(=C(C=C4)O)OC)O,C20H22O6,358.14163844,2,2,True
COc1cc(CC2COC(=O)C2Cc2ccc(OC3OC(CO)C(O)C(O)C3O)c(OC)c2)ccc1O,Matairesinoside,Matairesinoside,486612,486612,Forsythia suspensa,Forsythia suspensa,"(3R,4R)-4-[(4-hydroxy-3-methoxyphenyl)methyl]-3-[[3-methoxy-4-[(2S,3R,4S,5S,6R)-3,4,5-trihydroxy-6-(hydroxymethyl)oxan-2-yl]oxyphenyl]methyl]oxolan-2-one",COC1=C(C=CC(=C1)C[C@H]2COC(=O)[C@@H]2CC3=CC(=C(C=C3)O[C@H]4[C@@H]([C@H]([C@@H]([C@H](O4)CO)O)O)O)OC)O,C26H32O11,520.19446187,1,1,False
COc1cc(OC2OCC3C(c4ccc(O)c(OC)c4)OCC23)ccc1O,(+)-Pinoresinolin,(+)-Pinoresinolin,157009759,157009759,Forsythia suspensa,Forsythia suspensa,"4-[(6R,6aR)-6-(4-hydroxy-3-methoxyphenoxy)-1,3,3a,4,6,6a-hexahydrofuro[3,4-c]furan-3-yl]-2-methoxyphenol",COC1=C(C=CC(=C1)C2C3CO[C@@H]([C@H]3CO2)OC4=CC(=C(C=C4)O)OC)O,C20H22O7,374.13655306,1,1,False
COc1cc(C=CCO)cc(OC)c1O,Sinapyl alcohol,Sinapyl alcohol,5280507,5280507,Forsythia suspensa,Forsythia suspensa,"4-[(E)-3-hydroxyprop-1-enyl]-2,6-dimethoxyphenol",COC1=CC(=CC(=C1O)OC)/C=C/CO,C11H14O4,210.08920894,1,1,False
COc1ccc2[nH]cc(CCN)c2c1,5-Methoxytryptamine,5-Methoxytryptamine,1833,1833,Forsythia suspensa,Forsythia suspensa,2-(5-methoxy-1H-indol-3-yl)ethanamine,COC1=CC2=C(C=C1)NC=C2CCN,C11H14N2O,190.11061308,1,1,False
O=C1C=CC(O)(CCOC2OC(CO)C(O)C(O)C2O)C=C1,Cornoside,Cornoside,3084796,3084796,Forsythia suspensa,Forsythia suspensa,"4-hydroxy-4-[2-[(2S,3S,4R,5R,6S)-3,4,5-trihydroxy-6-(hydroxymethyl)oxan-2-yl]oxyethyl]cyclohexa-2,5-dien-1-one",C1=CC(C=CC1=O)(CCO[C@@H]2[C@H]([C@@H]([C@H]([C@@H](O2)CO)O)O)O)O,C14H20O8,316.11581762,1,1,False
O=C(O)C1=COC(OC2OC(CO)C(O)C(O)C2O)C2C(CO)CCC12,Adoxosidic acid,Adoxosidic acid,13892717,13892717,Forsythia suspensa,Forsythia suspensa,"(1S,4aS,7S,7aS)-7-(hydroxymethyl)-1-[(2S,3R,4S,5S,6R)-3,4,5-trihydroxy-6-(hydroxymethyl)oxan-2-yl]oxy-1,4a,5,6,7,7a-hexahydrocyclopenta[c]pyran-4-carboxylic acid",C1C[C@H]2[C@@H]([C@H]1CO)[C@@H](OC=C2C(=O)O)O[C@H]3[C@@H]([C@H]([C@@H]([C@H](O3)CO)O)O)O,C16H24O10,376.13694699,1,1,False
CC1(CO)CCC2(C(=O)OC3OC(CO)C(O)C(O)C3O)CCC3(C)C(=CCC4C5(C)CC(O)C(O)C(C)(CO)C5CCC43C)C2C1,Quadranoside III,Quadranoside III,10327092,10327092,Melissa officinalis,Melissa officinalis,"[(2S,3R,4S,5S,6R)-3,4,5-trihydroxy-6-(hydroxymethyl)oxan-2-yl] (2R,4aR,6aR,6aS,6bR,8aR,9R,10R,11R,12aR,14bS)-10,11-dihydroxy-2,9-bis(hydroxymethyl)-2,6a,6b,9,12a-pentamethyl-1,3,4,5,6,6a,7,8,8a,10,11,12,13,14b-tetradecahydropicene-4a-carboxylate",C[C@]1(CC[C@@]2(CC[C@@]3(C(=CC[C@H]4[C@]3(CC[C@@H]5[C@@]4(C[C@H]([C@@H]([C@@]5(C)CO)O)O)C)C)[C@@H]2C1)C)C(=O)O[C@H]6[C@@H]([C@H]([C@@H]([C@H](O6)CO)O)O)O)CO,C36H58O11,666.3979127,1,1,False
C=C1CCC2C(C3C1CCC3(C)O)C2(C)C,Espatulenol,Espatulenol,92231,92231,Melissa officinalis,Melissa officinalis | Zingiber officinale,"(1aR,4aR,7S,7aR,7bR)-1,1,7-trimethyl-4-methylidene-1a,2,3,4a,5,6,7a,7b-octahydrocyclopropa[h]azulen-7-ol",C[C@@]1(CC[C@@H]2[C@@H]1[C@H]3[C@H](C3(C)C)CCC2=C)O,C15H24O,220.18271539,2,1,False
CC(C)=C1CCC(C)CC1=O,Pulegone,Pulegone,442495,442495,Melissa officinalis,Melissa officinalis,(5R)-5-methyl-2-propan-2-ylidenecyclohexan-1-one,C[C@@H]1CCC(=C(C)C)C(=O)C1,C10H16O,152.12011513,1,1,False
CC(C)=CCCC(C)CC=O,(R)-Citronellal,(R)-Citronellal | Citronellal | Rhodinal,7794,7794 | 75427,Melissa officinalis,Melissa officinalis | Zingiber officinale,"(3R)-3,7-dimethyloct-6-enal",C[C@H](CCC=C(C)C)CC=O,C10H18O,154.1357652,4,2,True
C=C1C=CC(C(C)C)CCC(C)=CCC1,Germacrene D,Germacrene D | D-germacrene,5317570,5317570,Melissa officinalis,Melissa officinalis | Zingiber officinale,"(1E,6E,8S)-1-methyl-5-methylidene-8-propan-2-ylcyclodeca-1,6-diene",C/C/1=C\CCC(=C)/C=C/[C@@H](CC1)C(C)C,C15H24,204.18780077,3,1,False
O=C(C=Cc1ccc(O)c(O)c1)OC=Cc1ccc(O)c(O)c1,Nepetoidin B,Nepetoidin B,5316819,5316819,Melissa officinalis,Melissa officinalis,"[(Z)-2-(3,4-dihydroxyphenyl)ethenyl] (E)-3-(3,4-dihydroxyphenyl)prop-2-enoate",C1=CC(=C(C=C1/C=C/C(=O)O/C=C\C2=CC(=C(C=C2)O)O)O)O,C17H14O6,314.07903818,1,1,False
O=C(C=Cc1ccc(O)c(O)c1)OC=Cc1cc(O)cc(O)c1,Nepetoidin A,Nepetoidin A,5316820,5316820,Melissa officinalis,Melissa officinalis,"[(Z)-2-(3,5-dihydroxyphenyl)ethenyl] (E)-3-(3,4-dihydroxyphenyl)prop-2-enoate",C1=CC(=C(C=C1/C=C/C(=O)O/C=C\C2=CC(=CC(=C2)O)O)O)O,C17H14O6,314.07903818,1,1,False
O=C(O)C=Cc1ccc(O)c(O)c1C=Cc1ccc(O)c(O)c1,Salvianolic acid F,Salvianolic acid F,10903113,10903113,Melissa officinalis,Melissa officinalis,"(E)-3-[2-[(E)-2-(3,4-dihydroxyphenyl)ethenyl]-3,4-dihydroxyphenyl]prop-2-enoic acid",C1=CC(=C(C=C1/C=C/C2=C(C=CC(=C2O)O)/C=C/C(=O)O)O)O,C17H14O6,314.07903818,1,1,False
O=C(O)C(O)Cc1ccc(O)c(O)c1,Salvianic acid A,"Salvianic acid A | 3-(3,4-Dihydroxyphenyl)-2-hydroxypropanoic acid",439435,439435 | 11600642,Melissa officinalis,Melissa officinalis,"(2R)-3-(3,4-dihydroxyphenyl)-2-hydroxypropanoic acid",C1=CC(=C(C=C1C[C@H](C(=O)O)O)O)O,C9H10O5,198.05282343,2,2,True
O=C(C=Cc1ccc(O)c(O)c1C=Cc1ccc(O)c(O)c1)OC(Cc1ccc(O)c(O)c1)C(=O)O,Salvianolic acid A,Salvianolic acid A,5281793,5281793,Melissa officinalis,Melissa officinalis,"(2R)-3-(3,4-dihydroxyphenyl)-2-[(E)-3-[2-[(E)-2-(3,4-dihydroxyphenyl)ethenyl]-3,4-dihydroxyphenyl]prop-2-enoyl]oxypropanoic acid",C1=CC(=C(C=C1C[C@H](C(=O)O)OC(=O)/C=C/C2=C(C(=C(C=C2)O)O)/C=C/C3=CC(=C(C=C3)O)O)O)O,C26H22O10,494.12129692,1,1,False
O=C(C=Cc1ccc(O)c2c1C(C(=O)O)C(c1ccc(O)c(O)c1)O2)OC(Cc1ccc(O)c(O)c1)C(=O)O,Lithospermic acid,Lithospermic acid,6441498,6441498,Melissa officinalis,Melissa officinalis,"(2S,3S)-4-[(E)-3-[(1R)-1-carboxy-2-(3,4-dihydroxyphenyl)ethoxy]-3-oxoprop-1-enyl]-2-(3,4-dihydroxyphenyl)-7-hydroxy-2,3-dihydro-1-benzofuran-3-carboxylic acid",C1=CC(=C(C=C1C[C@H](C(=O)O)OC(=O)/C=C/C2=C3[C@@H]([C@H](OC3=C(C=C2)O)C4=CC(=C(C=C4)O)O)C(=O)O)O)O,C27H22O12,538.11112617,1,1,False
O=C(C=Cc1ccc(O)c2c1C(C(=O)OC(Cc1ccc(O)c(O)c1)C(=O)O)C(c1ccc(O)c(O)c1)O2)OC(Cc1ccc(O)c(O)c1)C(=O)O,Salvianolic acid B,Salvianolic acid B,6451084,6451084,Melissa officinalis,Melissa officinalis,"(2R)-2-[(E)-3-[(2S,3S)-3-[(1R)-1-carboxy-2-(3,4-dihydroxyphenyl)ethoxy]carbonyl-2-(3,4-dihydroxyphenyl)-7-hydroxy-2,3-dihydro-1-benzofuran-4-yl]prop-2-enoyl]oxy-3-(3,4-dihydroxyphenyl)propanoic acid",C1=CC(=C(C=C1C[C@H](C(=O)O)OC(=O)/C=C/C2=C3[C@@H]([C@H](OC3=C(C=C2)O)C4=CC(=C(C=C4)O)O)C(=O)O[C@H](CC5=CC(=C(C=C5)O)O)C(=O)O)O)O,C36H30O16,718.15338491,1,1,False
O=C(C=Cc1ccc(O)c(O)c1)OC(Cc1ccc(O)c(O)c1)C(=O)O,Labiatenic acid,Labiatenic acid,5281792,5281792,Melissa officinalis,Melissa officinalis,"(2R)-3-(3,4-dihydroxyphenyl)-2-[(E)-3-(3,4-dihydroxyphenyl)prop-2-enoyl]oxypropanoic acid",C1=CC(=C(C=C1C[C@H](C(=O)O)OC(=O)/C=C/C2=CC(=C(C=C2)O)O)O)O,C18H16O8,360.08451749,1,1,False
O=c1cc(-c2ccc(O)c(O)c2)oc2cc(O)cc(O)c12,"5,7,3',4'-Tetrahydroxyflavone","5,7,3',4'-Tetrahydroxyflavone",5280445,5280445,Melissa officinalis,Melissa officinalis,"2-(3,4-dihydroxyphenyl)-5,7-dihydroxychromen-4-one",C1=CC(=C(C=C1C2=CC(=O)C3=C(C=C(C=C3O2)O)O)O)O,C15H10O6,286.04773805,1,1,False
O=C(O)C1OC(Oc2cc(-c3cc(=O)c4c(O)cc(O)cc4o3)ccc2O)C(O)C(O)C1O,Luteolin 3'-O-beta-D-glucuronide,Luteolin 3'-O-beta-D-glucuronide,10253785,10253785,Melissa officinalis,Melissa officinalis,"(2S,3S,4S,5R,6S)-6-[5-(5,7-dihydroxy-4-oxochromen-2-yl)-2-hydroxyphenoxy]-3,4,5-trihydroxyoxane-2-carboxylic acid",C1=CC(=C(C=C1C2=CC(=O)C3=C(C=C(C=C3O2)O)O)O[C@H]4[C@@H]([C@H]([C@@H]([C@H](O4)C(=O)O)O)O)O)O,C21H18O12,462.07982604,1,1,False
O=C(O)C1OC(Oc2cc(-c3cc(=O)c4c(O)cc(OC5OC(CO)C(O)C(O)C5O)cc4o3)ccc2O)C(O)C(O)C1O,Luteolin 7-glucoside-3'-glucuronide,Luteolin 7-glucoside-3'-glucuronide,44258136,44258136,Melissa officinalis,Melissa officinalis,"(3S,4S,6S)-3,4,5-trihydroxy-6-[2-hydroxy-5-[5-hydroxy-4-oxo-7-[(2S,4S,5S)-3,4,5-trihydroxy-6-(hydroxymethyl)oxan-2-yl]oxychromen-2-yl]phenoxy]oxane-2-carboxylic acid",C1=CC(=C(C=C1C2=CC(=O)C3=C(C=C(C=C3O2)O[C@H]4C([C@H]([C@@H](C(O4)CO)O)O)O)O)O[C@H]5C([C@H]([C@@H](C(O5)C(=O)O)O)O)O)O,C27H28O17,624.13264947,1,1,False
O=C(C=Cc1ccc(OC(=Cc2ccc(O)c(O)c2)C(=O)O)c(O)c1)OC(Cc1ccc(O)c(O)c1)C(=O)O,Melitric acid A,Melitric acid A,10459878,10459878,Melissa officinalis,Melissa officinalis,"2-[(E)-3-[4-[(Z)-1-carboxy-2-(3,4-dihydroxyphenyl)ethenoxy]-3-hydroxyphenyl]prop-2-enoyl]oxy-3-(3,4-dihydroxyphenyl)propanoic acid",C1=CC(=C(C=C1CC(C(=O)O)OC(=O)/C=C/C2=CC(=C(C=C2)O/C(=C\C3=CC(=C(C=C3)O)O)/C(=O)O)O)O)O,C27H22O12,538.11112617,1,1,False
O=C(C=Cc1ccc2c(c1)OC(=O)C(=Cc1ccc(O)c(O)c1)O2)OC(Cc1ccc(O)c(O)c1)C(=O)O,Melitric acid B,Melitric acid B,131752903,131752903,Melissa officinalis,Melissa officinalis,"3-(3,4-dihydroxyphenyl)-2-[(E)-3-[(2Z)-2-[(3,4-dihydroxyphenyl)methylidene]-3-oxo-1,4-benzodioxin-6-yl]prop-2-enoyl]oxypropanoic acid",C1=CC(=C(C=C1CC(C(=O)O)OC(=O)/C=C/C2=CC3=C(C=C2)O/C(=C\C4=CC(=C(C=C4)O)O)/C(=O)O3)O)O,C27H20O11,520.10056148,1,1,False
O=C(O)C(Cc1ccc(O)c(O)c1)OC(=O)C1C(C(=O)OC(Cc2ccc(O)c(O)c2)C(=O)O)C(c2ccc(O)c(O)c2)C1c1ccc(O)c(O)c1,(+)-Sagerinic acid,(+)-Sagerinic acid,23760102,23760102,Melissa officinalis,Melissa officinalis,"2-[2-[1-carboxy-2-(3,4-dihydroxyphenyl)ethoxy]carbonyl-3,4-bis(3,4-dihydroxyphenyl)cyclobutanecarbonyl]oxy-3-(3,4-dihydroxyphenyl)propanoic acid",C1=CC(=C(C=C1CC(C(=O)O)OC(=O)C2C(C(C2C(=O)OC(CC3=CC(=C(C=C3)O)O)C(=O)O)C4=CC(=C(C=C4)O)O)C5=CC(=C(C=C5)O)O)O)O,C36H32O16,720.16903498,1,1,False
O=C(O)C=Cc1ccc(O)cc1,p-Coumaric acid,p-Coumaric acid,637542,637542,Melissa officinalis,Melissa officinalis,(E)-3-(4-hydroxyphenyl)prop-2-enoic acid,C1=CC(=CC=C1/C=C/C(=O)O)O,C9H8O3,164.04734412,1,1,False
O=C(C=Cc1ccc(O)cc1)OC(Cc1ccc(O)c(O)c1)C(=O)O,Clinopodic acid A,Clinopodic acid A,25244691,25244691,Melissa officinalis,Melissa officinalis,"(2R)-3-(3,4-dihydroxyphenyl)-2-[(E)-3-(4-hydroxyphenyl)prop-2-enoyl]oxypropanoic acid",C1=CC(=CC=C1/C=C/C(=O)O[C@H](CC2=CC(=C(C=C2)O)O)C(=O)O)O,C18H16O7,344.08960287,1,1,False
NC(Cc1ccc(O)cc1)C(=O)O,L-Tyrosine,L-Tyrosine,6057,6057,Melissa officinalis,Melissa officinalis,(2S)-2-amino-3-(4-hydroxyphenyl)propanoic acid,C1=CC(=CC=C1C[C@@H](C(=O)O)N)O,C9H11NO3,181.07389323,1,1,False
O=C([O-])C=Cc1ccccc1,Cinnamate,Cinnamate,5957728,5957728,Melissa officinalis,Melissa officinalis,(E)-3-phenylprop-2-enoate,C1=CC=C(C=C1)/C=C/C(=O)[O-],C9H8O2,148.0524295,1,1,False
NC(Cc1ccccc1)C(=O)O,L-Phenylalanine,L-Phenylalanine,6140,6140,Melissa officinalis,Melissa officinalis,(2S)-2-amino-3-phenylpropanoic acid,C1=CC=C(C=C1)C[C@@H](C(=O)O)N,C9H11NO2,165.0789786,1,1,False
O=C(C=CC1=CC2C(c3ccc(O)c(O)c3)C(C(=O)O)C1C1(O)OC(=O)CC21O)OC(Cc1ccc(O)c(O)c1)C(=O)O,Yunnaneic acid F,Yunnaneic acid F,10651175,10651175,Melissa officinalis,Melissa officinalis,"(1R,2S,6S,7R,8S,9R)-10-[(E)-3-[(1R)-1-carboxy-2-(3,4-dihydroxyphenyl)ethoxy]-3-oxoprop-1-enyl]-8-(3,4-dihydroxyphenyl)-2,6-dihydroxy-4-oxo-3-oxatricyclo[5.2.2.02,6]undec-10-ene-9-carboxylic acid",C1C(=O)O[C@@]2([C@]1([C@@H]3C=C([C@H]2[C@@H]([C@H]3C4=CC(=C(C=C4)O)O)C(=O)O)/C=C/C(=O)O[C@H](CC5=CC(=C(C=C5)O)O)C(=O)O)O)O,C29H26O14,598.13225554,1,1,False
C=C(C)C(CO)CC=C(C)C,Lavandulol,Lavandulol,5464156,5464156,Melissa officinalis,Melissa officinalis,(2R)-5-methyl-2-prop-1-en-2-ylhex-4-en-1-ol,CC(=CC[C@@H](CO)C(=C)C)C,C10H18O,154.1357652,1,1,False
CC(C)=CCCC(C)=CCO,(E)-geraniol,(E)-geraniol | beta-Nerol,637566,637566 | 643820,Melissa officinalis,Melissa officinalis | Zingiber officinale,"(2E)-3,7-dimethylocta-2,6-dien-1-ol",CC(=CCC/C(=C/CO)/C)C,C10H18O,154.1357652,4,2,True
CC(=O)OCC=C(C)CCC=C(C)C,Geranyl acetate,Geranyl acetate,1549026,1549026,Melissa officinalis,Melissa officinalis | Zingiber officinale,"[(2E)-3,7-dimethylocta-2,6-dienyl] acetate",CC(=CCC/C(=C/COC(=O)C)/C)C,C12H20O2,196.14632988,2,1,False
CC(C)(COP(=O)(O)OP(=O)(O)OCC1OC(n2cnc3c(N)ncnc32)C(O)C1OP(=O)(O)O)C(O)C(=O)NCCC(=O)NCCSC(=O)C=Cc1ccc(O)cc1,p-Coumaroyl CoA,p-Coumaroyl CoA,6440013,6440013,Melissa officinalis,Melissa officinalis | Zingiber officinale,"S-[2-[3-[[(2R)-4-[[[(2R,3S,4R,5R)-5-(6-aminopurin-9-yl)-4-hydroxy-3-phosphonooxyoxolan-2-yl]methoxy-hydroxyphosphoryl]oxy-hydroxyphosphoryl]oxy-2-hydroxy-3,3-dimethylbutanoyl]amino]propanoylamino]ethyl] (E)-3-(4-hydroxyphenyl)prop-2-enethioate",CC(C)(COP(=O)(O)OP(=O)(O)OC[C@@H]1[C@H]([C@H]([C@@H](O1)N2C=NC3=C(N=CN=C32)N)O)OP(=O)(O)O)[C@H](C(=O)NCCC(=O)NCCSC(=O)/C=C/C4=CC=C(C=C4)O)O,C30H42N7O18P3S,913.15198779,2,1,False
CC(C)=CCCC(C)CCO,Citronellol,Citronellol | (+)-Citronellol,8842,8842 | 101977,Melissa officinalis,Melissa officinalis | Zingiber officinale,"3,7-dimethyloct-6-en-1-ol",CC(CCC=C(C)C)CCO,C10H20O,156.15141526,3,2,True
CC1=CC2C(C(C)C)CCC(C)(O)C2CC1,alpha-Cadinol,alpha-Cadinol | tau-Muurolol | Muurolol,3084311,3084311 | 3084331 | 10398656,Melissa officinalis,Melissa officinalis | Zingiber officinale,"(1R,4S,4aR,8aR)-1,6-dimethyl-4-propan-2-yl-3,4,4a,7,8,8a-hexahydro-2H-naphthalen-1-ol",CC1=C[C@H]2[C@@H](CC[C@@]([C@@H]2CC1)(C)O)C(C)C,C15H26O,222.19836545,4,3,True
C=C(C)C1CC=C(C)C(O)C1,trans-Carveol,trans-Carveol,94221,94221,Melissa officinalis,Melissa officinalis | Zingiber officinale,"(1S,5R)-2-methyl-5-prop-1-en-2-ylcyclohex-2-en-1-ol",CC1=CC[C@H](C[C@@H]1O)C(=C)C,C10H16O,152.12011513,2,1,False
CC1=CCC2C(C1)C2(C)C,3-Carene,3-Carene | (+)-Carene | Carene,26049,26049 | 442461,Melissa officinalis,Melissa officinalis | Zingiber officinale,"3,7,7-trimethylbicyclo[4.1.0]hept-3-ene",CC1=CCC2C(C1)C2(C)C,C10H16,136.12520051,4,2,True
CCC(=O)C1CCCCN1,Conhydrinone,Conhydrinone,426124,426124,Melissa officinalis,Melissa officinalis,1-piperidin-2-ylpropan-1-one,CCC(=O)C1CCCCN1,C8H15NO,141.11536411,1,1,False
CCC1CCC(CC)O1,FEMA 3743,FEMA 3743,62913,62913,Melissa officinalis,Melissa officinalis,"2,5-diethyloxolane",CCC1CCC(O1)CC,C8H16O,128.12011513,1,1,False
CCCC(=O)CCCC=O,5-Ketooctanal,5-Ketooctanal,12538121,12538121,Melissa officinalis,Melissa officinalis,5-oxooctanal,CCCC(=O)CCCC=O,C8H14O2,142.09937969,1,1,False
CCCC1=NCCCC1,gamma-Coniceine,gamma-Coniceine,442632,442632,Melissa officinalis,Melissa officinalis,"6-propyl-2,3,4,5-tetrahydropyridine",CCCC1=NCCCC1,C8H15N,125.12044949,1,1,False
C=CC(O)CCCCC,1-Octen-3-ol,1-Octen-3-ol,18827,18827,Melissa officinalis,Melissa officinalis,oct-1-en-3-ol,CCCCCC(C=C)O,C8H16O,128.12011513,1,1,False
CC(C)=CCc1c(O)c(O)c(OC2OC(COC3OC(C)C(O)C(O)C3O)C(O)C(O)C2O)c2c1OC(c1ccc(O)cc1)CC2=O,Nirurin,Nirurin,102405297,102405297,Phyllanthus niruri,Phyllanthus niruri,"6,7-dihydroxy-2-(4-hydroxyphenyl)-8-(3-methylbut-2-enyl)-5-[(2S,3R,4S,5S,6R)-3,4,5-trihydroxy-6-[[(2R,3R,4R,5R,6S)-3,4,5-trihydroxy-6-methyloxan-2-yl]oxymethyl]oxan-2-yl]oxy-2,3-dihydrochromen-4-one",C[C@H]1[C@@H]([C@H]([C@H]([C@@H](O1)OC[C@@H]2[C@H]([C@@H]([C@H]([C@@H](O2)OC3=C(C(=C(C4=C3C(=O)CC(O4)C5=CC=C(C=C5)O)CC=C(C)C)O)O)O)O)O)O)O)O,C32H40O15,664.23672061,1,1,False
CC1OC(Oc2c(-c3ccc(O)c(O)c3)oc3cc(O)cc(O)c3c2=O)C(O)C(O)C1O,Quercetin 3-O-alpha-L-rhamnoside,Quercetin 3-O-alpha-L-rhamnoside,5280459,5280459,Phyllanthus niruri,Phyllanthus niruri,"2-(3,4-dihydroxyphenyl)-5,7-dihydroxy-3-[(2S,3R,4R,5R,6S)-3,4,5-trihydroxy-6-methyloxan-2-yl]oxychromen-4-one",C[C@H]1[C@@H]([C@H]([C@H]([C@@H](O1)OC2=C(OC3=CC(=CC(=C3C2=O)O)O)C4=CC(=C(C=C4)O)O)O)O)O,C21H20O11,448.10056148,1,1,False
CC1OC(Oc2cc(O)c3c(c2)OC(c2ccc(O)c(O)c2)CC3=O)C(O)C(O)C1O,Eriodictin,Eriodictin,101789466,101789466,Phyllanthus niruri,Phyllanthus niruri,"(2S)-2-(3,4-dihydroxyphenyl)-5-hydroxy-7-[(2S,3R,4R,5R,6S)-3,4,5-trihydroxy-6-methyloxan-2-yl]oxy-2,3-dihydrochromen-4-one",C[C@H]1[C@@H]([C@H]([C@H]([C@@H](O1)OC2=CC(=C3C(=O)C[C@H](OC3=C2)C4=CC(=C(C=C4)O)O)O)O)O)O,C21H22O10,434.12129692,1,1,False
O=C1OCC(Cc2ccc3c(c2)OCO3)C1Cc1ccc2c(c1)OCO2,Hinokinin,Hinokinin,442879,442879,Phyllanthus niruri,Phyllanthus niruri,"(3R,4R)-3,4-bis(1,3-benzodioxol-5-ylmethyl)oxolan-2-one",C1[C@@H]([C@H](C(=O)O1)CC2=CC3=C(C=C2)OCO3)CC4=CC5=C(C=C4)OCO5,C20H18O6,354.11033831,1,1,False
O=C1OCC2OC(O)C3OC(=O)c4cc(O)c(O)c(O)c4-c4c(cc(O)c(O)c4O)C(=O)OC3C2OC(=O)c2cc(O)c(O)c(O)c2-c2c1cc(O)c(O)c2O,Pedunculagin,Pedunculagin,442688,442688,Phyllanthus niruri,Phyllanthus niruri,"(1R,2S,19R,22R)-7,8,9,12,13,14,20,28,29,30,33,34,35-tridecahydroxy-3,18,21,24,39-pentaoxaheptacyclo[20.17.0.02,19.05,10.011,16.026,31.032,37]nonatriaconta-5,7,9,11,13,15,26,28,30,32,34,36-dodecaene-4,17,25,38-tetrone",C1[C@@H]2[C@H]([C@H]3[C@H](C(O2)O)OC(=O)C4=CC(=C(C(=C4C5=C(C(=C(C=C5C(=O)O3)O)O)O)O)O)O)OC(=O)C6=CC(=C(C(=C6C7=C(C(=C(C=C7C(=O)O1)O)O)O)O)O)O,C34H24O22,784.07592246,1,1,False
O=C1OC2COC(=O)c3cc(O)c(O)c(O)c3-c3c(cc(O)c(O)c3O)C(=O)OC2C(OC(=O)c2cc(O)c(O)c(O)c2)=C1OC(=O)c1cc(O)c(O)c(O)c1,Emblicanin A,Emblicanin A,119058016,119058016,Phyllanthus niruri,Phyllanthus niruri,"[(10R,15R)-3,4,5,21,22,23-hexahydroxy-8,13,18-trioxo-12-(3,4,5-trihydroxybenzoyl)oxy-9,14,17-trioxatetracyclo[17.4.0.02,7.010,15]tricosa-1(23),2,4,6,11,19,21-heptaen-11-yl] 3,4,5-trihydroxybenzoate",C1[C@@H]2[C@H](C(=C(C(=O)O2)OC(=O)C3=CC(=C(C(=C3)O)O)O)OC(=O)C4=CC(=C(C(=C4)O)O)O)OC(=O)C5=CC(=C(C(=C5C6=C(C(=C(C=C6C(=O)O1)O)O)O)O)O)O,C34H22O22,782.06027239,1,1,False
O=C1OC2COC(=O)c3cc(O)c(O)c(O)c3-c3c(cc(O)c(O)c3O)C(=O)OC2C2=C1OC(=O)c1cc(O)c(O)c(O)c1-c1c(cc(O)c(O)c1O)C(=O)O2,Emblicanin B,Emblicanin B,119058017,119058017,Phyllanthus niruri,Phyllanthus niruri,"(1R,22R)-7,8,9,12,13,14,28,29,30,33,34,35-dodecahydroxy-3,18,21,24,39-pentaoxaheptacyclo[20.17.0.02,19.05,10.011,16.026,31.032,37]nonatriaconta-2(19),5,7,9,11,13,15,26,28,30,32,34,36-tridecaene-4,17,20,25,38-pentone",C1[C@@H]2[C@H](C3=C(C(=O)O2)OC(=O)C4=CC(=C(C(=C4C5=C(C(=C(C=C5C(=O)O3)O)O)O)O)O)O)OC(=O)C6=CC(=C(C(=C6C7=C(C(=C(C=C7C(=O)O1)O)O)O)O)O)O,C34H20O22,780.04462233,1,1,False
O=C(OC(C(=O)O)C(OC(=O)c1cc(O)c(O)c(O)c1)C1OC(=O)c2cc(O)c(O)c(O)c2-c2c(cc(O)c(O)c2O)C(=O)OCC1O)c1cc(O)c(O)c(O)c1,Punigluconin,Punigluconin,21637585,21637585,Phyllanthus niruri,Phyllanthus niruri,"(2R,3S)-3-[(10R,11R)-3,4,5,11,17,18,19-heptahydroxy-8,14-dioxo-9,13-dioxatricyclo[13.4.0.02,7]nonadeca-1(19),2,4,6,15,17-hexaen-10-yl]-2,3-bis[(3,4,5-trihydroxybenzoyl)oxy]propanoic acid",C1[C@H]([C@@H](OC(=O)C2=CC(=C(C(=C2C3=C(C(=C(C=C3C(=O)O1)O)O)O)O)O)O)[C@@H]([C@H](C(=O)O)OC(=O)C4=CC(=C(C(=C4)O)O)O)OC(=O)C5=CC(=C(C(=C5)O)O)O)O,C34H26O23,802.08648714,1,1,False
O=C(O)c1cc(O)c(O)c(O)c1,Gallic acid,Gallic acid,370,370,Phyllanthus niruri,Phyllanthus niruri,"3,4,5-trihydroxybenzoic acid",C1=C(C=C(C(=C1O)O)O)C(=O)O,C7H6O5,170.0215233,1,1,False
O=c1c(O)c(-c2ccc(O)c(O)c2)oc2cc(O)cc(O)c12,Quercetin,Quercetin,5280343,5280343,Phyllanthus niruri,Phyllanthus niruri | Zingiber officinale,"2-(3,4-dihydroxyphenyl)-3,5,7-trihydroxychromen-4-one",C1=CC(=C(C=C1C2=C(C(=O)C3=C(C=C(C=C3O2)O)O)O)O)O,C15H10O7,302.04265268,2,1,False
O=c1c(OC2OC(CO)C(O)C(O)C2O)c(-c2ccc(O)c(O)c2)oc2cc(O)cc(O)c12,Hirsutrin,Hirsutrin,5280804,5280804,Phyllanthus niruri,Phyllanthus niruri,"2-(3,4-dihydroxyphenyl)-5,7-dihydroxy-3-[(2S,3R,4S,5S,6R)-3,4,5-trihydroxy-6-(hydroxymethyl)oxan-2-yl]oxychromen-4-one",C1=CC(=C(C=C1C2=C(C(=O)C3=C(C=C(C=C3O2)O)O)O[C@H]4[C@@H]([C@H]([C@@H]([C@H](O4)CO)O)O)O)O)O,C21H20O12,464.09547611,1,1,False
O=c1c(O)c(-c2ccc(OC3OC(CO)C(O)C(O)C3O)c(O)c2)oc2cc(O)ccc12,Fisetin 4'-glucoside,Fisetin 4'-glucoside,44258681,44258681,Phyllanthus niruri,Phyllanthus niruri,"3,7-dihydroxy-2-[3-hydroxy-4-[(2S,5S)-3,4,5-trihydroxy-6-(hydroxymethyl)oxan-2-yl]oxyphenyl]chromen-4-one",C1=CC(=C(C=C1C2=C(C(=O)C3=C(O2)C=C(C=C3)O)O)O)O[C@H]4C(C([C@@H](C(O4)CO)O)O)O,C21H20O11,448.10056148,1,1,False
O=c1c(OC2OC(CO)C(O)C(O)C2O)c(-c2ccc(O)cc2)oc2cc(O)cc(O)c12,Astragalin,Astragalin,5282102,5282102,Phyllanthus niruri,Phyllanthus niruri,"5,7-dihydroxy-2-(4-hydroxyphenyl)-3-[(2S,3R,4S,5S,6R)-3,4,5-trihydroxy-6-(hydroxymethyl)oxan-2-yl]oxychromen-4-one",C1=CC(=CC=C1C2=C(C(=O)C3=C(C=C(C=C3O2)O)O)O[C@H]4[C@@H]([C@H]([C@@H]([C@H](O4)CO)O)O)O)O,C21H20O11,448.10056148,1,1,False
CC(=O)OCC1OC(OC2(COC(C)=O)OC(COC(=O)C=Cc3ccccc3)C(O)C2OC(=O)C=Cc2ccccc2)C(OC(C)=O)C(O)C1OC(C)=O,Niruriside,Niruriside,70697928,70697928,Phyllanthus niruri,Phyllanthus niruri,"[(2R,3R,4S,5S)-5-(acetyloxymethyl)-5-[(2S,3R,4S,5S,6R)-3,5-diacetyloxy-6-(acetyloxymethyl)-4-hydroxyoxan-2-yl]oxy-3-hydroxy-4-[(E)-3-phenylprop-2-enoyl]oxyoxolan-2-yl]methyl (E)-3-phenylprop-2-enoate",CC(=O)OC[C@@H]1[C@H]([C@@H]([C@H]([C@@H](O1)O[C@]2([C@H]([C@@H]([C@H](O2)COC(=O)/C=C/C3=CC=CC=C3)O)OC(=O)/C=C/C4=CC=CC=C4)COC(=O)C)OC(=O)C)O)OC(=O)C,C38H42O17,770.24219992,1,1,False
CCC(CCC(C)C1CCC2C3CC=C4CC(O)CCC4(C)C3CCC12C)C(C)C,(-)-beta-Sitosterol,(-)-beta-Sitosterol,222284,222284,Phyllanthus niruri,Phyllanthus niruri | Zingiber officinale,"(3S,8S,9S,10R,13R,14S,17R)-17-[(2R,5R)-5-ethyl-6-methylheptan-2-yl]-10,13-dimethyl-2,3,4,7,8,9,11,12,14,15,16,17-dodecahydro-1H-cyclopenta[a]phenanthren-3-ol",CC[C@H](CC[C@@H](C)[C@H]1CC[C@@H]2[C@@]1(CC[C@H]3[C@H]2CC=C4[C@@]3(CC[C@@H](C4)O)C)C)C(C)C,C29H50O,414.38616622,2,1,False
CC1OC(Oc2ccc(-c3oc4cc(O)cc(O)c4c(=O)c3O)cc2)C(O)C(O)C1O,Kaempferol 4'-rhamnoside,Kaempferol 4'-rhamnoside,44258925,44258925,Phyllanthus niruri,Phyllanthus niruri,"3,5,7-trihydroxy-2-[4-[(2S,3S,5R)-3,4,5-trihydroxy-6-methyloxan-2-yl]oxyphenyl]chromen-4-one",CC1[C@@H](C([C@@H]([C@@H](O1)OC2=CC=C(C=C2)C3=C(C(=O)C4=C(C=C(C=C4O3)O)O)O)O)O)O,C21H20O10,432.10564686,1,1,False
COC1OC(OC(=O)c2cc(O)c(O)c(O)c2)C(O)C(O)C1O,Glucogallin,Glucogallin,124375,124375,Phyllanthus niruri,Phyllanthus niruri,"[(3R,4S,5S,6S)-3,4,5-trihydroxy-6-methoxyoxan-2-yl] 3,4,5-trihydroxybenzoate",CO[C@@H]1[C@H]([C@@H]([C@H](C(O1)OC(=O)C2=CC(=C(C(=C2)O)O)O)O)O)O,C13H16O10,332.07434673,1,1,False
COCC(Cc1ccc(OC)c(OC)c1)C(COC)Cc1ccc(OC)c(OC)c1,Phyllanthin,Phyllanthin,358901,358901,Phyllanthus niruri,Phyllanthus niruri,"4-[(2S,3S)-3-[(3,4-dimethoxyphenyl)methyl]-4-methoxy-2-(methoxymethyl)butyl]-1,2-dimethoxybenzene",COC[C@@H](CC1=CC(=C(C=C1)OC)OC)[C@H](CC2=CC(=C(C=C2)OC)OC)COC,C24H34O6,418.23553882,1,1,False
COCC(Cc1ccc(OC)c(OC)c1)C(COC)Cc1cc(OC)c2c(c1)OCO2,Niranthin,Niranthin,11575632,11575632,Phyllanthus niruri,Phyllanthus niruri,"6-[(2S,3S)-3-[(3,4-dimethoxyphenyl)methyl]-4-methoxy-2-(methoxymethyl)butyl]-4-methoxy-1,3-benzodioxole",COC[C@@H](CC1=CC(=C(C=C1)OC)OC)[C@H](CC2=CC3=C(C(=C2)OC)OCO3)COC,C24H32O7,432.21480338,1,1,False
COCC1Cc2cc(OC)c3c(c2C(c2ccc(OC)c(OC)c2)C1COC)OCO3,Hypophyllanthin,Hypophyllanthin,182140,182140,Phyllanthus niruri,Phyllanthus niruri,"(7R,8R,9S)-9-(3,4-dimethoxyphenyl)-4-methoxy-7,8-bis(methoxymethyl)-6,7,8,9-tetrahydrobenzo[g][1,3]benzodioxole",COC[C@@H]1CC2=CC(=C3C(=C2[C@@H]([C@H]1COC)C4=CC(=C(C=C4)OC)OC)OCO3)OC,C24H30O7,430.19915331,1,1,False
COCC1Cc2cc(OC)c(OC)cc2C(c2ccc(OC)c(OC)c2)C1COC,Phyltetralin,Phyltetralin,11223782,11223782,Phyllanthus niruri,Phyllanthus niruri,"(1R,2S,3S)-1-(3,4-dimethoxyphenyl)-6,7-dimethoxy-2,3-bis(methoxymethyl)-1,2,3,4-tetrahydronaphthalene",COC[C@H]1CC2=CC(=C(C=C2[C@H]([C@@H]1COC)C3=CC(=C(C=C3)OC)OC)OC)OC,C24H32O6,416.21988875,1,1,False
COCC1Cc2cc(OC)c(OC)cc2C(c2ccc3c(c2)OCO3)C1COC,Lintetralin,Lintetralin,11361584,11361584,Phyllanthus niruri,Phyllanthus niruri,"5-[(1R,2S,3S)-6,7-dimethoxy-2,3-bis(methoxymethyl)-1,2,3,4-tetrahydronaphthalen-1-yl]-1,3-benzodioxole",COC[C@H]1CC2=CC(=C(C=C2[C@H]([C@@H]1COC)C3=CC4=C(C=C3)OCO4)OC)OC,C23H28O6,400.18858863,1,1,False
COCC1Cc2cc3c(c(OC)c2C(c2ccc(OC)c(OC)c2)C1COC)OCO3,Nirtetralin,Nirtetralin,182644,182644,Phyllanthus niruri,Phyllanthus niruri,"(5R,6S,7S)-5-(3,4-dimethoxyphenyl)-4-methoxy-6,7-bis(methoxymethyl)-5,6,7,8-tetrahydrobenzo[f][1,3]benzodioxole",COC[C@H]1CC2=CC3=C(C(=C2[C@H]([C@@H]1COC)C4=CC(=C(C=C4)OC)OC)OC)OCO3,C24H30O7,430.19915331,1,1,False
O=C1OC(C(O)CO)C(O)=C1O,(+)-Ascorbic acid,(+)-Ascorbic acid,54670067,54670067,Zingiber officinale,Zingiber officinale,"(2R)-2-[(1S)-1,2-dihydroxyethyl]-3,4-dihydroxy-2H-furan-5-one",C([C@@H]([C@@H]1C(=C(C(=O)O1)O)O)O)O,C6H8O6,176.03208799,1,1,False
CC(C)(O)C1CCC2(C)CCCC(C)(O)C2C1,Cryptomeridiol,Cryptomeridiol,165258,165258,Zingiber officinale,Zingiber officinale,"(1R,4aR,7R,8aR)-7-(2-hydroxypropan-2-yl)-1,4a-dimethyl-2,3,4,5,6,7,8,8a-octahydronaphthalen-1-ol",C[C@]12CCC[C@@]([C@@H]1C[C@@H](CC2)C(C)(C)O)(C)O,C15H28O2,240.20893014,1,1,False
CC1(C)CCCC2(C)C1CCC1(CO1)C2CC=C(C=O)CC=O,Aframodial,Aframodial,21668974,21668974,Zingiber officinale,Zingiber officinale,"(2E)-2-[2-[(1R,2S,4aS,8aS)-5,5,8a-trimethylspiro[3,4,4a,6,7,8-hexahydro-1H-naphthalene-2,2'-oxirane]-1-yl]ethylidene]butanedial",C[C@]12CCCC([C@@H]1CC[C@]3([C@@H]2C/C=C(\CC=O)/C=O)CO3)(C)C,C20H30O3,318.21949482,1,1,False
CC1(C)CCCC2(C)C1CCC1(CO1)C2CC=C1CCOC1=O,Galanolactone,Galanolactone,6450044,6450044,Zingiber officinale,Zingiber officinale,"(3E)-3-[2-[(1R,4aS,8aS)-5,5,8a-trimethylspiro[3,4,4a,6,7,8-hexahydro-1H-naphthalene-2,2'-oxirane]-1-yl]ethylidene]oxolan-2-one",C[C@]12CCCC([C@@H]1CCC3([C@@H]2C/C=C/4\CCOC4=O)CO3)(C)C,C20H30O3,318.21949482,1,1,False
C=C1C2CCC3C2C(C)(C)CCCC13C,Longifolene,Longifolene,1796220,1796220,Zingiber officinale,Zingiber officinale,"(1R,2S,7S,9S)-3,3,7-trimethyl-8-methylidenetricyclo[5.4.0.02,9]undecane",C[C@]12CCCC([C@@H]3[C@H]1CC[C@@H]3C2=C)(C)C,C15H24,204.18780077,1,1,False
C=C1CCCC2(C)CCC(C(C)(C)O)CC12,beta-Eudesmol,beta-Eudesmol,91457,91457,Zingiber officinale,Zingiber officinale,"2-[(2R,4aR,8aS)-4a-methyl-8-methylidene-1,2,3,4,5,6,7,8a-octahydronaphthalen-2-yl]propan-2-ol",C[C@]12CCCC(=C)[C@@H]1C[C@@H](CC2)C(C)(C)O,C15H26O,222.19836545,1,1,False
CC12CCCC(O)(C1)C1CC(C)(C)C1CC2,Caryophyllene alcohol,Caryophyllene alcohol,11746218,11746218,Zingiber officinale,Zingiber officinale,"(1R,2S,5R,8S)-4,4,8-trimethyltricyclo[6.3.1.02,5]dodecan-1-ol",C[C@@]12CCC[C@@](C1)([C@H]3CC([C@@H]3CC2)(C)C)O,C15H26O,222.19836545,1,1,False
C=CCCCCCCCCCC(O)C(C)N,Halaminol A,Halaminol A,10059639,10059639,Zingiber officinale,Zingiber officinale,"(2S,3R)-2-aminotetradec-13-en-3-ol",C[C@@H]([C@@H](CCCCCCCCCC=C)O)N,C14H29NO,227.22491455,1,1,False
COc1cc(C(O)C(C)O)ccc1O,"threo-1-(4-Hydroxy-3-methoxyphenyl)propane-1,2-diol","threo-1-(4-Hydroxy-3-methoxyphenyl)propane-1,2-diol",12181413,12181413,Zingiber officinale,Zingiber officinale,"(1S,2S)-1-(4-hydroxy-3-methoxyphenyl)propane-1,2-diol",C[C@@H]([C@H](C1=CC(=C(C=C1)O)OC)O)O,C10H14O4,198.08920894,1,1,False
C=C1C=CC(C(C)CCC=C(C)C)CC1,beta-Sesquiphellandrene,beta-Sesquiphellandrene | Sesquiphellandrene,519764,519764 | 12315492,Zingiber officinale,Zingiber officinale,(3R)-3-[(2S)-6-methylhept-5-en-2-yl]-6-methylidenecyclohexene,C[C@@H](CCC=C(C)C)[C@H]1CCC(=C)C=C1,C15H24,204.18780077,2,2,True
CC1CCC2(C)CCC3(C)C(=CCC4C5(C)CCC(O)C(C)(C)C5CCC43C)C2C1C,alpha-Amyrin,alpha-Amyrin,73170,73170,Zingiber officinale,Zingiber officinale,"(3S,4aR,6aR,6bS,8aR,11R,12S,12aR,14aR,14bR)-4,4,6a,6b,8a,11,12,14b-octamethyl-2,3,4a,5,6,7,8,9,10,11,12,12a,14,14a-tetradecahydro-1H-picen-3-ol",C[C@@H]1CC[C@@]2(CC[C@@]3(C(=CC[C@H]4[C@]3(CC[C@@H]5[C@@]4(CC[C@@H](C5(C)C)O)C)C)[C@@H]2[C@H]1C)C)C,C30H50O,426.38616622,1,1,False
C=C1CCC23CC1C(C)(C)C2CCC3C,beta-Funebrene,beta-Funebrene,11106485,11106485,Zingiber officinale,Zingiber officinale,"(1S,2R,5S,7S)-2,6,6-trimethyl-8-methylidenetricyclo[5.3.1.01,5]undecane",C[C@@H]1CC[C@@H]2[C@]13CCC(=C)[C@H](C3)C2(C)C,C15H24,204.18780077,1,1,False
CC1=C2C(CC1)C(C)CCC1C2C1(C)C,alpha-Gurjunene,alpha-Gurjunene,15560276,15560276,Zingiber officinale,Zingiber officinale,"(1aR,4R,4aR,7bS)-1,1,4,7-tetramethyl-1a,2,3,4,4a,5,6,7b-octahydrocyclopropa[e]azulene",C[C@@H]1CC[C@@H]2[C@@H](C2(C)C)C3=C(CC[C@H]13)C,C15H24,204.18780077,1,1,False
CC1CCC2C1C1C(CCC2(C)O)C1(C)C,(-)-Epiglobulol,(-)-Epiglobulol | (-)-Globulol | Viridiflorol | Ledol,11074994,11074994 | 11858788 | 11996452 | 12304985,Zingiber officinale,Zingiber officinale,"(1aR,4S,4aR,7R,7aS,7bS)-1,1,4,7-tetramethyl-2,3,4a,5,6,7,7a,7b-octahydro-1aH-cyclopropa[e]azulen-4-ol",C[C@@H]1CC[C@@H]2[C@@H]1[C@H]3[C@H](C3(C)C)CC[C@]2(C)O,C15H26O,222.19836545,4,4,True
CC1=CC2C(C(C)C)CCC(C)C2(O)CC1,Cubenol,Cubenol,11770062,11770062,Zingiber officinale,Zingiber officinale,"(1S,4R,4aR,8aR)-4,7-dimethyl-1-propan-2-yl-2,3,4,5,6,8a-hexahydro-1H-naphthalen-4a-ol",C[C@@H]1CC[C@H]([C@H]2[C@]1(CCC(=C2)C)O)C(C)C,C15H26O,222.19836545,1,1,False
C=C1CCC23C(C)CCC(C(C)C)C2C13,beta-Cubebene,beta-Cubebene,93081,93081,Zingiber officinale,Zingiber officinale,"(1R,5S,6R,7S,10R)-10-methyl-4-methylidene-7-propan-2-yltricyclo[4.4.0.01,5]decane",C[C@@H]1CC[C@H]([C@H]2[C@]13[C@@H]2C(=C)CC3)C(C)C,C15H24,204.18780077,1,1,False
CC1=CCC23C(C)CCC(C(C)C)C2C13,alpha-Cubebene,alpha-Cubebene,442359,442359,Zingiber officinale,Zingiber officinale,"(1R,5S,6R,7S,10R)-4,10-dimethyl-7-propan-2-yltricyclo[4.4.0.01,5]dec-3-ene",C[C@@H]1CC[C@H]([C@H]2[C@]13[C@@H]2C(=CC3)C)C(C)C,C15H24,204.18780077,1,1,False
C=C1C=C2C(C(C)C)CCC(C)C2CC1,1-Epibicyclosesquiphellandrene,"1-Epibicyclosesquiphellandrene | trans-Muurola-4(14),5-diene",10976597,10976597 | 91747125,Zingiber officinale,Zingiber officinale,"(1S,4R,4aS)-4-methyl-7-methylidene-1-propan-2-yl-2,3,4,4a,5,6-hexahydro-1H-naphthalene",C[C@@H]1CC[C@H](C2=CC(=C)CC[C@@H]12)C(C)C,C15H24,204.18780077,2,2,True
C=C1CCC2C(C3C(C)CCC13)C2(C)C,allo-Aromadendrene,allo-Aromadendrene,42608158,42608158,Zingiber officinale,Zingiber officinale,"(4aS,7R,7aR)-1,1,7-trimethyl-4-methylidene-2,3,4a,5,6,7,7a,7b-octahydro-1aH-cyclopropa[e]azulene",C[C@@H]1CC[C@H]2[C@@H]1C3C(C3(C)C)CCC2=C,C15H24,204.18780077,1,1,False
CC1CCCC2(C)CCC(C(C)(C)O)CC12,Eudesmol,Eudesmol,21718037,21718037,Zingiber officinale,Zingiber officinale,"2-[(2R,4aR,8R,8aS)-4a,8-dimethyl-2,3,4,5,6,7,8,8a-octahydro-1H-naphthalen-2-yl]propan-2-ol",C[C@@H]1CCC[C@]2([C@H]1C[C@@H](CC2)C(C)(C)O)C,C15H28O,224.21401552,1,1,False
C=C(C)C1CCC2=CCCC(C)C2(C)C1,Valencene,Valencene,9855795,9855795,Zingiber officinale,Zingiber officinale,"(3R,4aS,5R)-4a,5-dimethyl-3-prop-1-en-2-yl-2,3,4,5,6,7-hexahydro-1H-naphthalene",C[C@@H]1CCC=C2[C@]1(C[C@@H](CC2)C(=C)C)C,C15H24,204.18780077,1,1,False
CC1=C2CCC(C)C2C2C(CC1)C2(C)C,Viridiflorene,Viridiflorene,10910653,10910653,Zingiber officinale,Zingiber officinale,"(1aR,7R,7aS,7bR)-1,1,4,7-tetramethyl-1a,2,3,5,6,7,7a,7b-octahydrocyclopropa[e]azulene",C[C@@H]1CCC2=C(CC[C@@H]3[C@H]([C@H]12)C3(C)C)C,C15H24,204.18780077,1,1,False
CC1C(O)CC2CC1C2(C)C,Isopinocampheol,Isopinocampheol,90350,90350,Zingiber officinale,Zingiber officinale,"(1S,2S,3S,5R)-2,6,6-trimethylbicyclo[3.1.1]heptan-3-ol",C[C@H]1[C@@H]2C[C@@H](C2(C)C)C[C@@H]1O,C10H18O,154.1357652,1,1,False
Cc1ccc2c(c1)C(C(C)C)CCC2C,trans-Calamenene,trans-Calamenene,6429022,6429022,Zingiber officinale,Zingiber officinale,"(1S,4R)-1,6-dimethyl-4-propan-2-yl-1,2,3,4-tetrahydronaphthalene",C[C@H]1CC[C@@H](C2=C1C=CC(=C2)C)C(C)C,C15H22,202.1721507,1,1,False
CC1=CC2=C(CC1)C(C)CCC2C(C)C,"trans-Cadina-1(6),4-diene","trans-Cadina-1(6),4-diene",10798255,10798255,Zingiber officinale,Zingiber officinale,"(1R,4S)-4,7-dimethyl-1-propan-2-yl-1,2,3,4,5,6-hexahydronaphthalene",C[C@H]1CC[C@@H](C2=C1CCC(=C2)C)C(C)C,C15H24,204.18780077,1,1,False
CC1=CCC2(CC1=O)C(C)CCC2C(C)C,Acorenone B,Acorenone B,21674978,21674978,Zingiber officinale,Zingiber officinale,"(1S,4S,5R)-1,8-dimethyl-4-propan-2-ylspiro[4.5]dec-7-en-9-one",C[C@H]1CC[C@H]([C@@]12CC=C(C(=O)C2)C)C(C)C,C15H24O,220.18271539,1,1,False
CC1C=CC2C(C)CCC(C(C)C)C2C1,Cadinene,Cadinene,3032853,3032853,Zingiber officinale,Zingiber officinale,"(1S,4S,4aS,6R,8aR)-1,6-dimethyl-4-propan-2-yl-1,2,3,4,4a,5,6,8a-octahydronaphthalene",C[C@H]1CC[C@H]([C@H]2[C@H]1C=C[C@@H](C2)C)C(C)C,C15H28,208.21910089,1,1,False
C=C(C)C1CCC(C)C2=C(C1)C(C)CC2,alpha-Guaiene,alpha-Guaiene,5317844,5317844,Zingiber officinale,Zingiber officinale,"(1S,4S,7R)-1,4-dimethyl-7-prop-1-en-2-yl-1,2,3,4,5,6,7,8-octahydroazulene",C[C@H]1CC[C@H](CC2=C1CC[C@@H]2C)C(=C)C,C15H24,204.18780077,1,1,False
CC1CCC(C(C)(C)O)CC2=C1CCC2C,Guaiol,Guaiol,227829,227829,Zingiber officinale,Zingiber officinale,"2-[(3S,5R,8S)-3,8-dimethyl-1,2,3,4,5,6,7,8-octahydroazulen-5-yl]propan-2-ol",C[C@H]1CC[C@H](CC2=C1CC[C@@H]2C)C(C)(C)O,C15H26O,222.19836545,1,1,False
CC(C)=C1CCC(C)C2=C(C1)C(C)CC2,trans-beta-Guaiene,trans-beta-Guaiene,92173696,92173696,Zingiber officinale,Zingiber officinale,"(1R,4S)-1,4-dimethyl-7-propan-2-ylidene-2,3,4,5,6,8-hexahydro-1H-azulene",C[C@H]1CCC(=C(C)C)CC2=C1CC[C@H]2C,C15H24,204.18780077,1,1,False
CC1=CC2=C(C(C)C)CCC(C)C2CC1,Zonarene,Zonarene,6428488,6428488,Zingiber officinale,Zingiber officinale,"(1S)-1,6-dimethyl-4-propan-2-yl-1,2,3,7,8,8a-hexahydronaphthalene",C[C@H]1CCC(=C2C1CCC(=C2)C)C(C)C,C15H24,204.18780077,1,1,False
CC1=CC2C(=CC1)C(C)CCC2C(C)C,"Cadina-1,4-diene","Cadina-1,4-diene",6427091,6427091,Zingiber officinale,Zingiber officinale,"(1S)-1,6-dimethyl-4-propan-2-yl-1,2,3,4,4a,7-hexahydronaphthalene",C[C@H]1CCC(C2C1=CCC(=C2)C)C(C)C,C15H24,204.18780077,1,1,False
C=C1C2CCC(C2)C1(C)CCC=C(C)CO,beta-Santalol,beta-Santalol,6857681,6857681,Zingiber officinale,Zingiber officinale,"(Z)-2-methyl-5-[(1S,2R,4R)-2-methyl-3-methylidene-2-bicyclo[2.2.1]heptanyl]pent-2-en-1-ol",C/C(=C/CC[C@@]1([C@H]2CC[C@H](C2)C1=C)C)/CO,C15H24O,220.18271539,1,1,False
C=CC(C)(O)CCC=C(C)CO,8-Hydroxylinalool,8-Hydroxylinalool,5280678,5280678,Zingiber officinale,Zingiber officinale,"(2E)-2,6-dimethylocta-2,7-diene-1,6-diol",C/C(=C\CCC(C)(C=C)O)/CO,C10H18O2,170.13067982,1,1,False
CC(=CCO)CCC=C(C)C(=O)O,Foliamenthic acid,Foliamenthic acid,12681385,12681385,Zingiber officinale,Zingiber officinale,"(2E,6E)-8-hydroxy-2,6-dimethylocta-2,6-dienoic acid",C/C(=C\CO)/CC/C=C(\C)/C(=O)O,C10H16O3,184.10994438,1,1,False
CC(=CCCC(C)=CCO)CO,8-Hydroxygeraniol,8-Hydroxygeraniol,5363397,5363397,Zingiber officinale,Zingiber officinale,"(2E,6E)-2,6-dimethylocta-2,6-diene-1,8-diol",C/C(=C\CO)/CC/C=C(\C)/CO,C10H18O2,170.13067982,1,1,False
CC1=CCC(C)(C)C=CCC(C)(O)CCC1,"1,5,5,8-Tetramethyl-3,7-Cycloundecadien-1-ol","1,5,5,8-Tetramethyl-3,7-Cycloundecadien-1-ol",5367678,5367678,Zingiber officinale,Zingiber officinale,"(3E,7Z)-1,5,5,8-tetramethylcycloundeca-3,7-dien-1-ol",C/C/1=C/CC(/C=C/CC(CCC1)(C)O)(C)C,C15H26O,222.19836545,1,1,False
CC1=CCC(C)(C)C=CC(=O)C(C)=CCC1,Zerumbone,Zerumbone,5470187,5470187,Zingiber officinale,Zingiber officinale,"(2E,6E,10E)-2,6,9,9-tetramethylcycloundeca-2,6,10-trien-1-one",C/C/1=C\CC(/C=C/C(=O)/C(=C/CC1)/C)(C)C,C15H22O,218.16706532,1,1,False
CC1=CCC(=C(C)C)CCC(C)=CCC1,Germacrene B,Germacrene B,5281519,5281519,Zingiber officinale,Zingiber officinale,"(1E,5E)-1,5-dimethyl-8-propan-2-ylidenecyclodeca-1,5-diene",C/C/1=C\CC/C(=C/CC(=C(C)C)CC1)/C,C15H24,204.18780077,1,1,False
CC=Cc1ccc(O)c(OC)c1,Isoeugenol,Isoeugenol | E-Isoeugenol,853433,853433,Zingiber officinale,Zingiber officinale,2-methoxy-4-[(E)-prop-1-enyl]phenol,C/C=C/C1=CC(=C(C=C1)O)OC,C10H12O2,164.08372963,2,1,False
CC=Cc1cc(OC)c(OC)cc1OC,"1,2,4-Trimethoxy-5-propenyl-benzene","1,2,4-Trimethoxy-5-propenyl-benzene",636822,636822,Zingiber officinale,Zingiber officinale,"1,2,4-trimethoxy-5-[(E)-prop-1-enyl]benzene",C/C=C/C1=CC(=C(C=C1OC)OC)OC,C12H16O3,208.10994438,1,1,False
C=C1CCC(=C)CC(=C)C1,"1,3,5-Tris(methylene)cycloheptane","1,3,5-Tris(methylene)cycloheptane",562636,562636,Zingiber officinale,Zingiber officinale,"1,3,5-trimethylidenecycloheptane",C=C1CCC(=C)CC(=C)C1,C10H14,134.10955045,1,1,False
O=C(C=Cc1ccc(O)c(O)c1)OC1CC(C(=O)O)=CC(O)C1O,5-O-Caffeoylshikimic acid,5-O-Caffeoylshikimic acid,5281762,5281762,Zingiber officinale,Zingiber officinale,"(3R,4R,5R)-5-[(E)-3-(3,4-dihydroxyphenyl)prop-2-enoyl]oxy-3,4-dihydroxycyclohexene-1-carboxylic acid",C1[C@H]([C@@H]([C@@H](C=C1C(=O)O)O)O)OC(=O)/C=C/C2=CC(=C(C=C2)O)O,C16H16O8,336.08451749,1,1,False
OCC1OC(Oc2cc3c(O)cc(O)cc3[o+]c2-c2cc(O)c(O)c(O)c2)C(OC2OCC(O)C(O)C2O)C(O)C1O,Delphinidin 3-sambubioside,Delphinidin 3-sambubioside,10196837,10196837,Zingiber officinale,Zingiber officinale,"(2S,3R,4S,5R)-2-[(2S,3R,4S,5S,6R)-2-[5,7-dihydroxy-2-(3,4,5-trihydroxyphenyl)chromenylium-3-yl]oxy-4,5-dihydroxy-6-(hydroxymethyl)oxan-3-yl]oxyoxane-3,4,5-triol",C1[C@H]([C@@H]([C@H]([C@@H](O1)O[C@@H]2[C@H]([C@@H]([C@H](O[C@H]2OC3=CC4=C(C=C(C=C4[O+]=C3C5=CC(=C(C(=C5)O)O)O)O)O)CO)O)O)O)O)O,C26H29O16,597.14555988,1,1,False
Oc1cc(O)c2cc(O)c(-c3cc(O)c(O)c(O)c3)[o+]c2c1,Delphinidin,Delphinidin,128853,128853,Zingiber officinale,Zingiber officinale,"2-(3,4,5-trihydroxyphenyl)chromenylium-3,5,7-triol",C1=C(C=C(C(=C1O)O)O)C2=[O+]C3=CC(=CC(=C3C=C2O)O)O,C15H11O7,303.05047771,1,1,False
O=Nc1ccc(O)[nH]1,Maleimide monooxime,Maleimide monooxime,136229952,136229952,Zingiber officinale,Zingiber officinale,5-nitroso-1H-pyrrol-2-ol,C1=C(NC(=C1)O)N=O,C4H4N2O2,112.02727739,1,1,False
O=C1c2c(O)cc(O)cc2OC(c2ccc(O)cc2)C1O,(+)-Dihydrokaempferol,(+)-Dihydrokaempferol,122850,122850,Zingiber officinale,Zingiber officinale,"(2R,3R)-3,5,7-trihydroxy-2-(4-hydroxyphenyl)-2,3-dihydrochromen-4-one",C1=CC(=CC=C1[C@@H]2[C@H](C(=O)C3=C(C=C(C=C3O2)O)O)O)O,C15H12O6,288.06338812,1,1,False
O=C(C=Cc1ccc(O)cc1)CC(=O)C=Cc1ccc(O)cc1,Bisdemethoxycurcumin,Bisdemethoxycurcumin,5315472,5315472,Zingiber officinale,Zingiber officinale,"(1E,6E)-1,7-bis(4-hydroxyphenyl)hepta-1,6-diene-3,5-dione",C1=CC(=CC=C1/C=C/C(=O)CC(=O)/C=C/C2=CC=C(C=C2)O)O,C19H16O4,308.104859,1,1,False
O=Cc1ccc(O)cc1,4-Hydroxybenzaldehyde,4-Hydroxybenzaldehyde,126,126,Zingiber officinale,Zingiber officinale,4-hydroxybenzaldehyde,C1=CC(=CC=C1C=O)O,C7H6O2,122.03677944,1,1,False
O=c1c(-c2ccc(O)cc2)coc2cc(O)cc(O)c12,Genistein,Genistein,5280961,5280961,Zingiber officinale,Zingiber officinale,"5,7-dihydroxy-3-(4-hydroxyphenyl)chromen-4-one",C1=CC(=CC=C1C2=COC3=CC(=CC(=C3C2=O)O)O)O,C15H10O5,270.05282343,1,1,False
O=c1c(O)c(-c2ccccc2)oc2cc(O)cc(O)c12,Galangin,Galangin,5281616,5281616,Zingiber officinale,Zingiber officinale,"3,5,7-trihydroxy-2-phenylchromen-4-one",C1=CC=C(C=C1)C2=C(C(=O)C3=C(C=C(C=C3O2)O)O)O,C15H10O5,270.05282343,1,1,False
O=CCc1ccccc1,Benzeneacetaldehyde,Benzeneacetaldehyde,998,998,Zingiber officinale,Zingiber officinale,2-phenylacetaldehyde,C1=CC=C(C=C1)CC=O,C8H8O,120.05751488,1,1,False
O=c1ccn(C2OC(CO)C(O)C2O)c(=O)[nH]1,Uridine,Uridine,6029,6029,Zingiber officinale,Zingiber officinale,"1-[(2R,3R,4S,5R)-3,4-dihydroxy-5-(hydroxymethyl)oxolan-2-yl]pyrimidine-2,4-dione",C1=CN(C(=O)NC1=O)[C@H]2[C@@H]([C@@H]([C@H](O2)CO)O)O,C9H12N2O6,244.06953613,1,1,False
C1CC2C3CCC(C3)C2C1,"2,3-Trimethylenenorbornane","2,3-Trimethylenenorbornane",17795,17795,Zingiber officinale,Zingiber officinale,"tricyclo[5.2.1.02,6]decane",C1CC2C3CCC(C3)C2C1,C10H16,136.12520051,1,1,False
O=C(O)CCCCCCCCCCC1CCCC1,Cyclopentaneundecanoic acid,Cyclopentaneundecanoic acid,534549,534549,Zingiber officinale,Zingiber officinale,11-cyclopentylundecanoic acid,C1CCC(C1)CCCCCCCCCCC(=O)O,C16H30O2,254.2245802,1,1,False
C=CC1(C)CCC(C(=C)C)CC1C(=C)C,(-)-cis-beta-Elemene,(-)-cis-beta-Elemene | beta-Elemene | (-)-beta-Elemene,641756,641756 | 6918391,Zingiber officinale,Zingiber officinale,"(1R,2S,4R)-1-ethenyl-1-methyl-2,4-bis(prop-1-en-2-yl)cyclohexane",CC(=C)[C@@H]1CC[C@]([C@@H](C1)C(=C)C)(C)C=C,C15H24,204.18780077,3,2,True
C=C(C)C1CCC2(C)CCCC(=C)C2C1,beta-Eudesmene,beta-Eudesmene,442393,442393,Zingiber officinale,Zingiber officinale,"(3R,4aS,8aR)-8a-methyl-5-methylidene-3-prop-1-en-2-yl-1,2,3,4,4a,6,7,8-octahydronaphthalene",CC(=C)[C@@H]1CC[C@]2(CCCC(=C)[C@@H]2C1)C,C15H24,204.18780077,1,1,False
C=C(C)C1C=CC(C)(O)CC1,"cis-2,8-Menthadien-1-ol","cis-2,8-Menthadien-1-ol",111274,111274,Zingiber officinale,Zingiber officinale,"(1R,4R)-1-methyl-4-prop-1-en-2-ylcyclohex-2-en-1-ol",CC(=C)[C@@H]1CC[C@@](C=C1)(C)O,C10H16O,152.12011513,1,1,False
C=C(C)C1C(=C)CCCC1O,"o-Mentha-1(7),8-dien-3-ol","o-Mentha-1(7),8-dien-3-ol",564552,564552,Zingiber officinale,Zingiber officinale,3-methylidene-2-prop-1-en-2-ylcyclohexan-1-ol,CC(=C)C1C(CCCC1=C)O,C10H16O,152.12011513,1,1,False
C=C(C)C1CCC2(C)OC2C1,Limonene oxide,Limonene oxide,91496,91496,Zingiber officinale,Zingiber officinale,1-methyl-4-prop-1-en-2-yl-7-oxabicyclo[4.1.0]heptane,CC(=C)C1CCC2(C(C1)O2)C,C10H16O,152.12011513,1,1,False
C=CC(C)=CCCC(=C)C,alpha-Ocimene,alpha-Ocimene,5320249,5320249,Zingiber officinale,Zingiber officinale,"(3E)-3,7-dimethylocta-1,3,7-triene",CC(=C)CC/C=C(\C)/C=C,C10H16,136.12520051,1,1,False
C=CC1(C)CCC(=C(C)C)CC1C(=C)C,(-)-gamma-Elemene,(-)-gamma-Elemene | Elixene,94254,94254 | 12309452,Zingiber officinale,Zingiber officinale,"cis-(1R,2R)-1-ethenyl-1-methyl-4-propan-2-ylidene-2-prop-1-en-2-ylcyclohexane",CC(=C1CC[C@]([C@H](C1)C(=C)C)(C)C=C)C,C15H24,204.18780077,2,2,True
C=C1CCCC2(C)CCC(=C(C)C)CC12,"Selina-4(14),7(11)-diene","Selina-4(14),7(11)-diene",10655819,10655819,Zingiber officinale,Zingiber officinale,"(4aS,8aR)-8a-methyl-4-methylidene-6-propan-2-ylidene-2,3,4a,5,7,8-hexahydro-1H-naphthalene",CC(=C1CC[C@]2(CCCC(=C)[C@@H]2C1)C)C,C15H24,204.18780077,1,1,False
CC(C)=CCC=C(C)CCO,Isogeraniol,Isogeraniol,5362876,5362876,Zingiber officinale,Zingiber officinale,"(3Z)-3,7-dimethylocta-3,6-dien-1-ol",CC(=CC/C=C(/C)\CCO)C,C10H18O,154.1357652,1,1,False
C=CC=C(C)CCC=C(C)C,DMNT,DMNT,6427110,6427110,Zingiber officinale,Zingiber officinale,"(3E)-4,8-dimethylnona-1,3,7-triene",CC(=CCC/C(=C/C=C)/C)C,C11H18,150.14085057,1,1,False
CC(C)=CCCC(C)=CC=CC(C)=CC=CC(C)=CC=CC=C(C)C=CC=C(C)C=CC=C(C)CCC=C(C)C,Lycopene,Lycopene,446925,446925,Zingiber officinale,Zingiber officinale,"(6E,8E,10E,12E,14E,16E,18E,20E,22E,24E,26E)-2,6,10,14,19,23,27,31-octamethyldotriaconta-2,6,8,10,12,14,16,18,20,22,24,26,30-tridecaene",CC(=CCC/C(=C/C=C/C(=C/C=C/C(=C/C=C/C=C(/C=C/C=C(/C=C/C=C(/CCC=C(C)C)\C)\C)\C)/C)/C)/C)C,C40H56,536.43820179,1,1,False
CC(C)=CCCC(C)=CCCC(C)=CC=O,"(E,E)-Farnesal","(E,E)-Farnesal | Farnesal",68150,68150 | 5280598,Zingiber officinale,Zingiber officinale,"(2E,6E)-3,7,11-trimethyldodeca-2,6,10-trienal",CC(=CCC/C(=C/CC/C(=C/C=O)/C)/C)C,C15H24O,220.18271539,2,2,True
CC(C)=CCCC(C)=CCCC(C)=CCC#N,Farnesyl cyanide,Farnesyl cyanide,5365886,5365886,Zingiber officinale,Zingiber officinale,"(3E,7E)-4,8,12-trimethyltrideca-3,7,11-trienenitrile",CC(=CCC/C(=C/CC/C(=C/CC#N)/C)/C)C,C16H25N,231.1986998,1,1,False
CC(C)=CCCC(C)=CCCC(C)=CCO,Farnesol,Farnesol,445070,445070,Zingiber officinale,Zingiber officinale,"(2E,6E)-3,7,11-trimethyldodeca-2,6,10-trien-1-ol",CC(=CCC/C(=C/CC/C(=C/CO)/C)/C)C,C15H26O,222.19836545,1,1,False
C=CC(=C)CCC=C(C)CCC=C(C)C,(E)-beta-Farnesene,(E)-beta-Farnesene | cis-beta-Farnesene,5281517,5281517 | 5317319,Zingiber officinale,Zingiber officinale,"(6E)-7,11-dimethyl-3-methylidenedodeca-1,6,10-triene",CC(=CCC/C(=C/CCC(=C)C=C)/C)C,C15H24,204.18780077,2,2,True
C=CC(C)(O)CCC=C(C)CCC=C(C)C,Nerolidol,"Nerolidol | (6E)-3,7,11-Trimethyl-1,6,10-dodecatrien-3-ol",5284507,5284507,Zingiber officinale,Zingiber officinale,"(6E)-3,7,11-trimethyldodeca-1,6,10-trien-3-ol",CC(=CCC/C(=C/CCC(C)(C=C)O)/C)C,C15H26O,222.19836545,2,1,False
CC(C)=CCCC(C)=CCOC1OC(COC2OCC(O)C(O)C2O)C(O)C(O)C1O,Kenposide A,Kenposide A | Geranyl beta-primeveroside,6439502,6439502 | 6443689,Zingiber officinale,Zingiber officinale,"(2S,3R,4S,5S,6R)-2-[(2E)-3,7-dimethylocta-2,6-dienoxy]-6-[[(2S,3R,4S,5S)-3,4,5-trihydroxyoxan-2-yl]oxymethyl]oxane-3,4,5-triol",CC(=CCC/C(=C/CO[C@@H]1[C@@H]([C@H]([C@@H]([C@H](O1)CO[C@H]2[C@@H]([C@H]([C@H](CO2)O)O)O)O)O)O)/C)C,C21H36O10,448.23084737,2,2,True
CC(C)=CCCC(C)=CCOC1OC(CO)C(O)C(O)C1O,Geranyl-beta-D-glucopyranoside,Geranyl-beta-D-glucopyranoside,10710515,10710515,Zingiber officinale,Zingiber officinale,"(2R,3R,4S,5S,6R)-2-[(2E)-3,7-dimethylocta-2,6-dienoxy]-6-(hydroxymethyl)oxane-3,4,5-triol",CC(=CCC/C(=C/CO[C@H]1[C@@H]([C@H]([C@@H]([C@H](O1)CO)O)O)O)/C)C,C16H28O6,316.18858863,1,1,False
CC(C)=CCCC(C)=CCOC1OC(COC2OCC(O)(CO)C2O)C(O)C(O)C1O,Geranyl 6-O-beta-D-apiofuranosyl-beta-D-glucopyranoside,Geranyl 6-O-beta-D-apiofuranosyl-beta-D-glucopyranoside | Acuminoside,14194083,14194083 | 21630845,Zingiber officinale,Zingiber officinale,"(2R,3S,4S,5R,6R)-2-[[(2R,3R,4R)-3,4-dihydroxy-4-(hydroxymethyl)oxolan-2-yl]oxymethyl]-6-[(2E)-3,7-dimethylocta-2,6-dienoxy]oxane-3,4,5-triol",CC(=CCC/C(=C/CO[C@H]1[C@@H]([C@H]([C@@H]([C@H](O1)CO[C@H]2[C@@H]([C@](CO2)(CO)O)O)O)O)O)/C)C,C21H36O10,448.23084737,2,2,True
CC(=O)CCC=C(C)C,6-Methyl-5-hepten-2-one,6-Methyl-5-hepten-2-one,9862,9862,Zingiber officinale,Zingiber officinale,6-methylhept-5-en-2-one,CC(=CCCC(=O)C)C,C8H14O,126.10446507,1,1,False
C=CC(C)(CCC=C(C)C)OC1OC(CO)C(O)C(O)C1O,Linalool glucoside,Linalool glucoside,45782927,45782927,Zingiber officinale,Zingiber officinale,"(2S,3R,4S,5S,6R)-2-(3,7-dimethylocta-1,6-dien-3-yloxy)-6-(hydroxymethyl)oxane-3,4,5-triol",CC(=CCCC(C)(C=C)O[C@H]1[C@@H]([C@H]([C@@H]([C@H](O1)CO)O)O)O)C,C16H28O6,316.18858863,1,1,False
C=CC(C)(CCC=C(C)C)OC(C)=O,Linalyl acetate,Linalyl acetate,8294,8294,Zingiber officinale,Zingiber officinale,"3,7-dimethylocta-1,6-dien-3-yl acetate",CC(=CCCC(C)(C=C)OC(=O)C)C,C12H20O2,196.14632988,1,1,False
CC(C)=CCCC1(C)C2CC3C(C2)C31C,alpha-Santalene,alpha-Santalene,94164,94164,Zingiber officinale,Zingiber officinale,"1,7-dimethyl-7-(4-methylpent-3-enyl)tricyclo[2.2.1.02,6]heptane",CC(=CCCC1(C2CC3C1(C3C2)C)C)C,C15H24,204.18780077,1,1,False
C=C1CCC2CC1C2(C)CCC=C(C)C,Bergamotene,Bergamotene,521569,521569,Zingiber officinale,Zingiber officinale,6-methyl-2-methylidene-6-(4-methylpent-3-enyl)bicyclo[3.1.1]heptane,CC(=CCCC1(C2CCC(=C)C1C2)C)C,C15H24,204.18780077,1,1,False
CC(C)=CCCc1ccoc1,Perillene,Perillene,68316,68316,Zingiber officinale,Zingiber officinale,3-(4-methylpent-3-enyl)furan,CC(=CCCC1=COC=C1)C,C10H14O,150.10446507,1,1,False
COc1cc(C=CC(C)=O)ccc1O,Dehydrozingerone,Dehydrozingerone,5354238,5354238,Zingiber officinale,Zingiber officinale,(E)-4-(4-hydroxy-3-methoxyphenyl)but-3-en-2-one,CC(=O)/C=C/C1=CC(=C(C=C1)O)OC,C11H12O3,192.07864425,1,1,False
CC(=O)C=O,Methylglyoxal,Methylglyoxal,880,880,Zingiber officinale,Zingiber officinale,2-oxopropanal,CC(=O)C=O,C3H4O2,72.02112937,1,1,False
COc1cc(CCC(C)=O)ccc1O,4-(4-Hydroxy-3-methoxyphenyl)-2-butanone,4-(4-Hydroxy-3-methoxyphenyl)-2-butanone,31211,31211,Zingiber officinale,Zingiber officinale,4-(4-hydroxy-3-methoxyphenyl)butan-2-one,CC(=O)CCC1=CC(=C(C=C1)O)OC,C11H14O3,194.09429431,1,1,False
COc1ccc(CCC(C)=O)cc1OC,Zingerone methyl ether,Zingerone methyl ether,237561,237561,Zingiber officinale,Zingiber officinale,"4-(3,4-dimethoxyphenyl)butan-2-one",CC(=O)CCC1=CC(=C(C=C1)OC)OC,C12H16O3,208.10994438,1,1,False
CC(=O)OC1CC2CCC1(C)C2(C)C,Borneol acetate,"Borneol acetate | Isoborneol, acetate",93009,93009 | 637531,Zingiber officinale,Zingiber officinale,"[(1S,2R,4S)-1,7,7-trimethyl-2-bicyclo[2.2.1]heptanyl] acetate",CC(=O)O[C@@H]1C[C@@H]2CC[C@]1(C2(C)C)C,C12H20O2,196.14632988,2,2,True
COC(C)=O,Methyl acetate,Methyl acetate,6584,6584,Zingiber officinale,Zingiber officinale,methyl acetate,CC(=O)OC,C3H6O2,74.03677944,1,1,False
C=CCc1ccc(OC(C)=O)c(OC)c1,Aceteugenol,Aceteugenol,7136,7136,Zingiber officinale,Zingiber officinale,(2-methoxy-4-prop-2-enylphenyl) acetate,CC(=O)OC1=C(C=C(C=C1)CC=C)OC,C12H14O3,206.09429431,1,1,False
C=CC(=C)CCCC(C)(C)O,Myrcenol,Myrcenol,10975,10975,Zingiber officinale,Zingiber officinale,2-methyl-6-methylideneoct-7-en-2-ol,CC(C)(CCCC(=C)C=C)O,C10H18O,154.1357652,1,1,False
CC(C)(COP(=O)(O)OP(=O)(O)OCC1OC(n2cnc3c(N)ncnc32)C(O)C1OP(=O)(O)O)C(O)C(=O)NCCC(=O)NCCSC(=O)C=Cc1ccc(O)c(O)c1,caffeoyl-CoA,caffeoyl-CoA,11966126,11966126,Zingiber officinale,Zingiber officinale,"S-[2-[3-[[(2R)-4-[[[(2R,3S,4R,5R)-5-(6-aminopurin-9-yl)-4-hydroxy-3-phosphonooxyoxolan-2-yl]methoxy-hydroxyphosphoryl]oxy-hydroxyphosphoryl]oxy-2-hydroxy-3,3-dimethylbutanoyl]amino]propanoylamino]ethyl] (E)-3-(3,4-dihydroxyphenyl)prop-2-enethioate",CC(C)(COP(=O)(O)OP(=O)(O)OC[C@@H]1[C@H]([C@H]([C@@H](O1)N2C=NC3=C(N=CN=C32)N)O)OP(=O)(O)O)[C@H](C(=O)NCCC(=O)NCCSC(=O)/C=C/C4=CC(=C(C=C4)O)O)O,C30H42N7O19P3S,929.14690242,1,1,False
CC(C)(COP(=O)(O)OP(=O)(O)OCC1OC(n2cnc3c(N)ncnc32)C(O)C1OP(=O)(O)O)C(O)C(=O)NCCC(=O)NCCSC(=O)C=Cc1ccccc1,Cinnamoyl-CoA,Cinnamoyl-CoA,6444037,6444037,Zingiber officinale,Zingiber officinale,"S-[2-[3-[[(2R)-4-[[[(2R,3S,4R,5R)-5-(6-aminopurin-9-yl)-4-hydroxy-3-phosphonooxyoxolan-2-yl]methoxy-hydroxyphosphoryl]oxy-hydroxyphosphoryl]oxy-2-hydroxy-3,3-dimethylbutanoyl]amino]propanoylamino]ethyl] (E)-3-phenylprop-2-enethioate",CC(C)(COP(=O)(O)OP(=O)(O)OC[C@@H]1[C@H]([C@H]([C@@H](O1)N2C=NC3=C(N=CN=C32)N)O)OP(=O)(O)O)[C@H](C(=O)NCCC(=O)NCCSC(=O)/C=C/C4=CC=CC=C4)O,C30H42N7O17P3S,897.15707317,1,1,False
COc1cc(C=CC(=O)SCCNC(=O)CCNC(=O)C(O)C(C)(C)COP(=O)(O)OP(=O)(O)OCC2OC(n3cnc4c(N)ncnc43)C(O)C2OP(=O)(O)O)ccc1O,Feruloyl-CoA,Feruloyl-CoA,139031281,139031281,Zingiber officinale,Zingiber officinale,"S-[2-[3-[[(2R)-4-[[[(2R,3S,4R,5R)-5-(6-aminopurin-9-yl)-4-hydroxy-3-phosphonooxyoxolan-2-yl]methoxy-hydroxyphosphoryl]oxy-hydroxyphosphoryl]oxy-2-hydroxy-3,3-dimethylbutanoyl]amino]propanoylamino]ethyl] 3-(4-hydroxy-3-methoxyphenyl)prop-2-enethioate",CC(C)(COP(=O)(O)OP(=O)(O)OC[C@@H]1[C@H]([C@H]([C@@H](O1)N2C=NC3=C(N=CN=C32)N)O)OP(=O)(O)O)[C@H](C(=O)NCCC(=O)NCCSC(=O)C=CC4=CC(=C(C=C4)O)OC)O,C31H44N7O19P3S,943.16255248,1,1,False
C=C1CCC2C3C(C(C)C)CCC2(C)C13,beta-Copaene,beta-Copaene | beta-Ylangene,25244198,25244198 | 57339298,Zingiber officinale,Zingiber officinale,"(1S,6S,7S,8S)-1-methyl-3-methylidene-8-propan-2-yltricyclo[4.4.0.02,7]decane",CC(C)[C@@H]1CC[C@]2([C@@H]3[C@H]1C2C(=C)CC3)C,C15H24,204.18780077,2,2,True
CC(C)=CCCC(C)=CCOC(=O)C(C)C,Geranyl isobutyrate,Geranyl isobutyrate,6086514,6086514,Zingiber officinale,Zingiber officinale,"[(2E)-3,7-dimethylocta-2,6-dienyl] 2-methylpropanoate",CC(C)C(=O)OC/C=C(\C)/CCC=C(C)C,C14H24O2,224.17763001,1,1,False
C=CC1(C)CCC(C(C)C)=CC1C(=C)C,delta-Elemene,delta-Elemene,12309449,12309449,Zingiber officinale,Zingiber officinale,"(3R,4R)-4-ethenyl-4-methyl-1-propan-2-yl-3-prop-1-en-2-ylcyclohexene",CC(C)C1=C[C@@H]([C@@](CC1)(C)C=C)C(=C)C,C15H24,204.18780077,1,1,False
CC(C)c1ccccc1,2-Phenylpropane,2-Phenylpropane,7406,7406,Zingiber officinale,Zingiber officinale,cumene,CC(C)C1=CC=CC=C1,C9H12,120.09390038,1,1,False
C=C1CC=C(C(C)C)CC1,beta-Terpinen,beta-Terpinen,66841,66841,Zingiber officinale,Zingiber officinale,4-methylidene-1-propan-2-ylcyclohexene,CC(C)C1=CCC(=C)CC1,C10H16,136.12520051,1,1,False
CC(C)C1=CCC(C)(O)C2CCC(C)(O)C2C1,Cucumadiol,Cucumadiol,5316212,5316212,Zingiber officinale,Zingiber officinale,"1,4-dimethyl-7-propan-2-yl-2,3,3a,5,8,8a-hexahydroazulene-1,4-diol",CC(C)C1=CCC(C2CCC(C2C1)(C)O)(C)O,C15H26O2,238.19328007,1,1,False
CC(C)C1C=CC(=O)CC1,Cryptone,Cryptone,92780,92780,Zingiber officinale,Zingiber officinale,4-propan-2-ylcyclohex-2-en-1-one,CC(C)C1CCC(=O)C=C1,C9H14O,138.10446507,1,1,False
CC(=O)CC(C)C,Methyl isobutyl ketone,Methyl isobutyl ketone,7909,7909,Zingiber officinale,Zingiber officinale,4-methylpentan-2-one,CC(C)CC(=O)C,C6H12O,100.08881501,1,1,False
CC(C)CC(C)(C)C,Isooctane,Isooctane,10907,10907,Zingiber officinale,Zingiber officinale,"2,2,4-trimethylpentane",CC(C)CC(C)(C)C,C8H18,114.14085057,1,1,False
CC(C)CC=O,3-Methyl-butanal,3-Methyl-butanal,11552,11552,Zingiber officinale,Zingiber officinale,3-methylbutanal,CC(C)CC=O,C5H10O,86.07316494,1,1,False
CC(C)Cc1ccccc1,alpha-Cymene,alpha-Cymene,10870,10870,Zingiber officinale,Zingiber officinale,2-methylpropylbenzene,CC(C)CC1=CC=CC=C1,C10H14,134.10955045,1,1,False
CC(=O)CCC(C)C,5-Methyl-2-hexanone,5-Methyl-2-hexanone,8034,8034,Zingiber officinale,Zingiber officinale,5-methylhexan-2-one,CC(C)CCC(=O)C,C7H14O,114.10446507,1,1,False
CC(C)CCO,3-Methyl-1-butanol,3-Methyl-1-butanol,31260,31260,Zingiber officinale,Zingiber officinale,3-methylbutan-1-ol,CC(C)CCO,C5H12O,88.08881501,1,1,False
CC(C)COC(=O)c1ccccc1C(=O)OCC(C)C,Diisobutyl phthalate,Diisobutyl phthalate,6782,6782,Zingiber officinale,Zingiber officinale,"bis(2-methylpropyl) benzene-1,2-dicarboxylate",CC(C)COC(=O)C1=CC=CC=C1C(=O)OCC(C)C,C16H22O4,278.15180919,1,1,False
CC(C)=CCCC(C)C12CCC(C)(O)C1C2,trans-Sesquisabinene hydrate,trans-Sesquisabinene hydrate | cis-Sesquisabinene hydrate | Sesquisabinene hydrate,6428435,6428435 | 6428444 | 20055539,Zingiber officinale,Zingiber officinale,"(2S,5S)-2-methyl-5-(6-methylhept-5-en-2-yl)bicyclo[3.1.0]hexan-2-ol",CC(CCC=C(C)C)[C@@]12CC[C@](C1C2)(C)O,C15H26O,222.19836545,3,3,True
C=C1C=CC(C(C)CCC=C(C)C)CC1O,cis-beta-Sesquiphellandrol,cis-beta-Sesquiphellandrol | trans-beta-Sesquiphellandrol,71444825,71444825 | 91748289,Zingiber officinale,Zingiber officinale,"(1R,5R)-5-(6-methylhept-5-en-2-yl)-2-methylidenecyclohex-3-en-1-ol",CC(CCC=C(C)C)[C@H]1C[C@H](C(=C)C=C1)O,C15H24O,220.18271539,2,2,True
CC(C)=CCCC(C)c1ccc(C=O)cc1,ar-Curcumen-15-al,ar-Curcumen-15-al,10846393,10846393,Zingiber officinale,Zingiber officinale,4-(6-methylhept-5-en-2-yl)benzaldehyde,CC(CCC=C(C)C)C1=CC=C(C=C1)C=O,C15H20O,216.15141526,1,1,False
CC(C)=CCCC(C)C1C=CC(C)(O)CC1,Zingiberenol,Zingiberenol,13213649,13213649,Zingiber officinale,Zingiber officinale,1-methyl-4-(6-methylhept-5-en-2-yl)cyclohex-2-en-1-ol,CC(CCC=C(C)C)C1CCC(C=C1)(C)O,C15H26O,222.19836545,1,1,False
CC(=CCCC(C)CCO)CO,"2,6-Dimethyl-2-octene-1,8-diol","2,6-Dimethyl-2-octene-1,8-diol",71357715,71357715,Zingiber officinale,Zingiber officinale,"2,6-dimethyloct-2-ene-1,8-diol",CC(CCC=C(C)CO)CCO,C10H20O2,172.14632988,1,1,False
COc1cc(CCC(C)O)ccc1O,Zingerol,Zingerol,3016110,3016110,Zingiber officinale,Zingiber officinale,4-(3-hydroxybutyl)-2-methoxyphenol,CC(CCC1=CC(=C(C=C1)O)OC)O,C11H16O3,196.10994438,1,1,False
CCC(C=CC(C)C1CCC2C3CC=C4CC(OC(C)=O)CCC4(C)C3CCC12C)C(C)C,Stigmasterol acetate,Stigmasterol acetate,6437330,6437330,Zingiber officinale,Zingiber officinale,"[(3S,8S,9S,10R,13R,14S,17R)-17-[(E,2R,5S)-5-ethyl-6-methylhept-3-en-2-yl]-10,13-dimethyl-2,3,4,7,8,9,11,12,14,15,16,17-dodecahydro-1H-cyclopenta[a]phenanthren-3-yl] acetate",CC[C@H](/C=C/[C@@H](C)[C@H]1CC[C@@H]2[C@@]1(CC[C@H]3[C@H]2CC=C4[C@@]3(CC[C@@H](C4)OC(=O)C)C)C)C(C)C,C31H50O2,454.38108084,1,1,False
CCC(CCC(C)C1CCC2C3CC(O)C4=CC(=O)CCC4(C)C3CCC12C)C(C)C,6beta-hydroxystigmast-4-en-3-one,6beta-hydroxystigmast-4-en-3-one,9823926,9823926,Zingiber officinale,Zingiber officinale,"(6R,8S,9S,10R,13R,14S,17R)-17-[(2R,5R)-5-ethyl-6-methylheptan-2-yl]-6-hydroxy-10,13-dimethyl-1,2,6,7,8,9,11,12,14,15,16,17-dodecahydrocyclopenta[a]phenanthren-3-one",CC[C@H](CC[C@@H](C)[C@H]1CC[C@@H]2[C@@]1(CC[C@H]3[C@H]2C[C@H](C4=CC(=O)CC[C@]34C)O)C)C(C)C,C29H48O2,428.36543078,1,1,False
CCC(CCC(C)C1CCC2C3CC(=O)C4=CC(=O)CCC4(C)C3CCC12C)C(C)C,"Stigmast-4-en-3,6-dione","Stigmast-4-en-3,6-dione",5490007,5490007,Zingiber officinale,Zingiber officinale,"(8S,9S,10R,13R,14S,17R)-17-[(2R,5R)-5-ethyl-6-methylheptan-2-yl]-10,13-dimethyl-2,7,8,9,11,12,14,15,16,17-decahydro-1H-cyclopenta[a]phenanthrene-3,6-dione",CC[C@H](CC[C@@H](C)[C@H]1CC[C@@H]2[C@@]1(CC[C@H]3[C@H]2CC(=O)C4=CC(=O)CC[C@]34C)C)C(C)C,C29H46O2,426.34978071,1,1,False
CCC(CCC(C)C1CCC2C3CC=C4CC(OC(C)=O)CCC4(C)C3CCC12C)C(C)C,Acetyl-beta-sitosterol,Acetyl-beta-sitosterol,5354503,5354503,Zingiber officinale,Zingiber officinale,"[(3S,8S,9S,10R,13R,14S,17R)-17-[(2R,5R)-5-ethyl-6-methylheptan-2-yl]-10,13-dimethyl-2,3,4,7,8,9,11,12,14,15,16,17-dodecahydro-1H-cyclopenta[a]phenanthren-3-yl] acetate",CC[C@H](CC[C@@H](C)[C@H]1CC[C@@H]2[C@@]1(CC[C@H]3[C@H]2CC=C4[C@@]3(CC[C@@H](C4)OC(=O)C)C)C)C(C)C,C31H52O2,456.3967309,1,1,False
CCC=CCC=CCC=CCCCCCCCC=O,"9,12,15-Octadecatrienal","9,12,15-Octadecatrienal",5283384,5283384,Zingiber officinale,Zingiber officinale,"(9E,12E,15E)-octadeca-9,12,15-trienal",CC/C=C/C/C=C/C/C=C/CCCCCCCC=O,C18H30O,262.22966558,1,1,False
CCC=CCC=CCC=CCCCCCCCC(=O)OCC(O)COC1OC(COC2OC(CO)C(O)C(O)C2O)C(O)C(O)C1O,Gingerglycolipid A,Gingerglycolipid A,10349562,10349562,Zingiber officinale,Zingiber officinale,"[(2S)-2-hydroxy-3-[(2R,3R,4S,5R,6R)-3,4,5-trihydroxy-6-[[(2S,3R,4S,5R,6R)-3,4,5-trihydroxy-6-(hydroxymethyl)oxan-2-yl]oxymethyl]oxan-2-yl]oxypropyl] (9Z,12Z,15Z)-octadeca-9,12,15-trienoate",CC/C=C\C/C=C\C/C=C\CCCCCCCC(=O)OC[C@H](CO[C@H]1[C@@H]([C@H]([C@H]([C@H](O1)CO[C@@H]2[C@@H]([C@H]([C@H]([C@H](O2)CO)O)O)O)O)O)O)O,C33H56O14,676.3670065,1,1,False
CC=C(C)CCC=C(C)C,"2,6-Dimethylocta-2,6-diene","2,6-Dimethylocta-2,6-diene",137614,137614,Zingiber officinale,Zingiber officinale,"2,6-dimethylocta-2,6-diene",CC=C(C)CCC=C(C)C,C10H18,138.14085057,1,1,False
C=C1CCC2C(C1O)C2(C)C,trans-3(10)-Caren-2-ol,trans-3(10)-Caren-2-ol,572861,572861,Zingiber officinale,Zingiber officinale,"7,7-dimethyl-3-methylidenebicyclo[4.1.0]heptan-2-ol",CC1(C2C1C(C(=C)CC2)O)C,C10H16O,152.12011513,1,1,False
CC1(C)C2CC=C(C=O)C1C2,Myrtenal,Myrtenal | (1R)-(-)-Myrtenal,61130,61130,Zingiber officinale,Zingiber officinale,"6,6-dimethylbicyclo[3.1.1]hept-2-ene-2-carbaldehyde",CC1(C2CC=C(C1C2)C=O)C,C10H14O,150.10446507,2,1,False
CC1(C)C2CC=C(CO)C1C2,Myrtenol,Myrtenol,10582,10582,Zingiber officinale,Zingiber officinale,"(6,6-dimethyl-2-bicyclo[3.1.1]hept-2-enyl)methanol",CC1(C2CC=C(C1C2)CO)C,C10H16O,152.12011513,1,1,False
CC1(C)C2CC3C(C2)C31C,Teresantanane,Teresantanane,79035,79035,Zingiber officinale,Zingiber officinale,"1,7,7-trimethyltricyclo[2.2.1.02,6]heptane",CC1(C2CC3C1(C3C2)C)C,C10H16,136.12520051,1,1,False
CC1(O)CCC2CC1C2(C)C,2-Pinanol,2-Pinanol,10128,10128,Zingiber officinale,Zingiber officinale,"2,6,6-trimethylbicyclo[3.1.1]heptan-2-ol",CC1(C2CCC(C1C2)(C)O)C,C10H18O,154.1357652,1,1,False
CC1(C)C2CCC(C2)C1(C)O,3-Methylcamphenilol,3-Methylcamphenilol,101680,101680,Zingiber officinale,Zingiber officinale,"2,3,3-trimethylbicyclo[2.2.1]heptan-2-ol",CC1(C2CCC(C2)C1(C)O)C,C10H18O,154.1357652,1,1,False
CC1(C)C2CCC1(C)C(OC=O)C2,Bornyl formate,Bornyl formate,518472,518472,Zingiber officinale,Zingiber officinale,"(1,7,7-trimethyl-2-bicyclo[2.2.1]heptanyl) formate",CC1(C2CCC1(C(C2)OC=O)C)C,C11H18O2,182.13067982,1,1,False
C=CC1(C)CCC(C(C)(C)O)O1,Z-Furanoid linalool oxide,Z-Furanoid linalool oxide,22310,22310,Zingiber officinale,Zingiber officinale,2-(5-ethenyl-5-methyloxolan-2-yl)propan-2-ol,CC1(CCC(O1)C(C)(C)O)C=C,C10H18O2,170.13067982,1,1,False
C=C1C(O)CC2CC13C(C)(C)CCCC23C,trans-Longipinocarveol,trans-Longipinocarveol,534645,534645,Zingiber officinale,Zingiber officinale,"2,2,6-trimethyl-10-methylidenetricyclo[5.3.1.01,6]undecan-9-ol",CC1(CCCC2(C13CC2CC(C3=C)O)C)C,C15H24O,220.18271539,1,1,False
CC(C=CC=C(C)C=CC1=C(C)CC(O)CC1(C)C)=CC=CC=C(C)C=CC=C(C)C=CC1C(C)=CC(O)CC1(C)C,Lutein,Lutein,5281243,5281243,Zingiber officinale,Zingiber officinale,"(1R)-4-[(1E,3E,5E,7E,9E,11E,13E,15E,17E)-18-[(1R,4R)-4-hydroxy-2,6,6-trimethylcyclohex-2-en-1-yl]-3,7,12,16-tetramethyloctadeca-1,3,5,7,9,11,13,15,17-nonaenyl]-3,5,5-trimethylcyclohex-3-en-1-ol",CC1=C(C(C[C@@H](C1)O)(C)C)/C=C/C(=C/C=C/C(=C/C=C/C=C(\C)/C=C/C=C(\C)/C=C/[C@H]2C(=C[C@@H](CC2(C)C)O)C)/C)/C,C40H56O2,568.42803103,1,1,False
CC(C=CC=C(C)C=CC1=C(C)CCCC1(C)C)=CC=CC=C(C)C=CC=C(C)C=CC1=C(C)CCCC1(C)C,beta-Carotene,beta-Carotene,5280489,5280489,Zingiber officinale,Zingiber officinale,"1,3,3-trimethyl-2-[(1E,3E,5E,7E,9E,11E,13E,15E,17E)-3,7,12,16-tetramethyl-18-(2,6,6-trimethylcyclohexen-1-yl)octadeca-1,3,5,7,9,11,13,15,17-nonaenyl]cyclohexene",CC1=C(C(CCC1)(C)C)/C=C/C(=C/C=C/C(=C/C=C/C=C(/C=C/C=C(/C=C/C2=C(CCCC2(C)C)C)\C)\C)/C)/C,C40H56,536.43820179,1,1,False
Cc1ccc(C2(C)CCCC2(C)C)cc1O,"2-Methyl-5-(1,2,2-trimethylcyclopentyl)phenol","2-Methyl-5-(1,2,2-trimethylcyclopentyl)phenol",586002,586002,Zingiber officinale,Zingiber officinale,"2-methyl-5-(1,2,2-trimethylcyclopentyl)phenol",CC1=C(C=C(C=C1)C2(CCCC2(C)C)C)O,C15H22O,218.16706532,1,1,False
CC(C)=CCCC(C)C1CC(=O)C(C)=CC1O,"1-Hydroxybisabola-2,10-dien-4-one","1-Hydroxybisabola-2,10-dien-4-one",134715066,134715066,Zingiber officinale,Zingiber officinale,"(4R,5R)-4-hydroxy-2-methyl-5-[(2S)-6-methylhept-5-en-2-yl]cyclohex-2-en-1-one",CC1=C[C@@H]([C@H](CC1=O)[C@@H](C)CCC=C(C)C)O,C15H24O2,236.17763001,1,1,False
C=C1CCC(C(C)C)C2C=C(C)CCC12,gamma-Cadinene,gamma-Cadinene | gamma-Muurolene | gamma-Amorphene,6432404,6432404 | 12313019 | 12313020,Zingiber officinale,Zingiber officinale,"(1S,4aR,8aR)-7-methyl-4-methylidene-1-propan-2-yl-2,3,4a,5,6,8a-hexahydro-1H-naphthalene",CC1=C[C@@H]2[C@@H](CC1)C(=C)CC[C@H]2C(C)C,C15H24,204.18780077,3,3,True
CC1=CC2C(CC1)C(C)=CCC2C(C)C,alpha-Muurolene,"alpha-Muurolene | 1,5-Cadinadiene",101708,101708 | 12306047,Zingiber officinale,Zingiber officinale,"(1S,4aS,8aR)-4,7-dimethyl-1-propan-2-yl-1,2,4a,5,6,8a-hexahydronaphthalene",CC1=C[C@@H]2[C@H](CC1)C(=CC[C@H]2C(C)C)C,C15H24,204.18780077,2,2,True
CC(C)=CCCC(C)C1CC(O)C(C)=CC1O,"2,5-Dihydroxybisabola-3,10-diene","2,5-Dihydroxybisabola-3,10-diene",157009920,157009920,Zingiber officinale,Zingiber officinale,"(1R,4S)-2-methyl-5-[(2S)-6-methylhept-5-en-2-yl]cyclohex-2-ene-1,4-diol",CC1=C[C@H](C(C[C@H]1O)[C@@H](C)CCC=C(C)C)O,C15H26O2,238.19328007,1,1,False
CC1=CC2C(=C(C)CCC2C(C)C)CC1,delta-Cadinene,delta-Cadinene,441005,441005,Zingiber officinale,Zingiber officinale,"(1S,8aR)-4,7-dimethyl-1-propan-2-yl-1,2,3,5,6,8a-hexahydronaphthalene",CC1=C[C@H]2[C@@H](CCC(=C2CC1)C)C(C)C,C15H24,204.18780077,1,1,False
CC1=CC2C(=C(C)CCCC2(C)C)CC1,beta-Himachalene,beta-Himachalene,11586487,11586487,Zingiber officinale,Zingiber officinale,"(4aR)-3,5,5,9-tetramethyl-1,2,4a,6,7,8-hexahydrobenzo[7]annulene",CC1=C[C@H]2C(=C(CCCC2(C)C)C)CC1,C15H24,204.18780077,1,1,False
CC1=C2CC(C(C)(C)O)CCC2(C)CCC1,gamma-Eudesmol,gamma-Eudesmol | 10-epi-gamma-Eudesmol,6430754,6430754 | 6432005,Zingiber officinale,Zingiber officinale,"2-[(2R,4aR)-4a,8-dimethyl-2,3,4,5,6,7-hexahydro-1H-naphthalen-2-yl]propan-2-ol",CC1=C2C[C@@H](CC[C@]2(CCC1)C)C(C)(C)O,C15H26O,222.19836545,2,2,True
CC1=C2C=C(C(C)C)CCC2(C)CCC1,delta-Selinene,delta-Selinene,520383,520383,Zingiber officinale,Zingiber officinale,"4,8a-dimethyl-6-propan-2-yl-2,3,7,8-tetrahydro-1H-naphthalene",CC1=C2C=C(CCC2(CCC1)C)C(C)C,C15H24,204.18780077,1,1,False
Cc1cc(OC2OC(CO)C(O)C(O)C2O)c(C(C)C)cc1O,Zataroside A,Zataroside A,25102046,25102046,Zingiber officinale,Zingiber officinale,"(2R,3S,4S,5R,6S)-2-(hydroxymethyl)-6-(4-hydroxy-5-methyl-2-propan-2-ylphenoxy)oxane-3,4,5-triol",CC1=CC(=C(C=C1O)C(C)C)O[C@H]2[C@@H]([C@H]([C@@H]([C@H](O2)CO)O)O)O,C15H24,204.18780077,1,1,False
Cc1cccc(C(C)C)c1,beta-Cymene,beta-Cymene,10812,10812,Zingiber officinale,Zingiber officinale,1-methyl-3-propan-2-ylbenzene,CC1=CC(=CC=C1)C(C)C,C10H14,134.10955045,1,1,False
CC1=CC(=O)C2CC1C2(C)C,(R)-(+)-Verbenone,(R)-(+)-Verbenone,65724,65724,Zingiber officinale,Zingiber officinale,"(1R,5R)-4,6,6-trimethylbicyclo[3.1.1]hept-3-en-2-one",CC1=CC(=O)[C@@H]2C[C@H]1C2(C)C,C10H14O,150.10446507,1,1,False
C=COC1C=C(C)C2CC1C2(C)C,"Bicyclo[3.1.1]hept-3-ene, 4,6,6-trimethyl-2-vinyloxy-","Bicyclo[3.1.1]hept-3-ene, 4,6,6-trimethyl-2-vinyloxy-",564389,564389,Zingiber officinale,Zingiber officinale,"4-ethenoxy-2,6,6-trimethylbicyclo[3.1.1]hept-2-ene",CC1=CC(C2CC1C2(C)C)OC=C,C12H18O,178.1357652,1,1,False
CC(C)=CCCC(C)C12CC=C(C)C1C2,Sesquithujene,Sesquithujene,25147318,25147318,Zingiber officinale,Zingiber officinale,(1R)-2-methyl-5-[(2R)-6-methylhept-5-en-2-yl]bicyclo[3.1.0]hex-2-ene,CC1=CC[C@]2([C@@H]1C2)[C@H](C)CCC=C(C)C,C15H24,204.18780077,1,1,False
CC(C)=CCCC(C)(O)C1CC=C(C)CC1,alpha-Bisabolol,"alpha-Bisabolol | alpha,4-Dimethyl-alpha-(4-methyl-3-penten-1-yl)-3-cyclohexene-1-methanol",10586,10586 | 1549992,Zingiber officinale,Zingiber officinale,(2R)-6-methyl-2-[(1R)-4-methylcyclohex-3-en-1-yl]hept-5-en-2-ol,CC1=CC[C@@H](CC1)[C@@](C)(CCC=C(C)C)O,C15H26O,222.19836545,2,2,True
CC(C)=CC(=O)C=C(C)C1CC=C(C)CC1,(+)-alpha-Atlantone,(+)-alpha-Atlantone,12299868,12299868,Zingiber officinale,Zingiber officinale,"(5E)-2-methyl-6-[(1R)-4-methylcyclohex-3-en-1-yl]hepta-2,5-dien-4-one",CC1=CC[C@@H](CC1)/C(=C/C(=O)C=C(C)C)/C,C15H22O,218.16706532,1,1,False
CC1=CCC2C(C)=CCC(C(C)C)C2C1,beta-Cadinene,beta-Cadinene,10657,10657,Zingiber officinale,Zingiber officinale,"(1S,4aR,8aS)-4,7-dimethyl-1-propan-2-yl-1,2,4a,5,8,8a-hexahydronaphthalene",CC1=CC[C@@H]2[C@@H](C1)[C@@H](CC=C2C)C(C)C,C15H24,204.18780077,1,1,False
CC1=CCC2C3C1C2(C)CCCC3(C)C,alpha-Longipinene,alpha-Longipinene,12311396,12311396,Zingiber officinale,Zingiber officinale,"(1R,2S,7R,8R)-2,6,6,9-tetramethyltricyclo[5.4.0.02,8]undec-9-ene",CC1=CC[C@@H]2[C@@H]3[C@H]1[C@]2(CCCC3(C)C)C,C15H24,204.18780077,1,1,False
CC(C)=CCCC(C)C1C=CC(C)=CC1,alpha-Zingiberene,alpha-Zingiberene,11127403,11127403,Zingiber officinale,Zingiber officinale,"(5S)-2-methyl-5-[(2R)-6-methylhept-5-en-2-yl]cyclohexa-1,3-diene",CC1=CC[C@H](C=C1)[C@H](C)CCC=C(C)C,C15H24,204.18780077,1,1,False
CC1=CCC(C(C)C)c2cc(C)ccc21,alpha-Calacorene,alpha-Calacorene,12302243,12302243,Zingiber officinale,Zingiber officinale,"(1S)-4,7-dimethyl-1-propan-2-yl-1,2-dihydronaphthalene",CC1=CC[C@H](C2=C1C=CC(=C2)C)C(C)C,C15H20,200.15650064,1,1,False
C=C(CCC=C(C)C)C1CC=C(C)CC1,beta-Bisabolene,beta-Bisabolene,10104370,10104370,Zingiber officinale,Zingiber officinale,"(4S)-1-methyl-4-(6-methylhepta-1,5-dien-2-yl)cyclohexene",CC1=CC[C@H](CC1)C(=C)CCC=C(C)C,C15H24,204.18780077,1,1,False
CC1=CCC2C3C(C(C)C)CCC2(C)C13,alpha-Copaene,alpha-Copaene,70678558,70678558,Zingiber officinale,Zingiber officinale,"(1S,6S,7S,8S)-1,3-dimethyl-8-propan-2-yltricyclo[4.4.0.02,7]dec-3-ene",CC1=CC[C@H]2[C@H]3C1[C@]2(CC[C@H]3C(C)C)C,C15H24,204.18780077,1,1,False
CC(C)=CCCC1(C)C2CC=C(C)C1C2,trans-alpha-Bergamotene,trans-alpha-Bergamotene | cis-alpha-Bergamotene | alpha-Bergamotene,86608,86608 | 6429302 | 6429303,Zingiber officinale,Zingiber officinale,"(1S,5S,6R)-2,6-dimethyl-6-(4-methylpent-3-enyl)bicyclo[3.1.1]hept-2-ene",CC1=CC[C@H]2C[C@@H]1[C@]2(C)CCC=C(C)C,C15H24,204.18780077,3,3,True
Cc1ccc(C2(C)CCCC2(C)C)cc1,(+)-Cuparene,(+)-Cuparene,86895,86895,Zingiber officinale,Zingiber officinale,"1-methyl-4-[(1R)-1,2,2-trimethylcyclopentyl]benzene",CC1=CC=C(C=C1)[C@@]2(CCCC2(C)C)C,C15H22,202.1721507,1,1,False
CC(=CCCC(C)c1ccc(C)cc1)CO,cis-Nuciferol,cis-Nuciferol,67178146,67178146,Zingiber officinale,Zingiber officinale,"(Z,6S)-2-methyl-6-(4-methylphenyl)hept-2-en-1-ol",CC1=CC=C(C=C1)[C@@H](C)CC/C=C(/C)\CO,C15H22O,218.16706532,1,1,False
C=CCCC(C)c1ccc(C)cc1,(S)-(+)-Curcumene,(S)-(+)-Curcumene,157009761,157009761,Zingiber officinale,Zingiber officinale,1-[(2S)-hex-5-en-2-yl]-4-methylbenzene,CC1=CC=C(C=C1)[C@@H](C)CCC=C,C15H22,202.1721507,1,1,False
CC(C)=CCCC(C)c1ccc(C)cc1,(R)-(-)-alpha-Curcumene,(R)-(-)-alpha-Curcumene | alpha-Curcumene,92139,92139 | 442360,Zingiber officinale,Zingiber officinale,1-methyl-4-[(2R)-6-methylhept-5-en-2-yl]benzene,CC1=CC=C(C=C1)[C@H](C)CCC=C(C)C,C15H22,202.1721507,2,2,True
CC(=CCCCCc1ccc(C)cc1)CO,(E)-Nuciferol,(E)-Nuciferol,6429177,6429177,Zingiber officinale,Zingiber officinale,(E)-2-methyl-7-(4-methylphenyl)hept-2-en-1-ol,CC1=CC=C(C=C1)CCCC/C=C(\C)/CO,C15H22O,218.16706532,1,1,False
CC(C)=CCCC(C)C1=CC=C(C)CC1,gamma-Curcumene,gamma-Curcumene,12304273,12304273,Zingiber officinale,Zingiber officinale,"1-methyl-4-[(2R)-6-methylhept-5-en-2-yl]cyclohexa-1,3-diene",CC1=CC=C(CC1)[C@H](C)CCC=C(C)C,C15H24,204.18780077,1,1,False
CC1=CC=C(C(C)C)CC1,alpha-Terpinene,alpha-Terpinene,7462,7462,Zingiber officinale,Zingiber officinale,"1-methyl-4-propan-2-ylcyclohexa-1,3-diene",CC1=CC=C(CC1)C(C)C,C10H16,136.12520051,1,1,False
CC1=CC2C(CC1)C2(C)C,2-Carene,2-Carene,79044,79044,Zingiber officinale,Zingiber officinale,"3,7,7-trimethylbicyclo[4.1.0]hept-2-ene",CC1=CC2C(C2(C)C)CC1,C10H16,136.12520051,1,1,False
CC1=CC2C(CC1O)C2(C)C,trans-2-Caren-4-ol,trans-2-Caren-4-ol,520984,520984,Zingiber officinale,Zingiber officinale,"4,7,7-trimethylbicyclo[4.1.0]hept-4-en-3-ol",CC1=CC2C(C2(C)C)CC1O,C10H16O,152.12011513,1,1,False
CC(C)=CCCC(C)=C1CC=C(C)CC1,Bisabolene,Bisabolene,62346,62346,Zingiber officinale,Zingiber officinale,1-methyl-4-(6-methylhept-5-en-2-ylidene)cyclohexene,CC1=CCC(=C(C)CCC=C(C)C)CC1,C15H24,204.18780077,1,1,False
CC1=CCC(C(C)C)=CC1,gamma-Terpinene,gamma-Terpinene,7461,7461,Zingiber officinale,Zingiber officinale,"1-methyl-4-propan-2-ylcyclohexa-1,4-diene",CC1=CCC(=CC1)C(C)C,C10H16,136.12520051,1,1,False
CC1=CCC(C(C)C)C=C1,alpha-Phellandrene,alpha-Phellandrene,7460,7460,Zingiber officinale,Zingiber officinale,"2-methyl-5-propan-2-ylcyclohexa-1,3-diene",CC1=CCC(C=C1)C(C)C,C10H16,136.12520051,1,1,False
C=C(CCC=C(C)CO)C1CC=C(C)CC1,cis-Lanceol,cis-Lanceol,6536796,6536796,Zingiber officinale,Zingiber officinale,"(2E)-2-methyl-6-(4-methylcyclohex-3-en-1-yl)hepta-2,6-dien-1-ol",CC1=CCC(CC1)C(=C)CC/C=C(\C)/CO,C15H24O,220.18271539,1,1,False
CC(C)=CCC=C(C)C1CC=C(C)CC1,alpha-Bisabolene,alpha-Bisabolene,86597,86597,Zingiber officinale,Zingiber officinale,"1-methyl-4-(6-methylhepta-2,5-dien-2-yl)cyclohexene",CC1=CCC(CC1)C(=CCC=C(C)C)C,C15H24,204.18780077,1,1,False
CC(=O)OC(C)(C)C1CC=C(C)CC1,alpha-terpineol acetate,alpha-terpineol acetate,111037,111037,Zingiber officinale,Zingiber officinale,2-(4-methylcyclohex-3-en-1-yl)propan-2-yl acetate,CC1=CCC(CC1)C(C)(C)OC(=O)C,C12H20O2,196.14632988,1,1,False
CC1=CCCC2(C)CCC(C(C)(C)O)CC12,alpha-Eudesmol,alpha-Eudesmol,92762,92762,Zingiber officinale,Zingiber officinale,"2-[(2R,4aR,8aR)-4a,8-dimethyl-2,3,4,5,6,8a-hexahydro-1H-naphthalen-2-yl]propan-2-ol",CC1=CCC[C@]2([C@H]1C[C@@H](CC2)C(C)(C)O)C,C15H26O,222.19836545,1,1,False
CC1=CCCC2(C)CC=C(C(C)C)CC12,"Selina-3,7-diene","Selina-3,7-diene",6429221,6429221,Zingiber officinale,Zingiber officinale,"(8aR)-4,8a-dimethyl-6-propan-2-yl-2,4a,5,8-tetrahydro-1H-naphthalene",CC1=CCC[C@]2(C1CC(=CC2)C(C)C)C,C15H24,204.18780077,1,1,False
CC1=CCCC2(C)CCC3CC12OC3(C)C,alpha-Agarofuran,alpha-Agarofuran,10857022,10857022,Zingiber officinale,Zingiber officinale,"(1R,6S,9R)-2,6,10,10-tetramethyl-11-oxatricyclo[7.2.1.01,6]dodec-2-ene",CC1=CCC[C@@]2([C@]13C[C@@H](CC2)C(O3)(C)C)C,C15H24O,220.18271539,1,1,False
CC1=CCCC2(C)CCC3C(C)(C)CC132,alpha-Panasinsene,alpha-Panasinsene,578929,578929,Zingiber officinale,Zingiber officinale,"2,2,4a,8-tetramethyl-1,2a,3,4,5,6-hexahydrocyclobuta[i]indene",CC1=CCCC2(C13CC(C3CC2)(C)C)C,C15H24,204.18780077,1,1,False
C=C(C)C1CCC2(C)CCC=C(C)C2C1,(-)-alpha-Selinene,(-)-alpha-Selinene,10123,10123,Zingiber officinale,Zingiber officinale,"5,8a-dimethyl-3-prop-1-en-2-yl-2,3,4,4a,7,8-hexahydro-1H-naphthalene",CC1=CCCC2(C1CC(CC2)C(=C)C)C,C15H24,204.18780077,1,1,False
CC12CCC(CC1)C(COC1OC(CO)C(O)C(O)C1O)O2,Hydroxycineole-10-O-beta-D-glucopyranoside,Hydroxycineole-10-O-beta-D-glucopyranoside,177826533,177826533,Zingiber officinale,Zingiber officinale,"(2R,3S,4S,5R,6R)-2-(hydroxymethyl)-6-[(1-methyl-2-oxabicyclo[2.2.2]octan-3-yl)methoxy]oxane-3,4,5-triol",CC12CCC(CC1)C(O2)CO[C@H]3[C@@H]([C@H]([C@@H]([C@H](O3)CO)O)O)O,C16H28O7,332.18350325,1,1,False
CC1(C2CCC3(C)OC3C2)CO1,Diepoxylimonene,Diepoxylimonene,232703,232703,Zingiber officinale,Zingiber officinale,1-methyl-4-(2-methyloxiran-2-yl)-7-oxabicyclo[4.1.0]heptane,CC12CCC(CC1O2)C3(CO3)C,C10H16O2,168.11502975,1,1,False
CC1C=CC2C(C1)C2(C)C,4-Carene,4-Carene,530422,530422,Zingiber officinale,Zingiber officinale,"4,7,7-trimethylbicyclo[4.1.0]hept-2-ene",CC1CC2C(C2(C)C)C=C1,C10H16,136.12520051,1,1,False
CC(C)=C1CCC(C)CC1,p-Menth-4(8)-ene,p-Menth-4(8)-ene,517975,517975,Zingiber officinale,Zingiber officinale,1-methyl-4-propan-2-ylidenecyclohexane,CC1CCC(=C(C)C)CC1,C10H18,138.14085057,1,1,False
C=C1CCC2C(=C(C(C)C)CCC2C)C1,2-Isopropyl-5-methyl-9-methylene-bicyclo[4.4.0]dec-1-ene,2-Isopropyl-5-methyl-9-methylene-bicyclo[4.4.0]dec-1-ene,595137,595137,Zingiber officinale,Zingiber officinale,"1-methyl-6-methylidene-4-propan-2-yl-2,3,5,7,8,8a-hexahydro-1H-naphthalene",CC1CCC(=C2C1CCC(=C)C2)C(C)C,C15H24,204.18780077,1,1,False
C=C(C)C1CCC(C)C(OC(C)=O)C1,Dihydrocarveol acetate,Dihydrocarveol acetate,30248,30248,Zingiber officinale,Zingiber officinale,(2-methyl-5-prop-1-en-2-ylcyclohexyl) acetate,CC1CCC(CC1OC(=O)C)C(=C)C,C12H20O2,196.14632988,1,1,False
CC1CCC=C2CCC3C(C3(C)C)C21C,Calarene,Calarene,28481,28481,Zingiber officinale,Zingiber officinale,"1,1,7,7a-tetramethyl-2,3,5,6,7,7b-hexahydro-1aH-cyclopropa[a]naphthalene",CC1CCC=C2C1(C3C(C3(C)C)CC2)C,C15H24,204.18780077,1,1,False
CC1CCC23C(C)CCC(CC12)C3(C)C,Patchoulane,Patchoulane,29408,29408,Zingiber officinale,Zingiber officinale,"4,10,11,11-tetramethyltricyclo[5.3.1.01,5]undecane",CC1CCC23C1CC(C2(C)C)CCC3C,C15H26,206.20345083,1,1,False
CC1CCC2C(C3=C1CCC3C)C2(C)C,Isoledene,Isoledene,530426,530426,Zingiber officinale,Zingiber officinale,"1,1,4,7-tetramethyl-1a,2,3,4,5,6,7,7b-octahydrocyclopropa[e]azulene",CC1CCC2C(C2(C)C)C3=C1CCC3C,C15H24,204.18780077,1,1,False
CC1=CCC23CC1C(C)(CO)C2CCC3C,8-Cedren-13-ol,8-Cedren-13-ol,519545,519545,Zingiber officinale,Zingiber officinale,"(2,6,8-trimethyl-6-tricyclo[5.3.1.01,5]undec-8-enyl)methanol",CC1CCC2C13CC=C(C(C3)C2(C)CO)C,C15H24O,220.18271539,1,1,False
C=CC(C)(CCC=C(C)C)OC(=O)CC,Linalyl propionate,Linalyl propionate,61098,61098,Zingiber officinale,Zingiber officinale,"3,7-dimethylocta-1,6-dien-3-yl propanoate",CCC(=O)OC(C)(CCC=C(C)C)C=C,C13H22O2,210.16197995,1,1,False
CCC(=O)OCC=C(C)CCC=C(C)C,Geranyl propionate,Geranyl propionate,5355853,5355853,Zingiber officinale,Zingiber officinale,"[(2E)-3,7-dimethylocta-2,6-dienyl] propanoate",CCC(=O)OC/C=C(\C)/CCC=C(C)C,C13H22O2,210.16197995,1,1,False
CCC(C)CO,2-Methyl-1-butanol,2-Methyl-1-butanol,8723,8723,Zingiber officinale,Zingiber officinale,2-methylbutan-1-ol,CCC(C)CO,C5H12O,88.08881501,1,1,False
CCC(C)O,2-Butanol,2-Butanol,6568,6568,Zingiber officinale,Zingiber officinale,butan-2-ol,CCC(C)O,C4H10O,74.07316494,1,1,False
CCC(C)OC(C)=O,2-Butyl acetate,2-Butyl acetate,7758,7758,Zingiber officinale,Zingiber officinale,butan-2-yl acetate,CCC(C)OC(=O)C,C6H12O2,116.08372963,1,1,False
CCCC(O)CC(O)CCc1ccc(O)c(OC)c1,[4]-Gingerdiol,[4]-Gingerdiol,162915825,162915825,Zingiber officinale,Zingiber officinale,"(3R,5S)-1-(4-hydroxy-3-methoxyphenyl)octane-3,5-diol",CCC[C@@H](C[C@@H](CCC1=CC(=C(C=C1)O)OC)O)O,C15H24O4,268.16745925,1,1,False
CCCC(O)CC(=O)CCc1ccc(O)c(OC)c1,[4]-Gingerol,[4]-Gingerol,46901319,46901319,Zingiber officinale,Zingiber officinale,(5S)-5-hydroxy-1-(4-hydroxy-3-methoxyphenyl)octan-3-one,CCC[C@@H](CC(=O)CCC1=CC(=C(C=C1)O)OC)O,C15H22O4,266.15180919,1,1,False
CCCC=CC(=O)CCc1ccc(O)c(OC)c1,[4]-Shogaol,[4]-Shogaol,9794897,9794897,Zingiber officinale,Zingiber officinale,(E)-1-(4-hydroxy-3-methoxyphenyl)oct-4-en-3-one,CCC/C=C/C(=O)CCC1=CC(=C(C=C1)O)OC,C15H20O3,248.1412445,1,1,False
CCC=O,Propanal,Propanal,527,527,Zingiber officinale,Zingiber officinale,propanal,CCC=O,C3H6O,58.04186481,1,1,False
CCc1cccc(CC)c1,m-Diethylbenzene,m-Diethylbenzene,8864,8864,Zingiber officinale,Zingiber officinale,"1,3-diethylbenzene",CCC1=CC(=CC=C1)CC,C10H14,134.10955045,1,1,False
CCc1ccccc1CC,o-Diethylbenzene,o-Diethylbenzene,8657,8657,Zingiber officinale,Zingiber officinale,"1,2-diethylbenzene",CCC1=CC=CC=C1CC,C10H14,134.10955045,1,1,False
CCCC(=CCCC=CCCCCOC(C)=O)CCC,Propylure,Propylure,5363412,5363412,Zingiber officinale,Zingiber officinale,"[(5E)-10-propyltrideca-5,9-dienyl] acetate",CCCC(=CCC/C=C/CCCCOC(=O)C)CCC,C18H32O2,280.24023027,1,1,False
CCCC(=O)CC(O)CCc1ccc(O)c(OC)c1,[4]-Isogingerol,[4]-Isogingerol,11482504,11482504,Zingiber officinale,Zingiber officinale,6-hydroxy-8-(4-hydroxy-3-methoxyphenyl)octan-4-one,CCCC(=O)CC(CCC1=CC(=C(C=C1)O)OC)O,C15H22O4,266.15180919,1,1,False
CCCC(=O)OCCC(C)CCC=C(C)C,Citronellyl n-butyrate,Citronellyl n-butyrate,8835,8835,Zingiber officinale,Zingiber officinale,"3,7-dimethyloct-6-enyl butanoate",CCCC(=O)OCCC(C)CCC=C(C)C,C14H26O2,226.19328007,1,1,False
CCCC(C)CCO,3-Methylhexanol,3-Methylhexanol,25793,25793,Zingiber officinale,Zingiber officinale,3-methylhexan-1-ol,CCCC(C)CCO,C7H16O,116.12011513,1,1,False
CCCC(CC(CCc1ccc(O)c(OC)c1)OC(C)=O)OC(C)=O,[4]-Gingerdiacetate,[4]-Gingerdiacetate,5318274,5318274,Zingiber officinale,Zingiber officinale,[6-acetyloxy-8-(4-hydroxy-3-methoxyphenyl)octan-4-yl] acetate,CCCC(CC(CCC1=CC(=C(C=C1)O)OC)OC(=O)C)OC(=O)C,C19H28O6,352.18858863,1,1,False
CCCC(O)O,Butanediol,Butanediol,165788,165788,Zingiber officinale,Zingiber officinale,"butane-1,1-diol",CCCC(O)O,C4H10O2,90.06807956,1,1,False
CCCCC=CC(C)=O,3-Octen-2-one,3-Octen-2-one,5363229,5363229,Zingiber officinale,Zingiber officinale,(E)-oct-3-en-2-one,CCCC/C=C/C(=O)C,C8H14O,126.10446507,1,1,False
CCCC=O,Butanal,Butanal,261,261,Zingiber officinale,Zingiber officinale,butanal,CCCC=O,C4H8O,72.05751488,1,1,False
CCCCC(O)C=CC(=O)CCc1ccc(O)c(OC)c1,6-Hydroxy-[6]-shogaol,6-Hydroxy-[6]-shogaol,11140882,11140882,Zingiber officinale,Zingiber officinale,(E)-6-hydroxy-1-(4-hydroxy-3-methoxyphenyl)dec-4-en-3-one,CCCCC(/C=C/C(=O)CCC1=CC(=C(C=C1)O)OC)O,C17H24O4,292.16745925,1,1,False
CCCCCC(O)CC(O)CCc1ccc(O)c(OC)c1,"(3S,5S)-3,5-Dihydroxy-1-(4-hydroxy-3-methoxyphenyl)decane","(3S,5S)-3,5-Dihydroxy-1-(4-hydroxy-3-methoxyphenyl)decane | [6]-Gingerdiol",5275727,5275727 | 15839040,Zingiber officinale,Zingiber officinale,"(3S,5S)-1-(4-hydroxy-3-methoxyphenyl)decane-3,5-diol",CCCCC[C@@H](C[C@H](CCC1=CC(=C(C=C1)O)OC)O)O,C17H28O4,296.19875938,2,2,True
CCCCCC(C)O,(S)-2-Heptanol,(S)-2-Heptanol | 2-Heptanol,10976,10976 | 2724897,Zingiber officinale,Zingiber officinale,(2S)-heptan-2-ol,CCCCC[C@H](C)O,C7H16O,116.12011513,2,2,True
CCCCCC=CC(=O)C=Cc1ccc(O)c(OC)c1,[6]-Dehydroshogaol,[6]-Dehydroshogaol,102316888,102316888,Zingiber officinale,Zingiber officinale,"(1E,4E)-1-(4-hydroxy-3-methoxyphenyl)deca-1,4-dien-3-one",CCCCC/C=C/C(=O)/C=C/C1=CC(=C(C=C1)O)OC,C17H22O3,274.15689457,1,1,False
CCCCCC=CC(=O)CCc1ccc(O)c(OC)c1,trans-6-Shogaol,trans-6-Shogaol,5281794,5281794,Zingiber officinale,Zingiber officinale,(E)-1-(4-hydroxy-3-methoxyphenyl)dec-4-en-3-one,CCCCC/C=C/C(=O)CCC1=CC(=C(C=C1)O)OC,C17H24O3,276.17254463,1,1,False
CCCCCC=CCC=CCCCCCCCC=O,"9,12-Octadecadienal","9,12-Octadecadienal",5283383,5283383,Zingiber officinale,Zingiber officinale,"(9E,12E)-octadeca-9,12-dienal",CCCCC/C=C/C/C=C/CCCCCCCC=O,C18H32O,264.24531564,1,1,False
CCCCCC=CC=CC=O,"2,4-Decadienal","2,4-Decadienal",5283349,5283349,Zingiber officinale,Zingiber officinale,"(2E,4E)-deca-2,4-dienal",CCCCC/C=C/C=C/C=O,C10H16O,152.12011513,1,1,False
CCCCCC=CC=O,(2E)-Octenal,(2E)-Octenal,5283324,5283324,Zingiber officinale,Zingiber officinale,(E)-oct-2-enal,CCCCC/C=C/C=O,C8H14O,126.10446507,1,1,False
CCCCCC=CCC=CCCCCCCCC(=O)OC,"Linoleic acid, methyl ester","Linoleic acid, methyl ester",5284421,5284421,Zingiber officinale,Zingiber officinale,"methyl (9Z,12Z)-octadeca-9,12-dienoate",CCCCC/C=C\C/C=C\CCCCCCCC(=O)OC,C19H34O2,294.25588033,1,1,False
CCCCCC=CCC=CCCCCCCCC(=O)OCC(O)COC1OC(COC2OC(CO)C(O)C(O)C2O)C(O)C(O)C1O,Gingerglycolipid B,Gingerglycolipid B,10009754,10009754,Zingiber officinale,Zingiber officinale,"[(2S)-2-hydroxy-3-[(2R,3R,4S,5R,6R)-3,4,5-trihydroxy-6-[[(2S,3R,4S,5R,6R)-3,4,5-trihydroxy-6-(hydroxymethyl)oxan-2-yl]oxymethyl]oxan-2-yl]oxypropyl] (9Z,12Z)-octadeca-9,12-dienoate",CCCCC/C=C\C/C=C\CCCCCCCC(=O)OC[C@H](CO[C@H]1[C@@H]([C@H]([C@H]([C@H](O1)CO[C@@H]2[C@@H]([C@H]([C@H]([C@H](O2)CO)O)O)O)O)O)O)O,C33H58O14,678.38265656,1,1,False
CCCCCC=CCC=CCCCCCCCC(=O)OCC,Ethyl linoleate,Ethyl linoleate,5282184,5282184,Zingiber officinale,Zingiber officinale,"ethyl (9Z,12Z)-octadeca-9,12-dienoate",CCCCC/C=C\C/C=C\CCCCCCCC(=O)OCC,C20H36O2,308.27153039,1,1,False
CCCCCC(=O)C=C(O)C=Cc1ccc(O)c(OC)c1,1-Dehydro-[6]-gingerdione,1-Dehydro-[6]-gingerdione | 6-Dehydrogingerdione | Dehydrogingerdione,5316449,5316449 | 22321203,Zingiber officinale,Zingiber officinale,"(1E,3Z)-3-hydroxy-1-(4-hydroxy-3-methoxyphenyl)deca-1,3-dien-5-one",CCCCCC(=O)/C=C(/C=C/C1=CC(=C(C=C1)O)OC)\O,C17H22O4,290.15180919,3,2,True
CCCCCC(O)CC(=O)CCc1ccc(OC)c(OC)c1,"1-(3,4-Dimethoxyphenyl)-5-hydroxy-decan-3-one","1-(3,4-Dimethoxyphenyl)-5-hydroxy-decan-3-one",71391212,71391212,Zingiber officinale,Zingiber officinale,"1-(3,4-dimethoxyphenyl)-5-hydroxydecan-3-one",CCCCCC(CC(=O)CCC1=CC(=C(C=C1)OC)OC)O,C18H28O4,308.19875938,1,1,False
CCCCCC(O)CC(=O)CCC1CCC(O)C(OC)C1,5-Hydroxy-1-(4-hydroxy-3-methoxycyclohexyl)decan-3-one,5-Hydroxy-1-(4-hydroxy-3-methoxycyclohexyl)decan-3-one,42675,42675,Zingiber officinale,Zingiber officinale,5-hydroxy-1-(4-hydroxy-3-methoxycyclohexyl)decan-3-one,CCCCCC(CC(=O)CCC1CCC(C(C1)OC)O)O,C17H32O4,300.23005951,1,1,False
CCCCCC(CC(O)CCc1ccc(O)c(OC)c1)OC(C)=O,[6]-Gingerdiol 5-acetate,[6]-Gingerdiol 5-acetate,101419545,101419545,Zingiber officinale,Zingiber officinale,[3-hydroxy-1-(4-hydroxy-3-methoxyphenyl)decan-5-yl] acetate,CCCCCC(CC(CCC1=CC(=C(C=C1)O)OC)O)OC(=O)C,C19H30O5,338.20932407,1,1,False
CCCCCC(O)CC(CCc1ccc(O)c(OC)c1)OC(C)=O,[6]-Gingerdiol 3-acetate,[6]-Gingerdiol 3-acetate,131752857,131752857,Zingiber officinale,Zingiber officinale,[5-hydroxy-1-(4-hydroxy-3-methoxyphenyl)decan-3-yl] acetate,CCCCCC(CC(CCC1=CC(=C(C=C1)O)OC)OC(=O)C)O,C19H30O5,338.20932407,1,1,False
CCCCCC(CC(CCc1ccc(O)c(OC)c1)OC(C)=O)OC(C)=O,"[6]-Gingerdiol 3,5-diacetate","[6]-Gingerdiol 3,5-diacetate",5317587,5317587,Zingiber officinale,Zingiber officinale,[3-acetyloxy-1-(4-hydroxy-3-methoxyphenyl)decan-5-yl] acetate,CCCCCC(CC(CCC1=CC(=C(C=C1)O)OC)OC(=O)C)OC(=O)C,C21H32O6,380.21988875,1,1,False
CCCCCC(CC(CCc1ccc(OC)c(OC)c1)OC(C)=O)OC(C)=O,"3'-Methoxy-[6]-Gingerdiol 3,5-diacetate","3'-Methoxy-[6]-Gingerdiol 3,5-diacetate",5319662,5319662,Zingiber officinale,Zingiber officinale,"[3-acetyloxy-1-(3,4-dimethoxyphenyl)decan-5-yl] acetate",CCCCCC(CC(CCC1=CC(=C(C=C1)OC)OC)OC(=O)C)OC(=O)C,C22H34O6,394.23553882,1,1,False
CCCCCCC=CCCCCCCCC(=O)O,Palmitoleic acid,Palmitoleic acid,445638,445638,Zingiber officinale,Zingiber officinale,(Z)-hexadec-9-enoic acid,CCCCCC/C=C\CCCCCCCC(=O)O,C16H30O2,254.2245802,1,1,False
CCCCCCC=CCCCCCCCC(=O)OC,Palmitoleic acid methyl ester,Palmitoleic acid methyl ester,643801,643801,Zingiber officinale,Zingiber officinale,methyl (Z)-hexadec-9-enoate,CCCCCC/C=C\CCCCCCCC(=O)OC,C17H32O2,268.24023027,1,1,False
CCCCCC=O,Hexanal,Hexanal,6184,6184,Zingiber officinale,Zingiber officinale,hexanal,CCCCCC=O,C6H12O,100.08881501,1,1,False
CCCCCC1CC(CCc2ccc(O)c(OC)c2)OC(C=C(C)CCC=C(C)C)O1,[6]-Gingerdiol (2E)-geranial acetal,[6]-Gingerdiol (2E)-geranial acetal,11546481,11546481,Zingiber officinale,Zingiber officinale,"4-[2-[2-[(1E)-2,6-dimethylhepta-1,5-dienyl]-6-pentyl-1,3-dioxan-4-yl]ethyl]-2-methoxyphenol",CCCCCC1CC(OC(O1)/C=C(\C)/CCC=C(C)C)CCC2=CC(=C(C=C2)O)OC,C27H42O4,430.30830983,1,1,False
CCCCCCC(C)=O,2-Octanone,2-Octanone,8093,8093,Zingiber officinale,Zingiber officinale,octan-2-one,CCCCCCC(=O)C,C8H16O,128.12011513,1,1,False
CCCCCCC(C)O,2-Octanol,2-Octanol,20083,20083,Zingiber officinale,Zingiber officinale,octan-2-ol,CCCCCCC(C)O,C8H18O,130.1357652,1,1,False
CCCCCCC(O)CC(=O)CCc1ccc(O)c(OC)c1,[7]-Gingerol,[7]-Gingerol,11472344,11472344,Zingiber officinale,Zingiber officinale,5-hydroxy-1-(4-hydroxy-3-methoxyphenyl)undecan-3-one,CCCCCCC(CC(=O)CCC1=CC(=C(C=C1)O)OC)O,C18H28O4,308.19875938,1,1,False
CCCCCCCC=CC(=O)C=Cc1ccc(O)c(OC)c1,Dehydro[8]-shogaol,"Dehydro[8]-shogaol | 1-(4-Hydroxy-3-methoxyphenyl)-1,4-dodecadien-3-one",131751378,131751378,Zingiber officinale,Zingiber officinale,"(1Z,4E)-1-(4-hydroxy-3-methoxyphenyl)dodeca-1,4-dien-3-one",CCCCCCC/C=C/C(=O)/C=C\C1=CC(=C(C=C1)O)OC,C19H26O3,302.1881947,2,1,False
CCCCCCCC=CC(=O)CCc1ccc(O)c(OC)c1,cis-[8]-Shogaol,cis-[8]-Shogaol | [8]-Shogaol,6442560,6442560,Zingiber officinale,Zingiber officinale,(E)-1-(4-hydroxy-3-methoxyphenyl)dodec-4-en-3-one,CCCCCCC/C=C/C(=O)CCC1=CC(=C(C=C1)O)OC,C19H28O3,304.20384476,2,1,False
CCCCCCCC=CC(=O)CCc1ccc(OC)c(OC)c1,Methyl [8]-Shogaol,"Methyl [8]-Shogaol | 1-(3,4-Dimethoxyphenyl)-4-dodecen-3-one",91721121,91721121,Zingiber officinale,Zingiber officinale,"(E)-1-(3,4-dimethoxyphenyl)dodec-4-en-3-one",CCCCCCC/C=C/C(=O)CCC1=CC(=C(C=C1)OC)OC,C20H30O3,318.21949482,2,1,False
CCCCCCC=CC=O,Nonenal,Nonenal,17166,17166,Zingiber officinale,Zingiber officinale,non-2-enal,CCCCCCC=CC=O,C9H16O,140.12011513,1,1,False
CCCCCCCC,Octane,Octane,356,356,Zingiber officinale,Zingiber officinale,octane,CCCCCCCC,C8H18,114.14085057,1,1,False
CCCCCCCC(C)=O,2-Nonanone,2-Nonanone,13187,13187,Zingiber officinale,Zingiber officinale,nonan-2-one,CCCCCCCC(=O)C,C9H18O,142.1357652,1,1,False
CCCCCCCC(=O)CC(=O)C=Cc1ccc(O)c(OC)c1,1-Dehydro-[8]-gingerdione,1-Dehydro-[8]-gingerdione | [8]-Dehydrogingerdione,44610342,44610342 | 131752598,Zingiber officinale,Zingiber officinale,"(E)-1-(4-hydroxy-3-methoxyphenyl)dodec-1-ene-3,5-dione",CCCCCCCC(=O)CC(=O)/C=C/C1=CC(=C(C=C1)O)OC,C19H26O4,318.18310932,2,2,True
CCCCCCCC(=O)CC(=O)CCc1ccc(O)c(OC)c1,[8]-Gingerdione,[8]-Gingerdione,14440537,14440537,Zingiber officinale,Zingiber officinale,"1-(4-hydroxy-3-methoxyphenyl)dodecane-3,5-dione",CCCCCCCC(=O)CC(=O)CCC1=CC(=C(C=C1)O)OC,C19H28O4,320.19875938,1,1,False
CCCCCCCC(=O)CCc1ccc(O)c(OC)c1,[6]-Paradol,[6]-Paradol,94378,94378,Zingiber officinale,Zingiber officinale,1-(4-hydroxy-3-methoxyphenyl)decan-3-one,CCCCCCCC(=O)CCC1=CC(=C(C=C1)O)OC,C17H26O3,278.1881947,1,1,False
CCCCCCCC(=O)CCc1ccc(OC)c(OC)c1,Methyl [6]-paradol,Methyl [6]-paradol,85807832,85807832,Zingiber officinale,Zingiber officinale,"1-(3,4-dimethoxyphenyl)decan-3-one",CCCCCCCC(=O)CCC1=CC(=C(C=C1)OC)OC,C18H28O3,292.20384476,1,1,False
CCCCCCCC(C)C,2-Methyl nonane,2-Methyl nonane,13379,13379,Zingiber officinale,Zingiber officinale,2-methylnonane,CCCCCCCC(C)C,C10H22,142.1721507,1,1,False
CCCCCCCC(C)O,2-Nonanol,2-Nonanol,12367,12367,Zingiber officinale,Zingiber officinale,nonan-2-ol,CCCCCCCC(C)O,C9H20O,144.15141526,1,1,False
CCCCCCCC(CC(CCc1ccc(O)c(OC)c1)OC(C)=O)OC(C)=O,[8]-Gingerdiol,[8]-Gingerdiol,156373480,156373480,Zingiber officinale,Zingiber officinale,[3-acetyloxy-1-(4-hydroxy-3-methoxyphenyl)dodecan-5-yl] acetate,CCCCCCCC(CC(CCC1=CC(=C(C=C1)O)OC)OC(=O)C)OC(=O)C,C23H36O6,408.25118888,1,1,False
CCCCCCCCC=CCCCCCCCC=O,9-Octadecenal,9-Octadecenal,5283381,5283381,Zingiber officinale,Zingiber officinale,(E)-octadec-9-enal,CCCCCCCC/C=C/CCCCCCCC=O,C18H34O,266.26096571,1,1,False
CCCCCCCCC=CCCCCCCCC(=O)OC,Methyl oleate,Methyl oleate,5364509,5364509,Zingiber officinale,Zingiber officinale,methyl (Z)-octadec-9-enoate,CCCCCCCC/C=C\CCCCCCCC(=O)OC,C19H36O2,296.27153039,1,1,False
CCCCCCCCC=CCCCCCCCC(=O)OCC(O)COC1OC(COC2OC(CO)C(O)C(O)C2O)C(O)C(O)C1O,Gingerglycolipid C,Gingerglycolipid C,10259020,10259020,Zingiber officinale,Zingiber officinale,"[(2S)-2-hydroxy-3-[(2R,3R,4S,5R,6R)-3,4,5-trihydroxy-6-[[(2S,3R,4S,5R,6R)-3,4,5-trihydroxy-6-(hydroxymethyl)oxan-2-yl]oxymethyl]oxan-2-yl]oxypropyl] (Z)-octadec-9-enoate",CCCCCCCC/C=C\CCCCCCCC(=O)OC[C@H](CO[C@H]1[C@@H]([C@H]([C@H]([C@H](O1)CO[C@@H]2[C@@H]([C@H]([C@H]([C@H](O2)CO)O)O)O)O)O)O)O,C33H60O14,680.39830663,1,1,False
CCCCCCCCC=CCCCCCCCC(=O)OCC,Ethyl oleate,Ethyl oleate,5363269,5363269,Zingiber officinale,Zingiber officinale,ethyl (Z)-octadec-9-enoate,CCCCCCCC/C=C\CCCCCCCC(=O)OCC,C20H38O2,310.28718046,1,1,False
CCCCCCCC=O,Octanal,Octanal,454,454,Zingiber officinale,Zingiber officinale,octanal,CCCCCCCC=O,C8H16O,128.12011513,1,1,False
CCCCCCCCC,Nonane,Nonane,8141,8141,Zingiber officinale,Zingiber officinale,nonane,CCCCCCCCC,C9H20,128.15650064,1,1,False
CCCCCCCCCC(CC(=O)CCc1ccc(C)c(OC)c1)OC(C)=O,Acetoxy-[10]-gingerol,Acetoxy-[10]-gingerol,157009850,157009850,Zingiber officinale,Zingiber officinale,[(5S)-1-(3-methoxy-4-methylphenyl)-3-oxotetradecan-5-yl] acetate,CCCCCCCCC[C@@H](CC(=O)CCC1=CC(=C(C=C1)C)OC)OC(=O)C,C23H36O5,392.25627426,1,1,False
CCCCCCCCCC(O)CC(=O)CCc1ccc(O)c(OC)c1,(S)-10-Gingerol,(S)-10-Gingerol,168115,168115,Zingiber officinale,Zingiber officinale,(5S)-5-hydroxy-1-(4-hydroxy-3-methoxyphenyl)tetradecan-3-one,CCCCCCCCC[C@@H](CC(=O)CCC1=CC(=C(C=C1)O)OC)O,C21H34O4,350.24570957,1,1,False
CCCCCCCCCC=CC(=O)C=Cc1ccc(O)c(OC)c1,[10]-Dehydroshogaol,[10]-Dehydroshogaol,131751379,131751379,Zingiber officinale,Zingiber officinale,"(1Z,4E)-1-(4-hydroxy-3-methoxyphenyl)tetradeca-1,4-dien-3-one",CCCCCCCCC/C=C/C(=O)/C=C\C1=CC(=C(C=C1)O)OC,C21H30O3,330.21949482,1,1,False
CCCCCCCCCC=CC(=O)CCc1ccc(O)c(OC)c1,trans-10-Shogaol,trans-10-Shogaol | 10-Shogaol,6442612,6442612,Zingiber officinale,Zingiber officinale,(E)-1-(4-hydroxy-3-methoxyphenyl)tetradec-4-en-3-one,CCCCCCCCC/C=C/C(=O)CCC1=CC(=C(C=C1)O)OC,C21H32O3,332.23514489,2,1,False
CCCCCCCCCC,Decane,Decane,15600,15600,Zingiber officinale,Zingiber officinale,decane,CCCCCCCCCC,C10H22,142.1721507,1,1,False
CCCCCCCCCC(=O)CC(=O)C=Cc1ccc(O)c(OC)c1,1-Dehydro-[10]-gingerdione,1-Dehydro-[10]-gingerdione,14999388,14999388,Zingiber officinale,Zingiber officinale,"(E)-1-(4-hydroxy-3-methoxyphenyl)tetradec-1-ene-3,5-dione",CCCCCCCCCC(=O)CC(=O)/C=C/C1=CC(=C(C=C1)O)OC,C21H30O4,346.21440945,1,1,False
CCCCCCCCCC(=O)CC(=O)CCc1ccc(O)c(OC)c1,[10]-Gingerdione,[10]-Gingerdione,14440539,14440539,Zingiber officinale,Zingiber officinale,"1-(4-hydroxy-3-methoxyphenyl)tetradecane-3,5-dione",CCCCCCCCCC(=O)CC(=O)CCC1=CC(=C(C=C1)O)OC,C21H32O4,348.23005951,1,1,False
CCCCCCCCCC(=O)CCc1ccc(O)c(OC)c1,[8]-Paradol,[8]-Paradol,213821,213821,Zingiber officinale,Zingiber officinale,1-(4-hydroxy-3-methoxyphenyl)dodecan-3-one,CCCCCCCCCC(=O)CCC1=CC(=C(C=C1)O)OC,C19H30O3,306.21949482,1,1,False
CCCCCCCCCC(C)C,2-Methyl undecane,2-Methyl undecane,23459,23459,Zingiber officinale,Zingiber officinale,2-methylundecane,CCCCCCCCCC(C)C,C12H26,170.20345083,1,1,False
CCCCCCCCCC=O,Decanal,Decanal,8175,8175,Zingiber officinale,Zingiber officinale,decanal,CCCCCCCCCC=O,C10H20O,156.15141526,1,1,False
CCCCCCCCCCC(=O)O,Undecanoic acid,Undecanoic acid,8180,8180,Zingiber officinale,Zingiber officinale,undecanoic acid,CCCCCCCCCCC(=O)O,C11H22O2,186.16197995,1,1,False
CCCCCCCCCCCC=CC(=O)CCc1ccc(O)c(OC)c1,[12]-Shogaol,[12]-Shogaol,9975813,9975813,Zingiber officinale,Zingiber officinale,(E)-1-(4-hydroxy-3-methoxyphenyl)hexadec-4-en-3-one,CCCCCCCCCCC/C=C/C(=O)CCC1=CC(=C(C=C1)O)OC,C23H36O3,360.26644502,1,1,False
CC=CC#CCCCCCCCCCC,2-Pentadecen-4-yne,2-Pentadecen-4-yne,556388,556388,Zingiber officinale,Zingiber officinale,pentadec-2-en-4-yne,CCCCCCCCCCC#CC=CC,C15H26,206.20345083,1,1,False
CCCCCCCCCCCC(=O)CC(=O)CCc1ccc(O)c(OC)c1,[12]-Gingerdione,[12]-Gingerdione,86251913,86251913,Zingiber officinale,Zingiber officinale,"1-(4-hydroxy-3-methoxyphenyl)hexadecane-3,5-dione",CCCCCCCCCCCC(=O)CC(=O)CCC1=CC(=C(C=C1)O)OC,C23H36O4,376.26135964,1,1,False
CCCCCCCCCCCC(=O)CCc1ccc(O)c(OC)c1,[10]-Paradol,[10]-Paradol,51352076,51352076,Zingiber officinale,Zingiber officinale,1-(4-hydroxy-3-methoxyphenyl)tetradecan-3-one,CCCCCCCCCCCC(=O)CCC1=CC(=C(C=C1)O)OC,C21H34O3,334.25079495,1,1,False
CCCCCCCCCCCC(=O)O,Dodecanoic acid,Dodecanoic acid,3893,3893,Zingiber officinale,Zingiber officinale,dodecanoic acid,CCCCCCCCCCCC(=O)O,C12H24O2,200.17763001,1,1,False
CCCCCCCCCCCC=O,Lauraldehyde,Lauraldehyde,8194,8194,Zingiber officinale,Zingiber officinale,dodecanal,CCCCCCCCCCCC=O,C12H24O,184.18271539,1,1,False
CCCCCCCCCCCCC,Tridecane,Tridecane,12388,12388,Zingiber officinale,Zingiber officinale,tridecane,CCCCCCCCCCCCC,C13H28,184.21910089,1,1,False
CCCCCCCCCCCCC#CCO,2-Pentadecynol,2-Pentadecynol,534429,534429,Zingiber officinale,Zingiber officinale,pentadec-2-yn-1-ol,CCCCCCCCCCCCC#CCO,C15H28O,224.21401552,1,1,False
CCCCCCCCCCCCCC(=O)O,Myristic acid,Myristic acid,11005,11005,Zingiber officinale,Zingiber officinale,tetradecanoic acid,CCCCCCCCCCCCCC(=O)O,C14H28O2,228.20893014,1,1,False
CCCCCCCCCCCCCCC(=O)O,Pentadecanoic acid,Pentadecanoic acid,13849,13849,Zingiber officinale,Zingiber officinale,pentadecanoic acid,CCCCCCCCCCCCCCC(=O)O,C15H30O2,242.2245802,1,1,False
C=CCCCCCCCCCCCCCC,1-Hexadecene,1-Hexadecene,12395,12395,Zingiber officinale,Zingiber officinale,hexadec-1-ene,CCCCCCCCCCCCCCC=C,C16H32,224.25040102,1,1,False
CCCCCCCCCCCCCCCC(=O)OC1CCC2(C)C(=CCC3C2CCC2(C)C(C(C)CCC(CC)C(C)C)CCC32)C1,beta-Sitosterol palmitate,beta-Sitosterol palmitate,9852570,9852570,Zingiber officinale,Zingiber officinale,"[(3S,8S,9S,10R,13R,14S,17R)-17-[(2R,5R)-5-ethyl-6-methylheptan-2-yl]-10,13-dimethyl-2,3,4,7,8,9,11,12,14,15,16,17-dodecahydro-1H-cyclopenta[a]phenanthren-3-yl] hexadecanoate",CCCCCCCCCCCCCCCC(=O)O[C@H]1CC[C@@]2([C@H]3CC[C@]4([C@H]([C@@H]3CC=C2C1)CC[C@@H]4[C@H](C)CC[C@@H](CC)C(C)C)C)C,C45H80O2,652.6158318,1,1,False
CCCCCCCCCCCCCCCC(=O)OC,Methyl hexadecanoate,Methyl hexadecanoate,8181,8181,Zingiber officinale,Zingiber officinale,methyl hexadecanoate,CCCCCCCCCCCCCCCC(=O)OC,C17H34O2,270.25588033,1,1,False
CCCCCCCCCCCCCCCC(=O)OCC(O)CO,3-Palmitoyl-sn-glycerol,3-Palmitoyl-sn-glycerol | 1-Palmitoyl-sn-glycerol,3084463,3084463 | 11359451,Zingiber officinale,Zingiber officinale,"[(2R)-2,3-dihydroxypropyl] hexadecanoate",CCCCCCCCCCCCCCCC(=O)OC[C@@H](CO)O,C19H38O4,330.2770097,2,2,True
CCCCCCCCCCCCCCCC(=O)OCC,Ethyl palmitate,Ethyl palmitate,12366,12366,Zingiber officinale,Zingiber officinale,ethyl hexadecanoate,CCCCCCCCCCCCCCCC(=O)OCC,C18H36O2,284.27153039,1,1,False
CCCCCCCCCCCCCCCC(=O)OCCO,Ethylene glycol monohexadecanoate,Ethylene glycol monohexadecanoate,20201,20201,Zingiber officinale,Zingiber officinale,2-hydroxyethyl hexadecanoate,CCCCCCCCCCCCCCCC(=O)OCCO,C18H36O3,300.26644502,1,1,False
CCCCCCCCCCCCCCCCC(=O)O,Heptadecanoic acid,Heptadecanoic acid,10465,10465,Zingiber officinale,Zingiber officinale,heptadecanoic acid,CCCCCCCCCCCCCCCCC(=O)O,C17H34O2,270.25588033,1,1,False
CCCCCCCCCCCCCCCCCC(=O)OC,Methyl octadecanoate,Methyl octadecanoate,8201,8201,Zingiber officinale,Zingiber officinale,methyl octadecanoate,CCCCCCCCCCCCCCCCCC(=O)OC,C19H38O2,298.28718046,1,1,False
CCCCCCCCCCCCCCCCCCCCCCCC(=O)O,Lignoceric acid,Lignoceric acid,11197,11197,Zingiber officinale,Zingiber officinale,tetracosanoic acid,CCCCCCCCCCCCCCCCCCCCCCCC(=O)O,C24H48O2,368.36543078,1,1,False
CCCCCCCCCCCCCCCCCCCCCCCCCCCC,Octacosane,Octacosane,12408,12408,Zingiber officinale,Zingiber officinale,octacosane,CCCCCCCCCCCCCCCCCCCCCCCCCCCC,C28H58,394.45385185,1,1,False
CCCCCCCCCCCCCCCCCCCCCCCCCCCCC,Nonacosane,Nonacosane,12409,12409,Zingiber officinale,Zingiber officinale,nonacosane,CCCCCCCCCCCCCCCCCCCCCCCCCCCCC,C29H60,408.46950191,1,1,False
CCCCCCCCCCCCCCCCCCCCCCCCCCCCCC,Triacontane,Triacontane,12535,12535,Zingiber officinale,Zingiber officinale,triacontane,CCCCCCCCCCCCCCCCCCCCCCCCCCCCCC,C33H68,464.53210217,1,1,False
CCCCCCCCCCCCCCCCCCCCCCCCCCCCCC(=O)O,Triacontanoic acid,Triacontanoic acid,10471,10471,Zingiber officinale,Zingiber officinale,triacontanoic acid,CCCCCCCCCCCCCCCCCCCCCCCCCCCCCC(=O)O,C30H60O2,452.45933116,1,1,False
CCCCCCCCCCCCCCCCCCCCCCCCCCCCCCCO,Hentriacontan-1-ol,Hentriacontan-1-ol,68345,68345,Zingiber officinale,Zingiber officinale,hentriacontan-1-ol,CCCCCCCCCCCCCCCCCCCCCCCCCCCCCCCO,C31H64O,452.49571666,1,1,False
CCCCCCCCCCCCCCCCCCCCCCCCO,Tetracosanol,Tetracosanol,10472,10472,Zingiber officinale,Zingiber officinale,tetracosan-1-ol,CCCCCCCCCCCCCCCCCCCCCCCCO,C24H50O,354.38616622,1,1,False
CCCCCCCCCCCCCCCCO,1-Hexadecanol,1-Hexadecanol,2682,2682,Zingiber officinale,Zingiber officinale,hexadecan-1-ol,CCCCCCCCCCCCCCCCO,C16H34O,242.26096571,1,1,False
CCCCCCCCCCCO,1-Undecanol,1-Undecanol,8184,8184,Zingiber officinale,Zingiber officinale,undecan-1-ol,CCCCCCCCCCCO,C11H24O,172.18271539,1,1,False
CCCCCCCCCCO,1-Decanol,1-Decanol,8174,8174,Zingiber officinale,Zingiber officinale,decan-1-ol,CCCCCCCCCCO,C10H22O,158.16706532,1,1,False
CCCCCCCCCCOC(C)=O,1-Decyl acetate,1-Decyl acetate,8167,8167,Zingiber officinale,Zingiber officinale,decyl acetate,CCCCCCCCCCOC(=O)C,C12H24O2,200.17763001,1,1,False
CCCCCCCCCO,1-Nonanol,1-Nonanol,8914,8914,Zingiber officinale,Zingiber officinale,nonan-1-ol,CCCCCCCCCO,C9H20O,144.15141526,1,1,False
CCCCCCCOC(C)=O,Heptyl acetate,Heptyl acetate,8159,8159,Zingiber officinale,Zingiber officinale,heptyl acetate,CCCCCCCOC(=O)C,C9H18O2,158.13067982,1,1,False
CCCCCCOP(=O)(O)O,Monohexyl dihydrogen phosphate,Monohexyl dihydrogen phosphate,19787,19787,Zingiber officinale,Zingiber officinale,hexyl dihydrogen phosphate,CCCCCCOP(=O)(O)O,C6H15O4P,182.07079546,1,1,False
CCCCOC1(CO)OCC(O)C(O)C1O,n-Butyl-beta-D-fructopyranoside,n-Butyl-beta-D-fructopyranoside,50914217,50914217,Zingiber officinale,Zingiber officinale,"(2R,3S,4R,5R)-2-butoxy-2-(hydroxymethyl)oxane-3,4,5-triol",CCCCO[C@]1([C@H]([C@@H]([C@@H](CO1)O)O)O)CO,C10H20O6,236.12598837,1,1,False
CCCCOC(=O)c1ccccc1C(=O)OCCCC,Dibutyl phthalate,Dibutyl phthalate,3026,3026,Zingiber officinale,Zingiber officinale,"dibutyl benzene-1,2-dicarboxylate",CCCCOC(=O)C1=CC=CC=C1C(=O)OCCCC,C16H22O4,278.15180919,1,1,False
CCCO,1-Propanol,1-Propanol,1031,1031,Zingiber officinale,Zingiber officinale,propan-1-ol,CCCO,C3H8O,60.05751488,1,1,False
CCOC(=O)c1ccccc1C(=O)OCC,DIethyl phthalate,DIethyl phthalate,6781,6781,Zingiber officinale,Zingiber officinale,"diethyl benzene-1,2-dicarboxylate",CCOC(=O)C1=CC=CC=C1C(=O)OCC,C12H14O4,222.08920894,1,1,False
CCSC(C)C,2-(Ethylthio)propane,2-(Ethylthio)propane,21228,21228,Zingiber officinale,Zingiber officinale,2-ethylsulfanylpropane,CCSC(C)C,C5H12S,104.06597111,1,1,False
CCSCC,"1,1'-Thiobisethane","1,1'-Thiobisethane",9609,9609,Zingiber officinale,Zingiber officinale,ethylsulfanylethane,CCSCC,C4H10S,90.05032105,1,1,False
COC(=O)c1ccccc1C(=O)OC,Dimethylphthalate,Dimethylphthalate,8554,8554,Zingiber officinale,Zingiber officinale,"dimethyl benzene-1,2-dicarboxylate",COC(=O)C1=CC=CC=C1C(=O)OC,C10H10O4,194.05790881,1,1,False
COc1ccc(C=O)cc1O,Isovanillin,Isovanillin,12127,12127,Zingiber officinale,Zingiber officinale,3-hydroxy-4-methoxybenzaldehyde,COC1=C(C=C(C=C1)C=O)O,C8H8O3,152.04734412,1,1,False
COc1cc(O)c2c(=O)c(OC)c(-c3ccc(OC)c(OC)c3)oc2c1,"5-Hydroxy-3,7,3',4'-tetramethoxyflavone","5-Hydroxy-3,7,3',4'-tetramethoxyflavone",5352005,5352005,Zingiber officinale,Zingiber officinale,"2-(3,4-dimethoxyphenyl)-5-hydroxy-3,7-dimethoxychromen-4-one",COC1=C(C=C(C=C1)C2=C(C(=O)C3=C(C=C(C=C3O2)OC)O)OC)OC,C19H18O7,358.10525293,1,1,False
COc1cc(OC)c2c(=O)c(OC)c(-c3ccc(OC)c(OC)c3)oc2c1,"3,5,7,3',4'-Pentamethoxyflavone","3,5,7,3',4'-Pentamethoxyflavone",97332,97332,Zingiber officinale,Zingiber officinale,"2-(3,4-dimethoxyphenyl)-3,5,7-trimethoxychromen-4-one",COC1=C(C=C(C=C1)C2=C(C(=O)C3=C(O2)C=C(C=C3OC)OC)OC)OC,C20H20O7,372.12090299,1,1,False
COc1cc(O)c2c(=O)cc(-c3ccc(OC)c(OC)c3)oc2c1,"5-Hydroxy-7,3',4'-trimethoxyflavone","5-Hydroxy-7,3',4'-trimethoxyflavone",5272653,5272653,Zingiber officinale,Zingiber officinale,"2-(3,4-dimethoxyphenyl)-5-hydroxy-7-methoxychromen-4-one",COC1=C(C=C(C=C1)C2=CC(=O)C3=C(C=C(C=C3O2)OC)O)OC,C18H16O6,328.09468824,1,1,False
COc1cc(OC)c2c(=O)cc(-c3ccc(OC)c(OC)c3)oc2c1,"5,7,3',4'-Tetramethoxyflavone","5,7,3',4'-Tetramethoxyflavone",631170,631170,Zingiber officinale,Zingiber officinale,"2-(3,4-dimethoxyphenyl)-5,7-dimethoxychromen-4-one",COC1=C(C=C(C=C1)C2=CC(=O)C3=C(O2)C=C(C=C3OC)OC)OC,C19H18O6,342.11033831,1,1,False
C=CCc1ccc(OC)c(OC)c1,Methyleugenol,Methyleugenol,7127,7127,Zingiber officinale,Zingiber officinale,"1,2-dimethoxy-4-prop-2-enylbenzene",COC1=C(C=C(C=C1)CC=C)OC,C11H14O2,178.09937969,1,1,False
COc1cc(C(=O)O)ccc1O,Vanillic acid,Vanillic acid,8468,8468,Zingiber officinale,Zingiber officinale,4-hydroxy-3-methoxybenzoic acid,COC1=C(C=CC(=C1)C(=O)O)O,C8H8O4,168.04225874,1,1,False
COc1cc(C=O)ccc1O,Vanillin,Vanillin,1183,1183,Zingiber officinale,Zingiber officinale,4-hydroxy-3-methoxybenzaldehyde,COC1=C(C=CC(=C1)C=O)O,C8H8O3,152.04734412,1,1,False
COc1cc(CCC=CC(=O)CCc2ccc(O)c(OC)c2)ccc1O,Gingerenone A,Gingerenone A,5281775,5281775,Zingiber officinale,Zingiber officinale,"(E)-1,7-bis(4-hydroxy-3-methoxyphenyl)hept-4-en-3-one",COC1=C(C=CC(=C1)CC/C=C/C(=O)CCC2=CC(=C(C=C2)O)OC)O,C21H24O5,356.16237388,1,1,False
C=CCc1ccc(O)c(OC)c1,Eugenol,Eugenol,3314,3314,Zingiber officinale,Zingiber officinale,2-methoxy-4-prop-2-enylphenol,COC1=C(C=CC(=C1)CC=C)O,C10H12O2,164.08372963,1,1,False
COc1cc(CCC(=O)C=CCCc2ccc(O)cc2)ccc1O,Gingerenone C,Gingerenone C,5317593,5317593,Zingiber officinale,Zingiber officinale,(E)-1-(4-hydroxy-3-methoxyphenyl)-7-(4-hydroxyphenyl)hept-4-en-3-one,COC1=C(C=CC(=C1)CCC(=O)/C=C/CCC2=CC=C(C=C2)O)O,C20H22O4,326.15180919,1,1,False
COc1cc(CCC(=O)C=CCCc2ccc(O)c(O)c2)ccc1O,"7-(3,4-Dihydroxyphenyl)-1-(4-hydroxy-3-methoxyphenyl)-4-hepten-3-one","7-(3,4-Dihydroxyphenyl)-1-(4-hydroxy-3-methoxyphenyl)-4-hepten-3-one",129882925,129882925,Zingiber officinale,Zingiber officinale,"7-(3,4-dihydroxyphenyl)-1-(4-hydroxy-3-methoxyphenyl)hept-4-en-3-one",COC1=C(C=CC(=C1)CCC(=O)C=CCCC2=CC(=C(C=C2)O)O)O,C20H22O5,342.14672381,1,1,False
COc1cc(C=CC(=O)CC(=O)CCc2ccc(O)c(OC)c2)ccc1O,Dihydrocurcumin,Dihydrocurcumin,10429233,10429233,Zingiber officinale,Zingiber officinale,"(E)-1,7-bis(4-hydroxy-3-methoxyphenyl)hept-1-ene-3,5-dione",COC1=C(C=CC(=C1)CCC(=O)CC(=O)/C=C/C2=CC(=C(C=C2)O)OC)O,C21H22O6,370.14163844,1,1,False
COc1cc(CCC(=O)CC(=O)CCc2ccc(O)c(OC)c2)ccc1O,"1,7-Bis(4-hydroxy-3-methoxyphenyl)-3,5-heptanedione","1,7-Bis(4-hydroxy-3-methoxyphenyl)-3,5-heptanedione",124072,124072,Zingiber officinale,Zingiber officinale,"1,7-bis(4-hydroxy-3-methoxyphenyl)heptane-3,5-dione",COC1=C(C=CC(=C1)CCC(=O)CC(=O)CCC2=CC(=C(C=C2)O)OC)O,C21H24O6,372.1572885,1,1,False
COc1cc(CCC(=O)CC(O)CCc2ccc(O)c(O)c2)ccc1O,"7-(3,4-Dihydroxyphenyl)-5-hydroxy-1-(4-hydroxy-3-methoxyphenyl)-3-heptanone","7-(3,4-Dihydroxyphenyl)-5-hydroxy-1-(4-hydroxy-3-methoxyphenyl)-3-heptanone",21577376,21577376,Zingiber officinale,Zingiber officinale,"7-(3,4-dihydroxyphenyl)-5-hydroxy-1-(4-hydroxy-3-methoxyphenyl)heptan-3-one",COC1=C(C=CC(=C1)CCC(=O)CC(CCC2=CC(=C(C=C2)O)O)O)O,C20H24O6,360.1572885,1,1,False
COc1cc(CCC(=O)O)ccc1O,Dihydroferulic acid,Dihydroferulic acid,14340,14340,Zingiber officinale,Zingiber officinale,3-(4-hydroxy-3-methoxyphenyl)propanoic acid,COC1=C(C=CC(=C1)CCC(=O)O)O,C10H12O4,196.07355887,1,1,False
COC(=O)CCc1ccc(O)c(OC)c1,Methyl hydroferulate,Methyl hydroferulate,523498,523498,Zingiber officinale,Zingiber officinale,methyl 3-(4-hydroxy-3-methoxyphenyl)propanoate,COC1=C(C=CC(=C1)CCC(=O)OC)O,C11H14O4,210.08920894,1,1,False
COc1cc(CCC(=O)CC(O)CCc2ccc(O)c(OC)c2)ccc1O,Hexahydrocurcumin,Hexahydrocurcumin,5318039,5318039,Zingiber officinale,Zingiber officinale,"5-hydroxy-1,7-bis(4-hydroxy-3-methoxyphenyl)heptan-3-one",COC1=C(C=CC(=C1)CCC(CC(=O)CCC2=CC(=C(C=C2)O)OC)O)O,C21H26O6,374.17293856,1,1,False
COc1cc(O)c2c(=O)c(OC)c(-c3ccccc3)oc2c1,"5-Hydroxy-3,7-dimethoxyflavone","5-Hydroxy-3,7-dimethoxyflavone",5748697,5748697,Zingiber officinale,Zingiber officinale,"5-hydroxy-3,7-dimethoxy-2-phenylchromen-4-one",COC1=CC(=C2C(=C1)OC(=C(C2=O)OC)C3=CC=CC=C3)O,C17H14O5,298.08412356,1,1,False
COc1cc(O)c2c(=O)cc(-c3ccccc3)oc2c1,Tectochrysin,Tectochrysin,5281954,5281954,Zingiber officinale,Zingiber officinale,5-hydroxy-7-methoxy-2-phenylchromen-4-one,COC1=CC(=C2C(=C1)OC(=CC2=O)C3=CC=CC=C3)O,C16H12O4,268.07355887,1,1,False
COc1cc(CCC(=O)C=CCCc2cc(OC)c(O)c(OC)c2)ccc1O,Gingerenone B,Gingerenone B,5317592,5317592,Zingiber officinale,Zingiber officinale,"(E)-7-(4-hydroxy-3,5-dimethoxyphenyl)-1-(4-hydroxy-3-methoxyphenyl)hept-4-en-3-one",COC1=CC(=CC(=C1O)OC)CC/C=C/C(=O)CCC2=CC(=C(C=C2)O)OC,C22H26O6,386.17293856,1,1,False
COc1cc(CCC=CC(=O)CCc2cc(OC)c(O)c(OC)c2)ccc1O,Isogingerenone B,Isogingerenone B,5318568,5318568,Zingiber officinale,Zingiber officinale,"(E)-1-(4-hydroxy-3,5-dimethoxyphenyl)-7-(4-hydroxy-3-methoxyphenyl)hept-4-en-3-one",COC1=CC(=CC(=C1O)OC)CCC(=O)/C=C/CCC2=CC(=C(C=C2)O)OC,C22H26O6,386.17293856,1,1,False
COc1cc(CCC(O)CC(=O)CCc2cc(OC)c(O)c(OC)c2)ccc1O,"5-Hydroxy-1-(4-hydroxy-3,5-dimethoxyphenyl)-7-(4-hydroxy-3-methoxyphenyl)-3-heptanone","5-Hydroxy-1-(4-hydroxy-3,5-dimethoxyphenyl)-7-(4-hydroxy-3-methoxyphenyl)-3-heptanone | 5-Hydroxy-7-(4-hydroxy-3,5-dimethoxyphenyl)-1-(4-hydroxy-3-methoxyphenyl)-3-heptanone",15118817,15118817,Zingiber officinale,Zingiber officinale,"5-hydroxy-1-(4-hydroxy-3,5-dimethoxyphenyl)-7-(4-hydroxy-3-methoxyphenyl)heptan-3-one",COC1=CC(=CC(=C1O)OC)CCC(=O)CC(CCC2=CC(=C(C=C2)O)OC)O,C22H28O7,404.18350325,2,1,False
C=CCc1cc(OC)c2c(c1)OCO2,Myristicin,Myristicin,4276,4276,Zingiber officinale,Zingiber officinale,"4-methoxy-6-prop-2-enyl-1,3-benzodioxole",COC1=CC(=CC2=C1OCO2)CC=C,C11H12O3,192.07864425,1,1,False
COc1ccc(-c2oc3cc(OC)cc(O)c3c(=O)c2OC)cc1,"3,7,4'-Tri-O-methylkaempferol","3,7,4'-Tri-O-methylkaempferol",5468749,5468749,Zingiber officinale,Zingiber officinale,"5-hydroxy-3,7-dimethoxy-2-(4-methoxyphenyl)chromen-4-one",COC1=CC=C(C=C1)C2=C(C(=O)C3=C(C=C(C=C3O2)OC)O)OC,C18H16O6,328.09468824,1,1,False
COc1ccc(-c2oc3cc(OC)cc(OC)c3c(=O)c2OC)cc1,"3,5,7,4'-Tetramethoxyflavone","3,5,7,4'-Tetramethoxyflavone",631095,631095,Zingiber officinale,Zingiber officinale,"3,5,7-trimethoxy-2-(4-methoxyphenyl)chromen-4-one",COC1=CC=C(C=C1)C2=C(C(=O)C3=C(O2)C=C(C=C3OC)OC)OC,C19H18O6,342.11033831,1,1,False
COc1ccc(-c2cc(=O)c3c(OC)cc(OC)cc3o2)cc1,"5,7,4'-Trimethoxyflavone","5,7,4'-Trimethoxyflavone",79730,79730,Zingiber officinale,Zingiber officinale,"5,7-dimethoxy-2-(4-methoxyphenyl)chromen-4-one",COC1=CC=C(C=C1)C2=CC(=O)C3=C(O2)C=C(C=C3OC)OC,C18H16O5,312.09977362,1,1,False
COc1cc(OC)c2c(=O)c(OC)c(-c3ccccc3)oc2c1,"Galangin 3,5,7-trimethyl ether","Galangin 3,5,7-trimethyl ether",117900,117900,Zingiber officinale,Zingiber officinale,"3,5,7-trimethoxy-2-phenylchromen-4-one",COC1=CC2=C(C(=C1)OC)C(=O)C(=C(O2)C3=CC=CC=C3)OC,C18H16O5,312.09977362,1,1,False
COc1cc(OC)c2c(=O)cc(-c3ccccc3)oc2c1,"5,7-Dimethoxyflavone","5,7-Dimethoxyflavone",88881,88881,Zingiber officinale,Zingiber officinale,"5,7-dimethoxy-2-phenylchromen-4-one",COC1=CC2=C(C(=C1)OC)C(=O)C=C(O2)C3=CC=CC=C3,C17H14O4,282.08920894,1,1,False
C=CCSC,Methyl allyl sulfide,Methyl allyl sulfide,66282,66282,Zingiber officinale,Zingiber officinale,3-methylsulfanylprop-1-ene,CSCC=C,C4H8S,88.03467099,1,1,False
CC1=CCC23CC1C(C)(C)C2CCC3C,alpha-Cedrene,alpha-Cedrene,6431015,6431015,Zingiber officinale,Zingiber officinale,"(1S,2R,5S,7S)-2,6,6,8-tetramethyltricyclo[5.3.1.01,5]undec-8-ene",C[C@@H]1CC[C@@H]2[C@]13CC=C([C@H](C3)C2(C)C)C,C15H24,204.18780077,1,1,False
C=CC(C)(O)CCCC(=C)C,alpha-Linalool,alpha-Linalool,69016,69016,Zingiber officinale,Zingiber officinale,"3,7-dimethylocta-1,7-dien-3-ol",CC(=C)CCCC(C)(C=C)O,C10H18O,154.1357652,1,1,False
C=CC(C)=CCC=C(C)CCC=C(C)C,alpha-Farnesene,alpha-Farnesene,5281516,5281516,Zingiber officinale,Zingiber officinale,"(3E,6E)-3,7,11-trimethyldodeca-1,3,6,10-tetraene",CC(=CCC/C(=C/C/C=C(\C)/C=C)/C)C,C15H24,204.18780077,1,1,False
CC(C)C1CCC2(C)C3CC4C(C13)C42C,(+)-Cyclosativene,(+)-Cyclosativene,138394132,138394132,Zingiber officinale,Zingiber officinale,"(1S,4S,6R,7R,8S)-1,2-dimethyl-8-propan-2-yltetracyclo[4.4.0.02,4.03,7]decane",CC(C)[C@@H]1CC[C@]2([C@H]3[C@@H]1C4C2([C@H]4C3)C)C,C15H24,204.18780077,1,1,False
C=C1CCC2(C(C)C)CC12,4(10)-Thujene,4(10)-Thujene,18818,18818,Zingiber officinale,Zingiber officinale,4-methylidene-1-propan-2-ylbicyclo[3.1.0]hexane,CC(C)C12CCC(=C)C1C2,C10H16,136.12520051,1,1,False
C=C1C2CCC(C2)C1(C)C,Camphene,Camphene,6616,6616,Zingiber officinale,Zingiber officinale,"2,2-dimethyl-3-methylidenebicyclo[2.2.1]heptane",CC1(C2CCC(C2)C1=C)C,C10H16,136.12520051,1,1,False
CCCCCCCC(O)CC(=O)CCc1ccc(O)c(OC)c1,(S)-8-Gingerol,(S)-8-Gingerol,5275725,5275725,Zingiber officinale,Zingiber officinale,5-hydroxy-1-(4-hydroxy-3-methoxyphenyl)dodecan-3-one,CCCCCCCC(CC(=O)CCC1=CC(=C(C=C1)O)OC)O,C19H30O4,322.21440945,1,1,False
CCCCCCCCC(=O)CCc1ccc(O)c(OC)c1,[7]-Paradol,[7]-Paradol,13733135,13733135,Zingiber officinale,Zingiber officinale,1-(4-hydroxy-3-methoxyphenyl)undecan-3-one,CCCCCCCCC(=O)CCC1=CC(=C(C=C1)O)OC,C18H28O3,292.20384476,1,1,False
CCCCCCCCCC(C)=O,2-Undecanone,2-Undecanone,8163,8163,Zingiber officinale,Zingiber officinale,undecan-2-one,CCCCCCCCCC(=O)C,C11H22O,170.16706532,1,1,False
O=C(CCc1ccc(O)c(O)c1)CC(CCc1ccc(O)c(O)c1)S(=O)(=O)O,Shogasulfonic acid C,Shogasulfonic acid C,101232217,101232217,Zingiber officinale,Zingiber officinale,"1,7-bis(3,4-dihydroxyphenyl)-5-oxoheptane-3-sulfonic acid",C1=CC(=C(C=C1CCC(CC(=O)CCC2=CC(=C(C=C2)O)O)S(=O)(=O)O)O)O,C19H22O8S,410.10353841,1,1,False
CCCC(CC(=O)CCc1ccc(O)c(OC)c1)S(=O)(=O)O,4-Gingesulfonic acid,4-Gingesulfonic acid,22298189,22298189,Zingiber officinale,Zingiber officinale,8-(4-hydroxy-3-methoxyphenyl)-6-oxooctane-4-sulfonic acid,CCCC(CC(=O)CCC1=CC(=C(C=C1)O)OC)S(=O)(=O)O,C15H22O6S,330.11370917,1,1,False
CCCCCC(CC(=O)CCc1ccc(O)c(OC)c1)S(=O)(=O)O,6-Gingesulfonic acid,6-Gingesulfonic acid,126890,126890,Zingiber officinale,Zingiber officinale,1-(4-hydroxy-3-methoxyphenyl)-3-oxodecane-5-sulfonic acid,CCCCCC(CC(=O)CCC1=CC(=C(C=C1)O)OC)S(=O)(=O)O,C17H26O6S,358.14500929,1,1,False
COc1cc(CCC(=O)CC(CCc2ccc(O)c(O)c2)S(=O)(=O)O)ccc1O,Shogasulfonic acid B,Shogasulfonic acid B,101232216,101232216,Zingiber officinale,Zingiber officinale,"1-(3,4-dihydroxyphenyl)-7-(4-hydroxy-3-methoxyphenyl)-5-oxoheptane-3-sulfonic acid",COC1=C(C=CC(=C1)CCC(=O)CC(CCC2=CC(=C(C=C2)O)O)S(=O)(=O)O)O,C20H24O8S,424.11918847,1,1,False
COc1cc(CCC(=O)CC(CCc2ccc(O)c(OC)c2)S(=O)(=O)O)ccc1O,Shogasulfonic acid A,Shogasulfonic acid A,10388428,10388428,Zingiber officinale,Zingiber officinale,"1,7-bis(4-hydroxy-3-methoxyphenyl)-5-oxoheptane-3-sulfonic acid",COC1=C(C=CC(=C1)CCC(CC(=O)CCC2=CC(=C(C=C2)O)OC)S(=O)(=O)O)O,C21H26O8S,438.13483854,1,1,False
COc1cc(CCC(=O)CC(CCc2cc(O)c(O)c(OC)c2)S(=O)(=O)O)cc(O)c1O,Shogasulfonic acid D,Shogasulfonic acid D,101232218,101232218,Zingiber officinale,Zingiber officinale,"1,7-bis(3,4-dihydroxy-5-methoxyphenyl)-5-oxoheptane-3-sulfonic acid",COC1=CC(=CC(=C1O)O)CCC(CC(=O)CCC2=CC(=C(C(=C2)OC)O)O)S(=O)(=O)O,C21H26O10S,470.12466778,1,1,False
