can,ndd_rank,Metabolite,Metabolite_all,Organism,Organism_all,PubChem_ID,PubChem_ID_all,Molecular_formula,identity_ambiguous,ndd_prob,SMILES,[Absorption/Caco-2 (logPaap)] Predictions,[Absorption/Caco-2 (logPaap)] Interpretation,[Absorption/Human Oral Bioavailability 20%] Predictions,[Absorption/Human Oral Bioavailability 20%] Probability,[Absorption/Human Oral Bioavailability 20%] Interpretation,[Absorption/Human Intestinal Absorption] Predictions,[Absorption/Human Intestinal Absorption] Probability,[Absorption/Human Intestinal Absorption] Interpretation,[Absorption/Madin-Darby Canine Kidney] Predictions,[Absorption/Madin-Darby Canine Kidney] Interpretation,[Absorption/Human Oral Bioavailability 50%] Predictions,[Absorption/Human Oral Bioavailability 50%] Probability,[Absorption/Human Oral Bioavailability 50%] Interpretation,[Absorption/P-Glycoprotein Inhibitor] Predictions,[Absorption/P-Glycoprotein Inhibitor] Probability,[Absorption/P-Glycoprotein Inhibitor] Interpretation,[Absorption/P-Glycoprotein Substrate] Predictions,[Absorption/P-Glycoprotein Substrate] Probability,[Absorption/P-Glycoprotein Substrate] Interpretation,[Absorption/Skin Permeability] Predictions,[Absorption/Skin Permeability] Interpretation,[Distribution/Blood-Brain Barrier (Central Nervous System)] Predictions,[Distribution/Blood-Brain Barrier (Central Nervous System)] Interpretation,[Distribution/Blood-Brain Barrier] Predictions,[Distribution/Blood-Brain Barrier] Probability,[Distribution/Blood-Brain Barrier] Interpretation,[Distribution/Fraction Unbound (Human)] Predictions,[Distribution/Fraction Unbound (Human)] Interpretation,[Distribution/Plasma Protein Binding] Predictions,[Distribution/Plasma Protein Binding] Interpretation,[Distribution/Steady State Volume of Distribution] Predictions,[Distribution/Steady State Volume of Distribution] Interpretation,[Metabolism/Breast Cancer Resistance Protein] Predictions,[Metabolism/Breast Cancer Resistance Protein] Probability,[Metabolism/Breast Cancer Resistance Protein] Interpretation,[Metabolism/CYP 1A2 Inhibitor] Predictions,[Metabolism/CYP 1A2 Inhibitor] Probability,[Metabolism/CYP 1A2 Inhibitor] Interpretation,[Metabolism/CYP 1A2_substrate] Predictions,[Metabolism/CYP 1A2_substrate] Probability,[Metabolism/CYP 1A2_substrate] Interpretation,[Metabolism/CYP 2C19 Inhibitor] Predictions,[Metabolism/CYP 2C19 Inhibitor] Probability,[Metabolism/CYP 2C19 Inhibitor] Interpretation,[Metabolism/CYP 2C19_substrate] Predictions,[Metabolism/CYP 2C19_substrate] Probability,[Metabolism/CYP 2C19_substrate] Interpretation,[Metabolism/CYP 2C9 Inhibitor] Predictions,[Metabolism/CYP 2C9 Inhibitor] Probability,[Metabolism/CYP 2C9 Inhibitor] Interpretation,[Metabolism/CYP 2C9 Substrate] Predictions,[Metabolism/CYP 2C9 Substrate] Probability,[Metabolism/CYP 2C9 Substrate] Interpretation,[Metabolism/CYP 2D6 Inhibitor] Predictions,[Metabolism/CYP 2D6 Inhibitor] Probability,[Metabolism/CYP 2D6 Inhibitor] Interpretation,[Metabolism/CYP 2D6 Substrate] Predictions,[Metabolism/CYP 2D6 Substrate] Probability,[Metabolism/CYP 2D6 Substrate] Interpretation,[Metabolism/CYP 3A4 Inhibitor] Predictions,[Metabolism/CYP 3A4 Inhibitor] Probability,[Metabolism/CYP 3A4 Inhibitor] Interpretation,[Metabolism/CYP 3A4 Substrate] Predictions,[Metabolism/CYP 3A4 Substrate] Probability,[Metabolism/CYP 3A4 Substrate] Interpretation,[Metabolism/OATP1B1] Predictions,[Metabolism/OATP1B1] Probability,[Metabolism/OATP1B1] Interpretation,[Metabolism/OATP1B3] Predictions,[Metabolism/OATP1B3] Probability,[Metabolism/OATP1B3] Interpretation,[Excretion/Clearance] Predictions,[Excretion/Clearance] Interpretation,[Excretion/Organic Cation Transporter 2] Predictions,[Excretion/Organic Cation Transporter 2] Probability,[Excretion/Organic Cation Transporter 2] Interpretation,[Excretion/Half-Life of Drug] Predictions,[Excretion/Half-Life of Drug] Probability,[Excretion/Half-Life of Drug] Interpretation,[Toxicity/AMES Mutagenesis] Predictions,[Toxicity/AMES Mutagenesis] Probability,[Toxicity/AMES Mutagenesis] Interpretation,[Toxicity/Avian] Predictions,[Toxicity/Avian] Probability,[Toxicity/Avian] Interpretation,[Toxicity/Bee] Predictions,[Toxicity/Bee] Probability,[Toxicity/Bee] Interpretation,[Toxicity/Bioconcentration Factor] Predictions,[Toxicity/Bioconcentration Factor] Interpretation,[Toxicity/Biodegradation] Predictions,[Toxicity/Biodegradation] Probability,[Toxicity/Biodegradation] Interpretation,[Toxicity/Carcinogenesis] Predictions,[Toxicity/Carcinogenesis] Probability,[Toxicity/Carcinogenesis] Interpretation,[Toxicity/Crustacean] Predictions,[Toxicity/Crustacean] Probability,[Toxicity/Crustacean] Interpretation,[Toxicity/Liver Injury I (DILI)] Predictions,[Toxicity/Liver Injury I (DILI)] Probability,[Toxicity/Liver Injury I (DILI)] Interpretation,[Toxicity/Eye Corrosion] Predictions,[Toxicity/Eye Corrosion] Probability,[Toxicity/Eye Corrosion] Interpretation,[Toxicity/Eye irritation] Predictions,[Toxicity/Eye irritation] Probability,[Toxicity/Eye irritation] Interpretation,[Toxicity/Maximum Tolerated Dose] Predictions,[Toxicity/Maximum Tolerated Dose] Interpretation,[Toxicity/Liver Injury II] Predictions,[Toxicity/Liver Injury II] Probability,[Toxicity/Liver Injury II] Interpretation,[Toxicity/hERG Blockers] Predictions,[Toxicity/hERG Blockers] Probability,[Toxicity/hERG Blockers] Interpretation,[Toxicity/Daphnia Maga] Predictions,[Toxicity/Daphnia Maga] Interpretation,[Toxicity/Micronucleos] Predictions,[Toxicity/Micronucleos] Probability,[Toxicity/Micronucleos] Interpretation,[Toxicity/NR-AhR] Predictions,[Toxicity/NR-AhR] Probability,[Toxicity/NR-AhR] Interpretation,[Toxicity/NR-AR] Predictions,[Toxicity/NR-AR] Probability,[Toxicity/NR-AR] Interpretation,[Toxicity/NR-AR-LBD] Predictions,[Toxicity/NR-AR-LBD] Probability,[Toxicity/NR-AR-LBD] Interpretation,[Toxicity/NR-Aromatase] Predictions,[Toxicity/NR-Aromatase] Probability,[Toxicity/NR-Aromatase] Interpretation,[Toxicity/NR-ER] Predictions,[Toxicity/NR-ER] Probability,[Toxicity/NR-ER] Interpretation,[Toxicity/NR-ER-LBD] Predictions,[Toxicity/NR-ER-LBD] Probability,[Toxicity/NR-ER-LBD] Interpretation,[Toxicity/NR-GR] Predictions,[Toxicity/NR-GR] Probability,[Toxicity/NR-GR] Interpretation,[Toxicity/NR-PPAR-gamma] Predictions,[Toxicity/NR-PPAR-gamma] Probability,[Toxicity/NR-PPAR-gamma] Interpretation,[Toxicity/NR-TR] Predictions,[Toxicity/NR-TR] Probability,[Toxicity/NR-TR] Interpretation,[Toxicity/T. Pyriformis] Predictions,[Toxicity/T. Pyriformis] Interpretation,[Toxicity/Rat (Acute)] Predictions,[Toxicity/Rat (Acute)] Interpretation,[Toxicity/Rat (Chronic Oral)] Predictions,[Toxicity/Rat (Chronic Oral)] Interpretation,[Toxicity/Fathead Minnow] Predictions,[Toxicity/Fathead Minnow] Interpretation,[Toxicity/Respiratory Disease] Predictions,[Toxicity/Respiratory Disease] Probability,[Toxicity/Respiratory Disease] Interpretation,[Toxicity/Skin Sensitisation] Predictions,[Toxicity/Skin Sensitisation] Probability,[Toxicity/Skin Sensitisation] Interpretation,[Toxicity/SR-ARE] Predictions,[Toxicity/SR-ARE] Probability,[Toxicity/SR-ARE] Interpretation,[Toxicity/SR-ATAD5] Predictions,[Toxicity/SR-ATAD5] Probability,[Toxicity/SR-ATAD5] Interpretation,[Toxicity/SR-HSE] Predictions,[Toxicity/SR-HSE] Probability,[Toxicity/SR-HSE] Interpretation,[Toxicity/SR-MMP] Predictions,[Toxicity/SR-MMP] Probability,[Toxicity/SR-MMP] Interpretation,[Toxicity/SR-p53] Predictions,[Toxicity/SR-p53] Probability,[Toxicity/SR-p53] Interpretation,[General Properties/Boiling Point] Predictions,[General Properties/Boiling Point] Interpretation,[General Properties/Hydration Free Energy] Predictions,[General Properties/Hydration Free Energy] Interpretation,[General Properties/Log(D) at pH=7.4] Predictions,[General Properties/Log(D) at pH=7.4] Interpretation,[General Properties/Log(P)] Predictions,[General Properties/Log(P)] Interpretation,[General Properties/Log S] Predictions,[General Properties/Log S] Interpretation,[General Properties/Log(Vapor Pressure)] Predictions,[General Properties/Log(Vapor Pressure)] Interpretation,[General Properties/Melting Point] Predictions,[General Properties/Melting Point] Interpretation,[General Properties/pKa Acid] Predictions,[General Properties/pKa Acid] Interpretation,[General Properties/pKa Basic] Predictions,[General Properties/pKa Basic] Interpretation,MW,cLogP,TPSA,HBD,HBA,RotB,pass_oral,pass_inhalation_core,pass_inhalation_safety
COC1OC(OC(=O)c2cc(O)c(O)c(O)c2)C(O)C(O)C1O,1,Glucogallin,Glucogallin,Phyllanthus niruri,Phyllanthus niruri,124375,124375,C13H16O10,False,0.9947855,COC1OC(OC(=O)c2cc(O)c(O)c(O)c2)C(O)C(O)C1O,-6.16,,Non-Bioavailable,0.394,Non-Bioavailable  (Low Confidence),Non-Absorbed,0.256,Non-Absorbed  (Medium Confidence),-5.38,Proper Value:  > 2 x 10-6cm/s,Non-Bioavailable,0.197,Non-Bioavailable  (Medium Confidence),Non-Inhibitor,0.0,Non-Inhibitor  (High Confidence),Non-Substrate,0.288,Non-Substrate  (Medium Confidence),-1.3,Low Skin Permeability: log KP > -2.5,-3.97,- ,Non-Penetrable,0.001,Non-Penetrable  (High Confidence),0.46,,4.23,Proper Value: therapeutic index < 90 perc; Poor Value value > 90 perc,0.52,Low Value: < 0.71 L/kg (log VDss < -0.15); High Value > 2.81 L/kg (log VDss > 0.45).,Non-Inhibitor,0.02,Non-Inhibitor  (High Confidence),Non-Inhibitor,0.364,Non-Inhibitor  (Low Confidence),Non-Substrate,0.016,Non-Substrate  (High Confidence),Non-Inhibitor,0.013,Non-Inhibitor  (High Confidence),Non-Substrate,0.338,Non-Substrate  (Low Confidence),Non-Inhibitor,0.035,Non-Inhibitor  (High Confidence),Non-Substrate,0.0,Non-Substrate  (High Confidence),Non-Inhibitor,0.0,Non-Inhibitor  (High Confidence),Non-Substrate,0.183,Non-Substrate  (Medium Confidence),Non-Inhibitor,0.024,Non-Inhibitor  (High Confidence),Non-Substrate,0.001,Non-Substrate  (High Confidence),Non-Inhibitor,0.073,Non-Inhibitor  (High Confidence),Non-Inhibitor,0.08,Non-Inhibitor  (High Confidence),11.97,,Non-Inhibitor,0.043,Non-Inhibitor  (High Confidence),Half-Life >= 3hs,0.751,Half-Life >= 3hs  (Medium Confidence),Safe,0.156,Safe  (High Confidence),Safe,0.002,Safe  (High Confidence),Safe,0.375,Safe  (Low Confidence),-1.84,,Toxic,0.997,Toxic  (High Confidence),Safe,0.057,Safe  (High Confidence),Safe,0.001,Safe  (High Confidence),Safe,0.463,Safe  (Low Confidence),Safe,0.0,Safe  (High Confidence),Safe,0.173,Safe  (Medium Confidence),1.02,MTRD <= 0.477: Low<br/>&nbsp;&nbsp;<br/>&nbsp;&nbsp;MTRD > 0.477: High,Safe,0.297,Safe  (Medium Confidence),Safe,0.0,Safe  (High Confidence),5.35,,Toxic,0.935,Toxic  (High Confidence),Safe,0.06,Safe  (High Confidence),Safe,0.04,Safe  (High Confidence),Safe,0.005,Safe  (High Confidence),Safe,0.0,Safe  (High Confidence),Safe,0.059,Safe  (High Confidence),Safe,0.042,Safe  (High Confidence),Safe,0.035,Safe  (High Confidence),Safe,0.0,Safe  (High Confidence),Safe,0.0,Safe  (High Confidence),3.67,PIGC50% > -0.5 log ug/L: toxic,1.67,,3.79,,3.55,LC50% < 0.5mM <br/>&nbsp;&nbsp;<br/>&nbsp;&nbsp; (log LC50% < -0.3) = <br/>&nbsp;&nbsp;<br/>&nbsp;&nbsp; High Acute Toxicity,Safe,0.245,Safe  (Medium Confidence),Toxic,0.586,Toxic  (Low Confidence),Safe,0.055,Safe  (High Confidence),Safe,0.0,Safe  (High Confidence),Safe,0.001,Safe  (High Confidence),Safe,0.001,Safe  (High Confidence),Safe,0.337,Safe  (Low Confidence),472.44,BP<25: gas,-14.8,,-0.77,Proper Value: 1 to 3 log mol/L,-1.17,Proper Value: 0 to 3 log mol/L,-2.39,Proper Value: -4 to 0.5 log mol/L,-10.32,Vapor (Gas) Phase: log vp < 4; Vapor and Particulate Phase: 5 =< log vp < 8; Solid Phase: log vp > 8 ,169.45,MP<25: liquid; MP>25:solid,5.07,,5.84,,332.26,-1.63,166.14,6.0,10.0,3.0,False,True,True
O=C(C=Cc1ccc(O)c(O)c1)OC1CC(C(=O)O)=CC(O)C1O,2,5-O-Caffeoylshikimic acid,5-O-Caffeoylshikimic acid,Zingiber officinale,Zingiber officinale,5281762,5281762,C16H16O8,False,0.99402934,O=C(C=Cc1ccc(O)c(O)c1)OC1CC(C(=O)O)=CC(O)C1O,-6.23,,Non-Bioavailable,0.379,Non-Bioavailable  (Low Confidence),Absorbed,0.915,Absorbed  (High Confidence),-4.94,Proper Value:  > 2 x 10-6cm/s,Non-Bioavailable,0.33,Non-Bioavailable  (Medium Confidence),Non-Inhibitor,0.0,Non-Inhibitor  (High Confidence),Non-Substrate,0.183,Non-Substrate  (Medium Confidence),-2.36,Low Skin Permeability: log KP > -2.5,-2.69,- ,Non-Penetrable,0.001,Non-Penetrable  (High Confidence),0.73,,2.96,Proper Value: therapeutic index < 90 perc; Poor Value value > 90 perc,0.43,Low Value: < 0.71 L/kg (log VDss < -0.15); High Value > 2.81 L/kg (log VDss > 0.45).,Non-Inhibitor,0.079,Non-Inhibitor  (High Confidence),Non-Inhibitor,0.019,Non-Inhibitor  (High Confidence),Non-Substrate,0.028,Non-Substrate  (High Confidence),Non-Inhibitor,0.046,Non-Inhibitor  (High Confidence),Non-Substrate,0.252,Non-Substrate  (Medium Confidence),Non-Inhibitor,0.001,Non-Inhibitor  (High Confidence),Substrate,0.879,Substrate  (High Confidence),Non-Inhibitor,0.005,Non-Inhibitor  (High Confidence),Non-Substrate,0.242,Non-Substrate  (Medium Confidence),Non-Inhibitor,0.008,Non-Inhibitor  (High Confidence),Non-Substrate,0.002,Non-Substrate  (High Confidence),Non-Inhibitor,0.242,Non-Inhibitor  (Medium Confidence),Non-Inhibitor,0.147,Non-Inhibitor  (High Confidence),10.72,,Non-Inhibitor,0.033,Non-Inhibitor  (High Confidence),Half-Life >= 3hs,0.744,Half-Life >= 3hs  (Medium Confidence),Safe,0.016,Safe  (High Confidence),Safe,0.023,Safe  (High Confidence),Safe,0.251,Safe  (Medium Confidence),-1.61,,Toxic,0.825,Toxic  (Medium Confidence),Safe,0.317,Safe  (Medium Confidence),Safe,0.005,Safe  (High Confidence),Toxic,0.548,Toxic  (Low Confidence),Safe,0.0,Safe  (High Confidence),Safe,0.2,Safe  (Medium Confidence),0.31,MTRD <= 0.477: Low<br/>&nbsp;&nbsp;<br/>&nbsp;&nbsp;MTRD > 0.477: High,Safe,0.5,Safe  (Low Confidence),Safe,0.001,Safe  (High Confidence),5.54,,Toxic,0.863,Toxic  (High Confidence),Safe,0.031,Safe  (High Confidence),Safe,0.102,Safe  (High Confidence),Safe,0.038,Safe  (High Confidence),Safe,0.0,Safe  (High Confidence),Safe,0.141,Safe  (High Confidence),Safe,0.057,Safe  (High Confidence),Safe,0.446,Safe  (Low Confidence),Safe,0.004,Safe  (High Confidence),Safe,0.002,Safe  (High Confidence),0.98,PIGC50% > -0.5 log ug/L: toxic,1.72,,3.11,,4.01,LC50% < 0.5mM <br/>&nbsp;&nbsp;<br/>&nbsp;&nbsp; (log LC50% < -0.3) = <br/>&nbsp;&nbsp;<br/>&nbsp;&nbsp; High Acute Toxicity,Toxic,0.566,Toxic  (Low Confidence),Toxic,0.624,Toxic  (Low Confidence),Safe,0.38,Safe  (Low Confidence),Safe,0.004,Safe  (High Confidence),Safe,0.057,Safe  (High Confidence),Safe,0.086,Safe  (High Confidence),Safe,0.0,Safe  (High Confidence),484.13,BP<25: gas,-14.63,,-1.18,Proper Value: 1 to 3 log mol/L,0.49,Proper Value: 0 to 3 log mol/L,-1.96,Proper Value: -4 to 0.5 log mol/L,-10.96,Vapor (Gas) Phase: log vp < 4; Vapor and Particulate Phase: 5 =< log vp < 8; Solid Phase: log vp > 8 ,176.27,MP<25: liquid; MP>25:solid,4.72,,5.53,,336.3,0.16,144.52,5.0,7.0,4.0,False,False,False
O=C(O)C1=COC(OC2OC(CO)C(O)C(O)C2O)C2C(CO)CCC12,3,Adoxosidic acid,Adoxosidic acid,Forsythia suspensa,Forsythia suspensa,13892717,13892717,C16H24O10,False,0.9937115,O=C(O)C1=COC(OC2OC(CO)C(O)C(O)C2O)C2C(CO)CCC12,-5.93,,Bioavailable,0.503,Bioavailable  (Low Confidence),Non-Absorbed,0.493,Non-Absorbed  (Low Confidence),-5.58,Proper Value:  > 2 x 10-6cm/s,Non-Bioavailable,0.324,Non-Bioavailable  (Medium Confidence),Non-Inhibitor,0.0,Non-Inhibitor  (High Confidence),Non-Substrate,0.466,Non-Substrate  (Low Confidence),-1.62,Low Skin Permeability: log KP > -2.5,-3.63,- ,Non-Penetrable,0.0,Non-Penetrable  (High Confidence),0.5,,-0.84,Proper Value: therapeutic index < 90 perc; Poor Value value > 90 perc,0.47,Low Value: < 0.71 L/kg (log VDss < -0.15); High Value > 2.81 L/kg (log VDss > 0.45).,Non-Inhibitor,0.016,Non-Inhibitor  (High Confidence),Inhibitor,0.752,Inhibitor  (Medium Confidence),Non-Substrate,0.009,Non-Substrate  (High Confidence),Non-Inhibitor,0.009,Non-Inhibitor  (High Confidence),Non-Substrate,0.37,Non-Substrate  (Low Confidence),Non-Inhibitor,0.0,Non-Inhibitor  (High Confidence),Non-Substrate,0.0,Non-Substrate  (High Confidence),Non-Inhibitor,0.002,Non-Inhibitor  (High Confidence),Non-Substrate,0.219,Non-Substrate  (Medium Confidence),Non-Inhibitor,0.003,Non-Inhibitor  (High Confidence),Non-Substrate,0.025,Non-Substrate  (High Confidence),Non-Inhibitor,0.182,Non-Inhibitor  (Medium Confidence),Non-Inhibitor,0.186,Non-Inhibitor  (Medium Confidence),3.69,,Non-Inhibitor,0.011,Non-Inhibitor  (High Confidence),Half-Life >= 3hs,0.71,Half-Life >= 3hs  (Medium Confidence),Safe,0.148,Safe  (High Confidence),Safe,0.001,Safe  (High Confidence),Toxic,0.864,Toxic  (High Confidence),-3.24,,Safe,0.424,Safe  (Low Confidence),Safe,0.103,Safe  (High Confidence),Safe,0.0,Safe  (High Confidence),Safe,0.326,Safe  (Medium Confidence),Safe,0.0,Safe  (High Confidence),Safe,0.005,Safe  (High Confidence),0.21,MTRD <= 0.477: Low<br/>&nbsp;&nbsp;<br/>&nbsp;&nbsp;MTRD > 0.477: High,Safe,0.469,Safe  (Low Confidence),Safe,0.0,Safe  (High Confidence),4.43,,Safe,0.385,Safe  (Low Confidence),Safe,0.0,Safe  (High Confidence),Safe,0.143,Safe  (High Confidence),Safe,0.006,Safe  (High Confidence),Safe,0.0,Safe  (High Confidence),Safe,0.057,Safe  (High Confidence),Safe,0.004,Safe  (High Confidence),Safe,0.129,Safe  (High Confidence),Safe,0.0,Safe  (High Confidence),Safe,0.0,Safe  (High Confidence),-3.66,PIGC50% > -0.5 log ug/L: toxic,2.11,,3.33,,3.47,LC50% < 0.5mM <br/>&nbsp;&nbsp;<br/>&nbsp;&nbsp; (log LC50% < -0.3) = <br/>&nbsp;&nbsp;<br/>&nbsp;&nbsp; High Acute Toxicity,Safe,0.456,Safe  (Low Confidence),Safe,0.324,Safe  (Medium Confidence),Safe,0.004,Safe  (High Confidence),Safe,0.0,Safe  (High Confidence),Safe,0.001,Safe  (High Confidence),Safe,0.004,Safe  (High Confidence),Safe,0.001,Safe  (High Confidence),470.99,BP<25: gas,-14.51,,-3.03,Proper Value: 1 to 3 log mol/L,-1.79,Proper Value: 0 to 3 log mol/L,-0.88,Proper Value: -4 to 0.5 log mol/L,-11.67,Vapor (Gas) Phase: log vp < 4; Vapor and Particulate Phase: 5 =< log vp < 8; Solid Phase: log vp > 8 ,153.66,MP<25: liquid; MP>25:solid,3.01,,5.7,,376.36,-2.24,166.14,6.0,9.0,5.0,False,True,True
O=C(C=Cc1ccc(O)c(O)c1)OC(Cc1ccc(O)c(O)c1)C(=O)O,4,Labiatenic acid,Labiatenic acid,Melissa officinalis,Melissa officinalis,5281792,5281792,C18H16O8,False,0.9933397,O=C(C=Cc1ccc(O)c(O)c1)OC(Cc1ccc(O)c(O)c1)C(=O)O,-6.0,,Non-Bioavailable,0.287,Non-Bioavailable  (Medium Confidence),Absorbed,0.939,Absorbed  (High Confidence),-5.03,Proper Value:  > 2 x 10-6cm/s,Non-Bioavailable,0.378,Non-Bioavailable  (Low Confidence),Non-Inhibitor,0.0,Non-Inhibitor  (High Confidence),Non-Substrate,0.118,Non-Substrate  (High Confidence),-4.31,Low Skin Permeability: log KP > -2.5,-2.6,- ,Non-Penetrable,0.0,Non-Penetrable  (High Confidence),1.16,,41.83,Proper Value: therapeutic index < 90 perc; Poor Value value > 90 perc,0.67,Low Value: < 0.71 L/kg (log VDss < -0.15); High Value > 2.81 L/kg (log VDss > 0.45).,Non-Inhibitor,0.061,Non-Inhibitor  (High Confidence),Non-Inhibitor,0.391,Non-Inhibitor  (Low Confidence),Non-Substrate,0.006,Non-Substrate  (High Confidence),Non-Inhibitor,0.282,Non-Inhibitor  (Medium Confidence),Non-Substrate,0.226,Non-Substrate  (Medium Confidence),Non-Inhibitor,0.05,Non-Inhibitor  (High Confidence),Substrate,0.989,Substrate  (High Confidence),Non-Inhibitor,0.0,Non-Inhibitor  (High Confidence),Non-Substrate,0.372,Non-Substrate  (Low Confidence),Non-Inhibitor,0.021,Non-Inhibitor  (High Confidence),Non-Substrate,0.0,Non-Substrate  (High Confidence),Non-Inhibitor,0.218,Non-Inhibitor  (Medium Confidence),Non-Inhibitor,0.098,Non-Inhibitor  (High Confidence),11.1,,Non-Inhibitor,0.001,Non-Inhibitor  (High Confidence),Half-Life >= 3hs,0.684,Half-Life >= 3hs  (Medium Confidence),Safe,0.172,Safe  (Medium Confidence),Safe,0.0,Safe  (High Confidence),Safe,0.095,Safe  (High Confidence),-0.72,,Toxic,0.841,Toxic  (High Confidence),Safe,0.289,Safe  (Medium Confidence),Safe,0.002,Safe  (High Confidence),Toxic,0.561,Toxic  (Low Confidence),Safe,0.0,Safe  (High Confidence),Safe,0.09,Safe  (High Confidence),0.97,MTRD <= 0.477: Low<br/>&nbsp;&nbsp;<br/>&nbsp;&nbsp;MTRD > 0.477: High,Toxic,0.535,Toxic  (Low Confidence),Safe,0.0,Safe  (High Confidence),4.25,,Toxic,0.995,Toxic  (High Confidence),Safe,0.106,Safe  (High Confidence),Safe,0.057,Safe  (High Confidence),Safe,0.014,Safe  (High Confidence),Safe,0.0,Safe  (High Confidence),Safe,0.298,Safe  (Medium Confidence),Safe,0.005,Safe  (High Confidence),Safe,0.137,Safe  (High Confidence),Safe,0.0,Safe  (High Confidence),Safe,0.013,Safe  (High Confidence),3.48,PIGC50% > -0.5 log ug/L: toxic,2.05,,2.7,,3.86,LC50% < 0.5mM <br/>&nbsp;&nbsp;<br/>&nbsp;&nbsp; (log LC50% < -0.3) = <br/>&nbsp;&nbsp;<br/>&nbsp;&nbsp; High Acute Toxicity,Toxic,0.985,Toxic  (High Confidence),Toxic,0.743,Toxic  (Medium Confidence),Safe,0.108,Safe  (High Confidence),Safe,0.0,Safe  (High Confidence),Safe,0.009,Safe  (High Confidence),Safe,0.031,Safe  (High Confidence),Safe,0.0,Safe  (High Confidence),518.32,BP<25: gas,-7.97,,0.15,Proper Value: 1 to 3 log mol/L,1.73,Proper Value: 0 to 3 log mol/L,-2.13,Proper Value: -4 to 0.5 log mol/L,-12.76,Vapor (Gas) Phase: log vp < 4; Vapor and Particulate Phase: 5 =< log vp < 8; Solid Phase: log vp > 8 ,255.13,MP<25: liquid; MP>25:solid,6.32,,4.9,,360.32,1.76,144.52,5.0,7.0,6.0,False,False,False
O=C(C=Cc1ccc(OC(=Cc2ccc(O)c(O)c2)C(=O)O)c(O)c1)OC(Cc1ccc(O)c(O)c1)C(=O)O,5,Melitric acid A,Melitric acid A,Melissa officinalis,Melissa officinalis,10459878,10459878,C27H22O12,False,0.99302435,O=C(C=Cc1ccc(OC(=Cc2ccc(O)c(O)c2)C(=O)O)c(O)c1)OC(Cc1ccc(O)c(O)c1)C(=O)O,-6.14,,Non-Bioavailable,0.088,Non-Bioavailable  (High Confidence),Absorbed,0.677,Absorbed  (Medium Confidence),-5.48,Proper Value:  > 2 x 10-6cm/s,Non-Bioavailable,0.391,Non-Bioavailable  (Low Confidence),Non-Inhibitor,0.0,Non-Inhibitor  (High Confidence),Non-Substrate,0.05,Non-Substrate  (High Confidence),-4.13,Low Skin Permeability: log KP > -2.5,-2.85,- ,Non-Penetrable,0.0,Non-Penetrable  (High Confidence),1.32,,60.81,Proper Value: therapeutic index < 90 perc; Poor Value value > 90 perc,0.4,Low Value: < 0.71 L/kg (log VDss < -0.15); High Value > 2.81 L/kg (log VDss > 0.45).,Non-Inhibitor,0.059,Non-Inhibitor  (High Confidence),Inhibitor,0.899,Inhibitor  (High Confidence),Non-Substrate,0.0,Non-Substrate  (High Confidence),Inhibitor,0.865,Inhibitor  (High Confidence),Non-Substrate,0.151,Non-Substrate  (High Confidence),Non-Inhibitor,0.045,Non-Inhibitor  (High Confidence),Substrate,0.952,Substrate  (High Confidence),Non-Inhibitor,0.0,Non-Inhibitor  (High Confidence),Non-Substrate,0.223,Non-Substrate  (Medium Confidence),Non-Inhibitor,0.016,Non-Inhibitor  (High Confidence),Non-Substrate,0.0,Non-Substrate  (High Confidence),Inhibitor,0.957,Inhibitor  (High Confidence),Non-Inhibitor,0.186,Non-Inhibitor  (Medium Confidence),7.03,,Non-Inhibitor,0.0,Non-Inhibitor  (High Confidence),Half-Life >= 3hs,0.68,Half-Life >= 3hs  (Medium Confidence),Safe,0.001,Safe  (High Confidence),Safe,0.0,Safe  (High Confidence),Safe,0.049,Safe  (High Confidence),-1.55,,Safe,0.282,Safe  (Medium Confidence),Safe,0.246,Safe  (Medium Confidence),Safe,0.0,Safe  (High Confidence),Safe,0.392,Safe  (Low Confidence),Safe,0.0,Safe  (High Confidence),Safe,0.051,Safe  (High Confidence),0.57,MTRD <= 0.477: Low<br/>&nbsp;&nbsp;<br/>&nbsp;&nbsp;MTRD > 0.477: High,Toxic,0.605,Toxic  (Low Confidence),Safe,0.0,Safe  (High Confidence),4.81,,Toxic,1.0,Toxic  (High Confidence),Safe,0.026,Safe  (High Confidence),Safe,0.017,Safe  (High Confidence),Safe,0.008,Safe  (High Confidence),Safe,0.0,Safe  (High Confidence),Safe,0.289,Safe  (Medium Confidence),Safe,0.0,Safe  (High Confidence),Safe,0.016,Safe  (High Confidence),Safe,0.0,Safe  (High Confidence),Safe,0.022,Safe  (High Confidence),-1312.43,PIGC50% > -0.5 log ug/L: toxic,1.96,,2.5,,4.52,LC50% < 0.5mM <br/>&nbsp;&nbsp;<br/>&nbsp;&nbsp; (log LC50% < -0.3) = <br/>&nbsp;&nbsp;<br/>&nbsp;&nbsp; High Acute Toxicity,Toxic,0.997,Toxic  (High Confidence),Toxic,0.667,Toxic  (Low Confidence),Safe,0.028,Safe  (High Confidence),Safe,0.0,Safe  (High Confidence),Safe,0.0,Safe  (High Confidence),Safe,0.0,Safe  (High Confidence),Safe,0.0,Safe  (High Confidence),688.85,BP<25: gas,-3.25,,-1.18,Proper Value: 1 to 3 log mol/L,2.63,Proper Value: 0 to 3 log mol/L,-3.16,Proper Value: -4 to 0.5 log mol/L,-15.39,Vapor (Gas) Phase: log vp < 4; Vapor and Particulate Phase: 5 =< log vp < 8; Solid Phase: log vp > 8 ,337.6,MP<25: liquid; MP>25:solid,5.96,,4.43,,538.46,2.97,211.28,7.0,10.0,10.0,False,False,False
O=C(C=Cc1ccc(O)c2c1C(C(=O)O)C(c1ccc(O)c(O)c1)O2)OC(Cc1ccc(O)c(O)c1)C(=O)O,6,Lithospermic acid,Lithospermic acid,Melissa officinalis,Melissa officinalis,6441498,6441498,C27H22O12,False,0.9930134,O=C(C=Cc1ccc(O)c2c1C(C(=O)O)C(c1ccc(O)c(O)c1)O2)OC(Cc1ccc(O)c(O)c1)C(=O)O,-6.07,,Non-Bioavailable,0.092,Non-Bioavailable  (High Confidence),Absorbed,0.696,Absorbed  (Medium Confidence),-5.44,Proper Value:  > 2 x 10-6cm/s,Non-Bioavailable,0.145,Non-Bioavailable  (High Confidence),Non-Inhibitor,0.0,Non-Inhibitor  (High Confidence),Non-Substrate,0.034,Non-Substrate  (High Confidence),-2.98,Low Skin Permeability: log KP > -2.5,-3.19,- ,Non-Penetrable,0.0,Non-Penetrable  (High Confidence),1.18,,50.45,Proper Value: therapeutic index < 90 perc; Poor Value value > 90 perc,0.36,Low Value: < 0.71 L/kg (log VDss < -0.15); High Value > 2.81 L/kg (log VDss > 0.45).,Non-Inhibitor,0.194,Non-Inhibitor  (Medium Confidence),Inhibitor,0.771,Inhibitor  (Medium Confidence),Non-Substrate,0.0,Non-Substrate  (High Confidence),Inhibitor,0.905,Inhibitor  (High Confidence),Non-Substrate,0.127,Non-Substrate  (High Confidence),Non-Inhibitor,0.291,Non-Inhibitor  (Medium Confidence),Substrate,0.987,Substrate  (High Confidence),Non-Inhibitor,0.001,Non-Inhibitor  (High Confidence),Non-Substrate,0.099,Non-Substrate  (High Confidence),Non-Inhibitor,0.032,Non-Inhibitor  (High Confidence),Non-Substrate,0.0,Non-Substrate  (High Confidence),Inhibitor,0.848,Inhibitor  (High Confidence),Non-Inhibitor,0.345,Non-Inhibitor  (Low Confidence),6.63,,Non-Inhibitor,0.0,Non-Inhibitor  (High Confidence),Half-Life >= 3hs,0.575,Half-Life >= 3hs  (Low Confidence),Safe,0.0,Safe  (High Confidence),Safe,0.0,Safe  (High Confidence),Safe,0.1,Safe  (High Confidence),-1.71,,Safe,0.013,Safe  (High Confidence),Safe,0.353,Safe  (Low Confidence),Safe,0.001,Safe  (High Confidence),Toxic,0.546,Toxic  (Low Confidence),Safe,0.0,Safe  (High Confidence),Safe,0.051,Safe  (High Confidence),0.17,MTRD <= 0.477: Low<br/>&nbsp;&nbsp;<br/>&nbsp;&nbsp;MTRD > 0.477: High,Toxic,0.616,Toxic  (Low Confidence),Safe,0.0,Safe  (High Confidence),4.49,,Toxic,1.0,Toxic  (High Confidence),Safe,0.007,Safe  (High Confidence),Safe,0.027,Safe  (High Confidence),Safe,0.008,Safe  (High Confidence),Safe,0.0,Safe  (High Confidence),Safe,0.255,Safe  (Medium Confidence),Safe,0.0,Safe  (High Confidence),Safe,0.014,Safe  (High Confidence),Safe,0.0,Safe  (High Confidence),Safe,0.014,Safe  (High Confidence),-2078.07,PIGC50% > -0.5 log ug/L: toxic,2.03,,2.9,,6.23,LC50% < 0.5mM <br/>&nbsp;&nbsp;<br/>&nbsp;&nbsp; (log LC50% < -0.3) = <br/>&nbsp;&nbsp;<br/>&nbsp;&nbsp; High Acute Toxicity,Toxic,0.999,Toxic  (High Confidence),Toxic,0.549,Toxic  (Low Confidence),Safe,0.065,Safe  (High Confidence),Safe,0.0,Safe  (High Confidence),Safe,0.001,Safe  (High Confidence),Safe,0.021,Safe  (High Confidence),Safe,0.0,Safe  (High Confidence),650.07,BP<25: gas,-3.3,,-0.96,Proper Value: 1 to 3 log mol/L,2.44,Proper Value: 0 to 3 log mol/L,-2.95,Proper Value: -4 to 0.5 log mol/L,-14.36,Vapor (Gas) Phase: log vp < 4; Vapor and Particulate Phase: 5 =< log vp < 8; Solid Phase: log vp > 8 ,297.53,MP<25: liquid; MP>25:solid,6.2,,4.78,,538.46,2.77,211.28,7.0,10.0,8.0,False,False,False
O=C(C=Cc1ccc(O)c2c1C(C(=O)OC(Cc1ccc(O)c(O)c1)C(=O)O)C(c1ccc(O)c(O)c1)O2)OC(Cc1ccc(O)c(O)c1)C(=O)O,7,Salvianolic acid B,Salvianolic acid B,Melissa officinalis,Melissa officinalis,6451084,6451084,C36H30O16,False,0.9930032,O=C(C=Cc1ccc(O)c2c1C(C(=O)OC(Cc1ccc(O)c(O)c1)C(=O)O)C(c1ccc(O)c(O)c1)O2)OC(Cc1ccc(O)c(O)c1)C(=O)O,-6.2,,Non-Bioavailable,0.021,Non-Bioavailable  (High Confidence),Non-Absorbed,0.22,Non-Absorbed  (Medium Confidence),-1.96,Proper Value:  > 2 x 10-6cm/s,Non-Bioavailable,0.103,Non-Bioavailable  (High Confidence),Non-Inhibitor,0.0,Non-Inhibitor  (High Confidence),Non-Substrate,0.08,Non-Substrate  (High Confidence),580.18,Low Skin Permeability: log KP > -2.5,-2.91,- ,Non-Penetrable,0.0,Non-Penetrable  (High Confidence),1.08,,60.87,Proper Value: therapeutic index < 90 perc; Poor Value value > 90 perc,0.16,Low Value: < 0.71 L/kg (log VDss < -0.15); High Value > 2.81 L/kg (log VDss > 0.45).,Non-Inhibitor,0.06,Non-Inhibitor  (High Confidence),Inhibitor,0.923,Inhibitor  (High Confidence),Non-Substrate,0.0,Non-Substrate  (High Confidence),Inhibitor,0.968,Inhibitor  (High Confidence),Non-Substrate,0.045,Non-Substrate  (High Confidence),Non-Inhibitor,0.067,Non-Inhibitor  (High Confidence),Non-Substrate,0.3,Non-Substrate  (Medium Confidence),Non-Inhibitor,0.0,Non-Inhibitor  (High Confidence),Non-Substrate,0.22,Non-Substrate  (Medium Confidence),Non-Inhibitor,0.034,Non-Inhibitor  (High Confidence),Non-Substrate,0.0,Non-Substrate  (High Confidence),Inhibitor,0.998,Inhibitor  (High Confidence),Inhibitor,0.609,Inhibitor  (Low Confidence),7.06,,Non-Inhibitor,0.0,Non-Inhibitor  (High Confidence),Half-Life >= 3hs,0.613,Half-Life >= 3hs  (Low Confidence),Safe,0.0,Safe  (High Confidence),Safe,0.0,Safe  (High Confidence),Safe,0.054,Safe  (High Confidence),-15.23,,Safe,0.002,Safe  (High Confidence),Safe,0.188,Safe  (Medium Confidence),Safe,0.0,Safe  (High Confidence),Safe,0.47,Safe  (Low Confidence),Safe,0.0,Safe  (High Confidence),Safe,0.029,Safe  (High Confidence),0.09,MTRD <= 0.477: Low<br/>&nbsp;&nbsp;<br/>&nbsp;&nbsp;MTRD > 0.477: High,Toxic,0.707,Toxic  (Medium Confidence),Safe,0.0,Safe  (High Confidence),5.71,,Toxic,1.0,Toxic  (High Confidence),Safe,0.019,Safe  (High Confidence),Safe,0.093,Safe  (High Confidence),Safe,0.014,Safe  (High Confidence),Safe,0.0,Safe  (High Confidence),Safe,0.301,Safe  (Medium Confidence),Safe,0.0,Safe  (High Confidence),Safe,0.013,Safe  (High Confidence),Safe,0.0,Safe  (High Confidence),Safe,0.017,Safe  (High Confidence),-1061871.67,PIGC50% > -0.5 log ug/L: toxic,2.09,,2.9,,1350.06,LC50% < 0.5mM <br/>&nbsp;&nbsp;<br/>&nbsp;&nbsp; (log LC50% < -0.3) = <br/>&nbsp;&nbsp;<br/>&nbsp;&nbsp; High Acute Toxicity,Toxic,0.999,Toxic  (High Confidence),Toxic,0.625,Toxic  (Low Confidence),Safe,0.043,Safe  (High Confidence),Safe,0.0,Safe  (High Confidence),Safe,0.0,Safe  (High Confidence),Safe,0.044,Safe  (High Confidence),Safe,0.0,Safe  (High Confidence),110831.14,BP<25: gas,-2.92,,-0.62,Proper Value: 1 to 3 log mol/L,2.69,Proper Value: 0 to 3 log mol/L,-3.06,Proper Value: -4 to 0.5 log mol/L,-3737.42,Vapor (Gas) Phase: log vp < 4; Vapor and Particulate Phase: 5 =< log vp < 8; Solid Phase: log vp > 8 ,342.13,MP<25: liquid; MP>25:solid,-3.86,,3.81,,718.62,3.33,278.04,9.0,14.0,12.0,False,False,False
O=C(OC(C(=O)O)C(OC(=O)c1cc(O)c(O)c(O)c1)C1OC(=O)c2cc(O)c(O)c(O)c2-c2c(cc(O)c(O)c2O)C(=O)OCC1O)c1cc(O)c(O)c(O)c1,8,Punigluconin,Punigluconin,Phyllanthus niruri,Phyllanthus niruri,21637585,21637585,C34H26O23,False,0.99295753,O=C(OC(C(=O)O)C(OC(=O)c1cc(O)c(O)c(O)c1)C1OC(=O)c2cc(O)c(O)c(O)c2-c2c(cc(O)c(O)c2O)C(=O)OCC1O)c1cc(O)c(O)c(O)c1,-6.6,,Non-Bioavailable,0.001,Non-Bioavailable  (High Confidence),Non-Absorbed,0.008,Non-Absorbed  (High Confidence),17.86,Proper Value:  > 2 x 10-6cm/s,Bioavailable,0.536,Bioavailable  (Low Confidence),Non-Inhibitor,0.0,Non-Inhibitor  (High Confidence),Non-Substrate,0.244,Non-Substrate  (Medium Confidence),3296.05,Low Skin Permeability: log KP > -2.5,-4.32,- ,Non-Penetrable,0.0,Non-Penetrable  (High Confidence),0.61,,2.04,Proper Value: therapeutic index < 90 perc; Poor Value value > 90 perc,0.02,Low Value: < 0.71 L/kg (log VDss < -0.15); High Value > 2.81 L/kg (log VDss > 0.45).,Non-Inhibitor,0.058,Non-Inhibitor  (High Confidence),Non-Inhibitor,0.008,Non-Inhibitor  (High Confidence),Non-Substrate,0.0,Non-Substrate  (High Confidence),Non-Inhibitor,0.063,Non-Inhibitor  (High Confidence),Non-Substrate,0.025,Non-Substrate  (High Confidence),Non-Inhibitor,0.053,Non-Inhibitor  (High Confidence),Non-Substrate,0.0,Non-Substrate  (High Confidence),Non-Inhibitor,0.0,Non-Inhibitor  (High Confidence),Non-Substrate,0.008,Non-Substrate  (High Confidence),Non-Inhibitor,0.003,Non-Inhibitor  (High Confidence),Non-Substrate,0.0,Non-Substrate  (High Confidence),Inhibitor,0.674,Inhibitor  (Medium Confidence),Inhibitor,0.584,Inhibitor  (Low Confidence),10.15,,Inhibitor,0.879,Inhibitor  (High Confidence),Half-Life < 3hs,0.425,Half-Life < 3hs  (Low Confidence),Safe,0.0,Safe  (High Confidence),Safe,0.0,Safe  (High Confidence),Safe,0.045,Safe  (High Confidence),-75.67,,Toxic,0.747,Toxic  (Medium Confidence),Safe,0.004,Safe  (High Confidence),Safe,0.0,Safe  (High Confidence),Toxic,0.944,Toxic  (High Confidence),Safe,0.0,Safe  (High Confidence),Toxic,0.528,Toxic  (Low Confidence),1.25,MTRD <= 0.477: Low<br/>&nbsp;&nbsp;<br/>&nbsp;&nbsp;MTRD > 0.477: High,Toxic,0.862,Toxic  (High Confidence),Safe,0.0,Safe  (High Confidence),6.74,,Toxic,1.0,Toxic  (High Confidence),Toxic,0.974,Toxic  (High Confidence),Safe,0.073,Safe  (High Confidence),Safe,0.125,Safe  (High Confidence),Safe,0.0,Safe  (High Confidence),Safe,0.014,Safe  (High Confidence),Safe,0.0,Safe  (High Confidence),Safe,0.0,Safe  (High Confidence),Safe,0.0,Safe  (High Confidence),Safe,0.0,Safe  (High Confidence),-5975314.23,PIGC50% > -0.5 log ug/L: toxic,2.32,,4.31,,7552.09,LC50% < 0.5mM <br/>&nbsp;&nbsp;<br/>&nbsp;&nbsp; (log LC50% < -0.3) = <br/>&nbsp;&nbsp;<br/>&nbsp;&nbsp; High Acute Toxicity,Toxic,0.998,Toxic  (High Confidence),Safe,0.105,Safe  (High Confidence),Toxic,0.965,Toxic  (High Confidence),Safe,0.0,Safe  (High Confidence),Safe,0.0,Safe  (High Confidence),Toxic,0.931,Toxic  (High Confidence),Toxic,0.997,Toxic  (High Confidence),660757.02,BP<25: gas,-2.92,,-4.33,Proper Value: 1 to 3 log mol/L,0.17,Proper Value: 0 to 3 log mol/L,-5.36,Proper Value: -4 to 0.5 log mol/L,-21829.51,Vapor (Gas) Phase: log vp < 4; Vapor and Particulate Phase: 5 =< log vp < 8; Solid Phase: log vp > 8 ,299.35,MP<25: liquid; MP>25:solid,-137.46,,7.11,,802.56,0.41,405.49,14.0,22.0,7.0,False,False,False
O=C(C=Cc1ccc2c(c1)OC(=O)C(=Cc1ccc(O)c(O)c1)O2)OC(Cc1ccc(O)c(O)c1)C(=O)O,9,Melitric acid B,Melitric acid B,Melissa officinalis,Melissa officinalis,131752903,131752903,C27H20O11,False,0.99280596,O=C(C=Cc1ccc2c(c1)OC(=O)C(=Cc1ccc(O)c(O)c1)O2)OC(Cc1ccc(O)c(O)c1)C(=O)O,-6.03,,Non-Bioavailable,0.12,Non-Bioavailable  (High Confidence),Absorbed,0.901,Absorbed  (High Confidence),-4.93,Proper Value:  > 2 x 10-6cm/s,Bioavailable,0.506,Bioavailable  (Low Confidence),Non-Inhibitor,0.0,Non-Inhibitor  (High Confidence),Non-Substrate,0.176,Non-Substrate  (Medium Confidence),-2.65,Low Skin Permeability: log KP > -2.5,-2.93,- ,Non-Penetrable,0.0,Non-Penetrable  (High Confidence),1.27,,60.69,Proper Value: therapeutic index < 90 perc; Poor Value value > 90 perc,0.5,Low Value: < 0.71 L/kg (log VDss < -0.15); High Value > 2.81 L/kg (log VDss > 0.45).,Inhibitor,0.51,Inhibitor  (Low Confidence),Inhibitor,0.87,Inhibitor  (High Confidence),Non-Substrate,0.003,Non-Substrate  (High Confidence),Inhibitor,0.899,Inhibitor  (High Confidence),Non-Substrate,0.151,Non-Substrate  (High Confidence),Non-Inhibitor,0.179,Non-Inhibitor  (Medium Confidence),Substrate,0.97,Substrate  (High Confidence),Non-Inhibitor,0.135,Non-Inhibitor  (High Confidence),Non-Substrate,0.404,Non-Substrate  (Low Confidence),Non-Inhibitor,0.096,Non-Inhibitor  (High Confidence),Non-Substrate,0.0,Non-Substrate  (High Confidence),Inhibitor,0.66,Inhibitor  (Low Confidence),Non-Inhibitor,0.351,Non-Inhibitor  (Low Confidence),7.54,,Non-Inhibitor,0.004,Non-Inhibitor  (High Confidence),Half-Life >= 3hs,0.53,Half-Life >= 3hs  (Low Confidence),Safe,0.0,Safe  (High Confidence),Safe,0.0,Safe  (High Confidence),Safe,0.161,Safe  (High Confidence),-1.18,,Safe,0.117,Safe  (High Confidence),Safe,0.47,Safe  (Low Confidence),Safe,0.057,Safe  (High Confidence),Toxic,0.615,Toxic  (Low Confidence),Safe,0.0,Safe  (High Confidence),Safe,0.061,Safe  (High Confidence),0.61,MTRD <= 0.477: Low<br/>&nbsp;&nbsp;<br/>&nbsp;&nbsp;MTRD > 0.477: High,Toxic,0.714,Toxic  (Medium Confidence),Safe,0.0,Safe  (High Confidence),4.55,,Toxic,0.999,Toxic  (High Confidence),Safe,0.175,Safe  (Medium Confidence),Safe,0.197,Safe  (Medium Confidence),Safe,0.037,Safe  (High Confidence),Safe,0.0,Safe  (High Confidence),Toxic,0.566,Toxic  (Low Confidence),Safe,0.005,Safe  (High Confidence),Toxic,0.661,Toxic  (Low Confidence),Safe,0.0,Safe  (High Confidence),Safe,0.016,Safe  (High Confidence),-1241.46,PIGC50% > -0.5 log ug/L: toxic,2.33,,2.83,,6.22,LC50% < 0.5mM <br/>&nbsp;&nbsp;<br/>&nbsp;&nbsp; (log LC50% < -0.3) = <br/>&nbsp;&nbsp;<br/>&nbsp;&nbsp; High Acute Toxicity,Toxic,0.996,Toxic  (High Confidence),Toxic,0.623,Toxic  (Low Confidence),Safe,0.491,Safe  (Low Confidence),Safe,0.0,Safe  (High Confidence),Safe,0.011,Safe  (High Confidence),Toxic,0.56,Toxic  (Low Confidence),Safe,0.0,Safe  (High Confidence),623.58,BP<25: gas,-3.29,,1.6,Proper Value: 1 to 3 log mol/L,2.61,Proper Value: 0 to 3 log mol/L,-3.6,Proper Value: -4 to 0.5 log mol/L,-13.14,Vapor (Gas) Phase: log vp < 4; Vapor and Particulate Phase: 5 =< log vp < 8; Solid Phase: log vp > 8 ,274.28,MP<25: liquid; MP>25:solid,6.29,,3.56,,520.45,3.1,180.05,5.0,10.0,7.0,False,False,False
O=C(C=Cc1ccc(O)c(O)c1C=Cc1ccc(O)c(O)c1)OC(Cc1ccc(O)c(O)c1)C(=O)O,10,Salvianolic acid A,Salvianolic acid A,Melissa officinalis,Melissa officinalis,5281793,5281793,C26H22O10,False,0.99280214,O=C(C=Cc1ccc(O)c(O)c1C=Cc1ccc(O)c(O)c1)OC(Cc1ccc(O)c(O)c1)C(=O)O,-6.31,,Non-Bioavailable,0.116,Non-Bioavailable  (High Confidence),Absorbed,0.795,Absorbed  (Medium Confidence),-5.29,Proper Value:  > 2 x 10-6cm/s,Non-Bioavailable,0.401,Non-Bioavailable  (Low Confidence),Non-Inhibitor,0.0,Non-Inhibitor  (High Confidence),Non-Substrate,0.164,Non-Substrate  (High Confidence),-3.28,Low Skin Permeability: log KP > -2.5,-2.36,- ,Non-Penetrable,0.0,Non-Penetrable  (High Confidence),1.15,,51.82,Proper Value: therapeutic index < 90 perc; Poor Value value > 90 perc,0.25,Low Value: < 0.71 L/kg (log VDss < -0.15); High Value > 2.81 L/kg (log VDss > 0.45).,Non-Inhibitor,0.38,Non-Inhibitor  (Low Confidence),Inhibitor,0.885,Inhibitor  (High Confidence),Non-Substrate,0.002,Non-Substrate  (High Confidence),Inhibitor,0.743,Inhibitor  (Medium Confidence),Non-Substrate,0.13,Non-Substrate  (High Confidence),Non-Inhibitor,0.346,Non-Inhibitor  (Low Confidence),Substrate,0.573,Substrate  (Low Confidence),Non-Inhibitor,0.018,Non-Inhibitor  (High Confidence),Non-Substrate,0.391,Non-Substrate  (Low Confidence),Non-Inhibitor,0.028,Non-Inhibitor  (High Confidence),Non-Substrate,0.0,Non-Substrate  (High Confidence),Inhibitor,0.697,Inhibitor  (Medium Confidence),Non-Inhibitor,0.317,Non-Inhibitor  (Medium Confidence),8.8,,Non-Inhibitor,0.012,Non-Inhibitor  (High Confidence),Half-Life >= 3hs,0.656,Half-Life >= 3hs  (Low Confidence),Safe,0.005,Safe  (High Confidence),Safe,0.0,Safe  (High Confidence),Safe,0.09,Safe  (High Confidence),-1.32,,Safe,0.024,Safe  (High Confidence),Safe,0.393,Safe  (Low Confidence),Safe,0.007,Safe  (High Confidence),Toxic,0.647,Toxic  (Low Confidence),Safe,0.0,Safe  (High Confidence),Safe,0.096,Safe  (High Confidence),0.52,MTRD <= 0.477: Low<br/>&nbsp;&nbsp;<br/>&nbsp;&nbsp;MTRD > 0.477: High,Toxic,0.65,Toxic  (Low Confidence),Safe,0.001,Safe  (High Confidence),5.02,,Toxic,1.0,Toxic  (High Confidence),Safe,0.177,Safe  (Medium Confidence),Safe,0.213,Safe  (Medium Confidence),Safe,0.028,Safe  (High Confidence),Safe,0.0,Safe  (High Confidence),Safe,0.48,Safe  (Low Confidence),Safe,0.014,Safe  (High Confidence),Safe,0.265,Safe  (Medium Confidence),Safe,0.0,Safe  (High Confidence),Safe,0.065,Safe  (High Confidence),-348.93,PIGC50% > -0.5 log ug/L: toxic,2.13,,3.69,,4.11,LC50% < 0.5mM <br/>&nbsp;&nbsp;<br/>&nbsp;&nbsp; (log LC50% < -0.3) = <br/>&nbsp;&nbsp;<br/>&nbsp;&nbsp; High Acute Toxicity,Toxic,0.985,Toxic  (High Confidence),Toxic,0.796,Toxic  (Medium Confidence),Safe,0.328,Safe  (Medium Confidence),Safe,0.0,Safe  (High Confidence),Safe,0.006,Safe  (High Confidence),Toxic,0.74,Toxic  (Medium Confidence),Safe,0.001,Safe  (High Confidence),634.82,BP<25: gas,-3.0,,0.95,Proper Value: 1 to 3 log mol/L,3.24,Proper Value: 0 to 3 log mol/L,-2.47,Proper Value: -4 to 0.5 log mol/L,-15.1,Vapor (Gas) Phase: log vp < 4; Vapor and Particulate Phase: 5 =< log vp < 8; Solid Phase: log vp > 8 ,267.59,MP<25: liquid; MP>25:solid,6.47,,6.65,,494.45,3.34,184.98,7.0,9.0,8.0,False,False,False
O=C1OC2COC(=O)c3cc(O)c(O)c(O)c3-c3c(cc(O)c(O)c3O)C(=O)OC2C(OC(=O)c2cc(O)c(O)c(O)c2)=C1OC(=O)c1cc(O)c(O)c(O)c1,11,Emblicanin A,Emblicanin A,Phyllanthus niruri,Phyllanthus niruri,119058016,119058016,C34H22O22,False,0.992393,O=C1OC2COC(=O)c3cc(O)c(O)c(O)c3-c3c(cc(O)c(O)c3O)C(=O)OC2C(OC(=O)c2cc(O)c(O)c(O)c2)=C1OC(=O)c1cc(O)c(O)c(O)c1,-6.56,,Non-Bioavailable,0.003,Non-Bioavailable  (High Confidence),Non-Absorbed,0.035,Non-Absorbed  (High Confidence),16.81,Proper Value:  > 2 x 10-6cm/s,Bioavailable,0.679,Bioavailable  (Medium Confidence),Inhibitor,0.762,Inhibitor  (Medium Confidence),Non-Substrate,0.305,Non-Substrate  (Medium Confidence),3052.19,Low Skin Permeability: log KP > -2.5,-3.69,- ,Non-Penetrable,0.0,Non-Penetrable  (High Confidence),0.5,,6.01,Proper Value: therapeutic index < 90 perc; Poor Value value > 90 perc,0.06,Low Value: < 0.71 L/kg (log VDss < -0.15); High Value > 2.81 L/kg (log VDss > 0.45).,Non-Inhibitor,0.087,Non-Inhibitor  (High Confidence),Non-Inhibitor,0.038,Non-Inhibitor  (High Confidence),Non-Substrate,0.0,Non-Substrate  (High Confidence),Inhibitor,1.0,Inhibitor  (High Confidence),Non-Substrate,0.03,Non-Substrate  (High Confidence),Inhibitor,0.659,Inhibitor  (Low Confidence),Non-Substrate,0.022,Non-Substrate  (High Confidence),Non-Inhibitor,0.0,Non-Inhibitor  (High Confidence),Non-Substrate,0.015,Non-Substrate  (High Confidence),Non-Inhibitor,0.045,Non-Inhibitor  (High Confidence),Non-Substrate,0.0,Non-Substrate  (High Confidence),Inhibitor,0.824,Inhibitor  (Medium Confidence),Inhibitor,0.523,Inhibitor  (Low Confidence),11.85,,Inhibitor,0.992,Inhibitor  (High Confidence),Half-Life < 3hs,0.469,Half-Life < 3hs  (Low Confidence),Safe,0.0,Safe  (High Confidence),Safe,0.0,Safe  (High Confidence),Safe,0.137,Safe  (High Confidence),-71.66,,Toxic,0.706,Toxic  (Medium Confidence),Safe,0.007,Safe  (High Confidence),Safe,0.001,Safe  (High Confidence),Toxic,0.949,Toxic  (High Confidence),Safe,0.0,Safe  (High Confidence),Toxic,0.721,Toxic  (Medium Confidence),1.18,MTRD <= 0.477: Low<br/>&nbsp;&nbsp;<br/>&nbsp;&nbsp;MTRD > 0.477: High,Toxic,0.722,Toxic  (Medium Confidence),Safe,0.0,Safe  (High Confidence),5.86,,Toxic,1.0,Toxic  (High Confidence),Toxic,0.999,Toxic  (High Confidence),Safe,0.054,Safe  (High Confidence),Safe,0.227,Safe  (Medium Confidence),Safe,0.0,Safe  (High Confidence),Safe,0.012,Safe  (High Confidence),Safe,0.0,Safe  (High Confidence),Safe,0.003,Safe  (High Confidence),Safe,0.0,Safe  (High Confidence),Safe,0.002,Safe  (High Confidence),-5535149.13,PIGC50% > -0.5 log ug/L: toxic,2.58,,4.4,,6997.33,LC50% < 0.5mM <br/>&nbsp;&nbsp;<br/>&nbsp;&nbsp; (log LC50% < -0.3) = <br/>&nbsp;&nbsp;<br/>&nbsp;&nbsp; High Acute Toxicity,Toxic,1.0,Toxic  (High Confidence),Safe,0.196,Safe  (Medium Confidence),Toxic,0.998,Toxic  (High Confidence),Safe,0.0,Safe  (High Confidence),Safe,0.0,Safe  (High Confidence),Toxic,1.0,Toxic  (High Confidence),Toxic,1.0,Toxic  (High Confidence),611527.07,BP<25: gas,-2.92,,-0.74,Proper Value: 1 to 3 log mol/L,-0.4,Proper Value: 0 to 3 log mol/L,-5.83,Proper Value: -4 to 0.5 log mol/L,-20223.7,Vapor (Gas) Phase: log vp < 4; Vapor and Particulate Phase: 5 =< log vp < 8; Solid Phase: log vp > 8 ,381.43,MP<25: liquid; MP>25:solid,-122.85,,2.46,,782.53,1.37,374.26,12.0,22.0,4.0,False,False,False
O=C(C=Cc1ccc(O)cc1)OC(Cc1ccc(O)c(O)c1)C(=O)O,12,Clinopodic acid A,Clinopodic acid A,Melissa officinalis,Melissa officinalis,25244691,25244691,C18H16O7,False,0.9920543,O=C(C=Cc1ccc(O)cc1)OC(Cc1ccc(O)c(O)c1)C(=O)O,-5.89,,Non-Bioavailable,0.38,Non-Bioavailable  (Low Confidence),Absorbed,0.966,Absorbed  (High Confidence),-4.92,Proper Value:  > 2 x 10-6cm/s,Non-Bioavailable,0.413,Non-Bioavailable  (Low Confidence),Non-Inhibitor,0.0,Non-Inhibitor  (High Confidence),Non-Substrate,0.106,Non-Substrate  (High Confidence),-4.08,Low Skin Permeability: log KP > -2.5,-2.58,- ,Non-Penetrable,0.001,Non-Penetrable  (High Confidence),1.19,,45.43,Proper Value: therapeutic index < 90 perc; Poor Value value > 90 perc,0.72,Low Value: < 0.71 L/kg (log VDss < -0.15); High Value > 2.81 L/kg (log VDss > 0.45).,Non-Inhibitor,0.146,Non-Inhibitor  (High Confidence),Non-Inhibitor,0.336,Non-Inhibitor  (Low Confidence),Non-Substrate,0.009,Non-Substrate  (High Confidence),Non-Inhibitor,0.49,Non-Inhibitor  (Low Confidence),Non-Substrate,0.274,Non-Substrate  (Medium Confidence),Non-Inhibitor,0.088,Non-Inhibitor  (High Confidence),Substrate,0.998,Substrate  (High Confidence),Non-Inhibitor,0.0,Non-Inhibitor  (High Confidence),Non-Substrate,0.347,Non-Substrate  (Low Confidence),Non-Inhibitor,0.05,Non-Inhibitor  (High Confidence),Non-Substrate,0.001,Non-Substrate  (High Confidence),Non-Inhibitor,0.276,Non-Inhibitor  (Medium Confidence),Non-Inhibitor,0.102,Non-Inhibitor  (High Confidence),9.19,,Non-Inhibitor,0.001,Non-Inhibitor  (High Confidence),Half-Life >= 3hs,0.643,Half-Life >= 3hs  (Low Confidence),Safe,0.01,Safe  (High Confidence),Safe,0.0,Safe  (High Confidence),Safe,0.121,Safe  (High Confidence),-0.39,,Toxic,0.804,Toxic  (Medium Confidence),Safe,0.317,Safe  (Medium Confidence),Safe,0.011,Safe  (High Confidence),Toxic,0.516,Toxic  (Low Confidence),Safe,0.0,Safe  (High Confidence),Safe,0.135,Safe  (High Confidence),0.88,MTRD <= 0.477: Low<br/>&nbsp;&nbsp;<br/>&nbsp;&nbsp;MTRD > 0.477: High,Toxic,0.603,Toxic  (Low Confidence),Safe,0.0,Safe  (High Confidence),3.5,,Toxic,0.991,Toxic  (High Confidence),Safe,0.161,Safe  (High Confidence),Safe,0.043,Safe  (High Confidence),Safe,0.014,Safe  (High Confidence),Safe,0.0,Safe  (High Confidence),Safe,0.415,Safe  (Low Confidence),Safe,0.007,Safe  (High Confidence),Safe,0.194,Safe  (Medium Confidence),Safe,0.001,Safe  (High Confidence),Safe,0.023,Safe  (High Confidence),3.32,PIGC50% > -0.5 log ug/L: toxic,2.1,,2.28,,3.87,LC50% < 0.5mM <br/>&nbsp;&nbsp;<br/>&nbsp;&nbsp; (log LC50% < -0.3) = <br/>&nbsp;&nbsp;<br/>&nbsp;&nbsp; High Acute Toxicity,Toxic,0.979,Toxic  (High Confidence),Toxic,0.64,Toxic  (Low Confidence),Safe,0.107,Safe  (High Confidence),Safe,0.0,Safe  (High Confidence),Safe,0.016,Safe  (High Confidence),Safe,0.053,Safe  (High Confidence),Safe,0.0,Safe  (High Confidence),489.0,BP<25: gas,-7.86,,0.02,Proper Value: 1 to 3 log mol/L,2.27,Proper Value: 0 to 3 log mol/L,-2.5,Proper Value: -4 to 0.5 log mol/L,-11.55,Vapor (Gas) Phase: log vp < 4; Vapor and Particulate Phase: 5 =< log vp < 8; Solid Phase: log vp > 8 ,241.87,MP<25: liquid; MP>25:solid,6.2,,4.61,,344.32,2.06,124.29,4.0,6.0,6.0,False,False,False
O=C1OCC2OC(O)C3OC(=O)c4cc(O)c(O)c(O)c4-c4c(cc(O)c(O)c4O)C(=O)OC3C2OC(=O)c2cc(O)c(O)c(O)c2-c2c1cc(O)c(O)c2O,13,Pedunculagin,Pedunculagin,Phyllanthus niruri,Phyllanthus niruri,442688,442688,C34H24O22,False,0.99156904,O=C1OCC2OC(O)C3OC(=O)c4cc(O)c(O)c(O)c4-c4c(cc(O)c(O)c4O)C(=O)OC3C2OC(=O)c2cc(O)c(O)c(O)c2-c2c1cc(O)c(O)c2O,-6.44,,Non-Bioavailable,0.002,Non-Bioavailable  (High Confidence),Non-Absorbed,0.002,Non-Absorbed  (High Confidence),22.62,Proper Value:  > 2 x 10-6cm/s,Non-Bioavailable,0.49,Non-Bioavailable  (Low Confidence),Inhibitor,0.981,Inhibitor  (High Confidence),Non-Substrate,0.303,Non-Substrate  (Medium Confidence),3871.5,Low Skin Permeability: log KP > -2.5,-4.54,- ,Non-Penetrable,0.0,Non-Penetrable  (High Confidence),0.37,,-1.75,Proper Value: therapeutic index < 90 perc; Poor Value value > 90 perc,0.46,Low Value: < 0.71 L/kg (log VDss < -0.15); High Value > 2.81 L/kg (log VDss > 0.45).,Non-Inhibitor,0.104,Non-Inhibitor  (High Confidence),Non-Inhibitor,0.001,Non-Inhibitor  (High Confidence),Non-Substrate,0.0,Non-Substrate  (High Confidence),Inhibitor,0.998,Inhibitor  (High Confidence),Non-Substrate,0.024,Non-Substrate  (High Confidence),Non-Inhibitor,0.006,Non-Inhibitor  (High Confidence),Non-Substrate,0.0,Non-Substrate  (High Confidence),Non-Inhibitor,0.0,Non-Inhibitor  (High Confidence),Non-Substrate,0.01,Non-Substrate  (High Confidence),Non-Inhibitor,0.002,Non-Inhibitor  (High Confidence),Non-Substrate,0.0,Non-Substrate  (High Confidence),Non-Inhibitor,0.088,Non-Inhibitor  (High Confidence),Non-Inhibitor,0.476,Non-Inhibitor  (Low Confidence),11.7,,Inhibitor,0.993,Inhibitor  (High Confidence),Half-Life < 3hs,0.308,Half-Life < 3hs  (Medium Confidence),Safe,0.0,Safe  (High Confidence),Safe,0.0,Safe  (High Confidence),Safe,0.104,Safe  (High Confidence),-88.96,,Safe,0.01,Safe  (High Confidence),Safe,0.007,Safe  (High Confidence),Safe,0.016,Safe  (High Confidence),Toxic,0.947,Toxic  (High Confidence),Safe,0.0,Safe  (High Confidence),Toxic,0.62,Toxic  (Low Confidence),1.34,MTRD <= 0.477: Low<br/>&nbsp;&nbsp;<br/>&nbsp;&nbsp;MTRD > 0.477: High,Toxic,0.77,Toxic  (Medium Confidence),Safe,0.0,Safe  (High Confidence),6.91,,Toxic,1.0,Toxic  (High Confidence),Toxic,0.999,Toxic  (High Confidence),Safe,0.086,Safe  (High Confidence),Toxic,0.62,Toxic  (Low Confidence),Safe,0.0,Safe  (High Confidence),Safe,0.013,Safe  (High Confidence),Safe,0.0,Safe  (High Confidence),Safe,0.0,Safe  (High Confidence),Safe,0.0,Safe  (High Confidence),Safe,0.0,Safe  (High Confidence),-7016642.76,PIGC50% > -0.5 log ug/L: toxic,2.54,,4.38,,8867.17,LC50% < 0.5mM <br/>&nbsp;&nbsp;<br/>&nbsp;&nbsp; (log LC50% < -0.3) = <br/>&nbsp;&nbsp;<br/>&nbsp;&nbsp; High Acute Toxicity,Toxic,0.999,Toxic  (High Confidence),Safe,0.104,Safe  (High Confidence),Toxic,0.98,Toxic  (High Confidence),Safe,0.0,Safe  (High Confidence),Safe,0.0,Safe  (High Confidence),Toxic,0.973,Toxic  (High Confidence),Toxic,1.0,Toxic  (High Confidence),778642.4,BP<25: gas,-2.92,,-3.38,Proper Value: 1 to 3 log mol/L,0.15,Proper Value: 0 to 3 log mol/L,-6.06,Proper Value: -4 to 0.5 log mol/L,-25699.56,Vapor (Gas) Phase: log vp < 4; Vapor and Particulate Phase: 5 =< log vp < 8; Solid Phase: log vp > 8 ,385.47,MP<25: liquid; MP>25:solid,-171.25,,6.55,,784.54,0.67,377.42,13.0,22.0,0.0,False,False,False
CC(C)=CCc1c(O)c(O)c(OC2OC(COC3OC(C)C(O)C(O)C3O)C(O)C(O)C2O)c2c1OC(c1ccc(O)cc1)CC2=O,14,Nirurin,Nirurin,Phyllanthus niruri,Phyllanthus niruri,102405297,102405297,C32H40O15,False,0.99143225,CC(C)=CCc1c(O)c(O)c(OC2OC(COC3OC(C)C(O)C(O)C3O)C(O)C(O)C2O)c2c1OC(c1ccc(O)cc1)CC2=O,-6.66,,Non-Bioavailable,0.341,Non-Bioavailable  (Low Confidence),Non-Absorbed,0.07,Non-Absorbed  (High Confidence),-5.15,Proper Value:  > 2 x 10-6cm/s,Non-Bioavailable,0.111,Non-Bioavailable  (High Confidence),Non-Inhibitor,0.158,Non-Inhibitor  (High Confidence),Substrate,0.6,Substrate  (Low Confidence),47.99,Low Skin Permeability: log KP > -2.5,-4.21,- ,Non-Penetrable,0.0,Non-Penetrable  (High Confidence),0.73,,-12.85,Proper Value: therapeutic index < 90 perc; Poor Value value > 90 perc,1.0,Low Value: < 0.71 L/kg (log VDss < -0.15); High Value > 2.81 L/kg (log VDss > 0.45).,Non-Inhibitor,0.013,Non-Inhibitor  (High Confidence),Non-Inhibitor,0.056,Non-Inhibitor  (High Confidence),Non-Substrate,0.001,Non-Substrate  (High Confidence),Non-Inhibitor,0.001,Non-Inhibitor  (High Confidence),Non-Substrate,0.369,Non-Substrate  (Low Confidence),Non-Inhibitor,0.159,Non-Inhibitor  (High Confidence),Non-Substrate,0.0,Non-Substrate  (High Confidence),Non-Inhibitor,0.0,Non-Inhibitor  (High Confidence),Non-Substrate,0.11,Non-Substrate  (High Confidence),Non-Inhibitor,0.056,Non-Inhibitor  (High Confidence),Non-Substrate,0.031,Non-Substrate  (High Confidence),Non-Inhibitor,0.194,Non-Inhibitor  (Medium Confidence),Non-Inhibitor,0.285,Non-Inhibitor  (Medium Confidence),7.59,,Non-Inhibitor,0.058,Non-Inhibitor  (High Confidence),Half-Life < 3hs,0.323,Half-Life < 3hs  (Medium Confidence),Toxic,0.744,Toxic  (Medium Confidence),Safe,0.0,Safe  (High Confidence),Toxic,0.66,Toxic  (Low Confidence),-3.52,,Safe,0.41,Safe  (Low Confidence),Safe,0.008,Safe  (High Confidence),Safe,0.004,Safe  (High Confidence),Safe,0.355,Safe  (Low Confidence),Safe,0.0,Safe  (High Confidence),Safe,0.019,Safe  (High Confidence),0.49,MTRD <= 0.477: Low<br/>&nbsp;&nbsp;<br/>&nbsp;&nbsp;MTRD > 0.477: High,Toxic,0.578,Toxic  (Low Confidence),Safe,0.001,Safe  (High Confidence),6.26,,Toxic,0.995,Toxic  (High Confidence),Safe,0.054,Safe  (High Confidence),Safe,0.179,Safe  (Medium Confidence),Safe,0.006,Safe  (High Confidence),Safe,0.0,Safe  (High Confidence),Safe,0.078,Safe  (High Confidence),Safe,0.002,Safe  (High Confidence),Safe,0.062,Safe  (High Confidence),Safe,0.0,Safe  (High Confidence),Safe,0.0,Safe  (High Confidence),-86827.14,PIGC50% > -0.5 log ug/L: toxic,2.54,,4.65,,126.43,LC50% < 0.5mM <br/>&nbsp;&nbsp;<br/>&nbsp;&nbsp; (log LC50% < -0.3) = <br/>&nbsp;&nbsp;<br/>&nbsp;&nbsp; High Acute Toxicity,Safe,0.396,Safe  (Low Confidence),Safe,0.234,Safe  (Medium Confidence),Safe,0.329,Safe  (Medium Confidence),Safe,0.001,Safe  (High Confidence),Safe,0.0,Safe  (High Confidence),Safe,0.006,Safe  (High Confidence),Safe,0.084,Safe  (High Confidence),3442.05,BP<25: gas,-2.92,,0.24,Proper Value: 1 to 3 log mol/L,1.04,Proper Value: 0 to 3 log mol/L,-4.45,Proper Value: -4 to 0.5 log mol/L,-160.45,Vapor (Gas) Phase: log vp < 4; Vapor and Particulate Phase: 5 =< log vp < 8; Solid Phase: log vp > 8 ,183.19,MP<25: liquid; MP>25:solid,2.97,,6.04,,664.66,0.05,245.29,9.0,15.0,8.0,False,False,False
CC1OC(OCC2OC(OCC(O)c3ccc(O)c(O)c3)C(O)C(O)C2OC(=O)C=Cc2ccc(O)c(O)c2)C(O)C(O)C1O,15,Suspensaside,Suspensaside,Forsythia suspensa,Forsythia suspensa,5281798,5281798,C29H36O16,False,0.9907329,CC1OC(OCC2OC(OCC(O)c3ccc(O)c(O)c3)C(O)C(O)C2OC(=O)C=Cc2ccc(O)c(O)c2)C(O)C(O)C1O,-6.75,,Non-Bioavailable,0.175,Non-Bioavailable  (Medium Confidence),Non-Absorbed,0.058,Non-Absorbed  (High Confidence),-5.21,Proper Value:  > 2 x 10-6cm/s,Non-Bioavailable,0.097,Non-Bioavailable  (High Confidence),Non-Inhibitor,0.127,Non-Inhibitor  (High Confidence),Substrate,0.537,Substrate  (Low Confidence),14.96,Low Skin Permeability: log KP > -2.5,-3.95,- ,Non-Penetrable,0.0,Non-Penetrable  (High Confidence),0.64,,-19.11,Proper Value: therapeutic index < 90 perc; Poor Value value > 90 perc,0.8,Low Value: < 0.71 L/kg (log VDss < -0.15); High Value > 2.81 L/kg (log VDss > 0.45).,Non-Inhibitor,0.007,Non-Inhibitor  (High Confidence),Non-Inhibitor,0.04,Non-Inhibitor  (High Confidence),Non-Substrate,0.001,Non-Substrate  (High Confidence),Non-Inhibitor,0.001,Non-Inhibitor  (High Confidence),Non-Substrate,0.292,Non-Substrate  (Medium Confidence),Non-Inhibitor,0.031,Non-Inhibitor  (High Confidence),Non-Substrate,0.0,Non-Substrate  (High Confidence),Non-Inhibitor,0.0,Non-Inhibitor  (High Confidence),Non-Substrate,0.102,Non-Substrate  (High Confidence),Non-Inhibitor,0.038,Non-Inhibitor  (High Confidence),Non-Substrate,0.0,Non-Substrate  (High Confidence),Non-Inhibitor,0.195,Non-Inhibitor  (Medium Confidence),Non-Inhibitor,0.233,Non-Inhibitor  (Medium Confidence),11.15,,Non-Inhibitor,0.151,Non-Inhibitor  (High Confidence),Half-Life >= 3hs,0.675,Half-Life >= 3hs  (Medium Confidence),Safe,0.492,Safe  (Low Confidence),Safe,0.0,Safe  (High Confidence),Safe,0.357,Safe  (Low Confidence),-3.69,,Toxic,0.959,Toxic  (High Confidence),Safe,0.007,Safe  (High Confidence),Safe,0.0,Safe  (High Confidence),Safe,0.497,Safe  (Low Confidence),Safe,0.0,Safe  (High Confidence),Safe,0.019,Safe  (High Confidence),0.59,MTRD <= 0.477: Low<br/>&nbsp;&nbsp;<br/>&nbsp;&nbsp;MTRD > 0.477: High,Toxic,0.506,Toxic  (Low Confidence),Safe,0.0,Safe  (High Confidence),6.23,,Toxic,0.996,Toxic  (High Confidence),Safe,0.032,Safe  (High Confidence),Safe,0.111,Safe  (High Confidence),Safe,0.007,Safe  (High Confidence),Safe,0.0,Safe  (High Confidence),Safe,0.049,Safe  (High Confidence),Safe,0.001,Safe  (High Confidence),Safe,0.031,Safe  (High Confidence),Safe,0.0,Safe  (High Confidence),Safe,0.0,Safe  (High Confidence),-28412.81,PIGC50% > -0.5 log ug/L: toxic,2.11,,4.66,,52.74,LC50% < 0.5mM <br/>&nbsp;&nbsp;<br/>&nbsp;&nbsp; (log LC50% < -0.3) = <br/>&nbsp;&nbsp;<br/>&nbsp;&nbsp; High Acute Toxicity,Safe,0.087,Safe  (High Confidence),Safe,0.332,Safe  (Medium Confidence),Safe,0.22,Safe  (Medium Confidence),Safe,0.005,Safe  (High Confidence),Safe,0.0,Safe  (High Confidence),Safe,0.008,Safe  (High Confidence),Safe,0.001,Safe  (High Confidence),355.34,BP<25: gas,-2.92,,-0.82,Proper Value: 1 to 3 log mol/L,-0.68,Proper Value: 0 to 3 log mol/L,-3.85,Proper Value: -4 to 0.5 log mol/L,-16.23,Vapor (Gas) Phase: log vp < 4; Vapor and Particulate Phase: 5 =< log vp < 8; Solid Phase: log vp > 8 ,189.49,MP<25: liquid; MP>25:solid,4.46,,4.89,,640.59,-1.53,265.52,10.0,16.0,10.0,False,False,False
COc1cc(C(=O)O)ccc1O,16,Vanillic acid,Vanillic acid,Zingiber officinale,Zingiber officinale,8468,8468,C8H8O4,False,0.9905707,COc1cc(C(=O)O)ccc1O,-4.88,,Bioavailable,0.629,Bioavailable  (Low Confidence),Absorbed,0.98,Absorbed  (High Confidence),-4.57,Proper Value:  > 2 x 10-6cm/s,Non-Bioavailable,0.5,Non-Bioavailable  (Low Confidence),Non-Inhibitor,0.0,Non-Inhibitor  (High Confidence),Non-Substrate,0.099,Non-Substrate  (High Confidence),-2.36,Low Skin Permeability: log KP > -2.5,-3.98,- ,Non-Penetrable,0.132,Non-Penetrable  (High Confidence),0.58,,25.95,Proper Value: therapeutic index < 90 perc; Poor Value value > 90 perc,0.16,Low Value: < 0.71 L/kg (log VDss < -0.15); High Value > 2.81 L/kg (log VDss > 0.45).,Non-Inhibitor,0.071,Non-Inhibitor  (High Confidence),Non-Inhibitor,0.024,Non-Inhibitor  (High Confidence),Non-Substrate,0.141,Non-Substrate  (High Confidence),Non-Inhibitor,0.226,Non-Inhibitor  (Medium Confidence),Non-Substrate,0.313,Non-Substrate  (Medium Confidence),Non-Inhibitor,0.063,Non-Inhibitor  (High Confidence),Substrate,0.843,Substrate  (High Confidence),Non-Inhibitor,0.0,Non-Inhibitor  (High Confidence),Non-Substrate,0.145,Non-Substrate  (High Confidence),Non-Inhibitor,0.01,Non-Inhibitor  (High Confidence),Non-Substrate,0.014,Non-Substrate  (High Confidence),Non-Inhibitor,0.024,Non-Inhibitor  (High Confidence),Non-Inhibitor,0.033,Non-Inhibitor  (High Confidence),13.28,,Non-Inhibitor,0.005,Non-Inhibitor  (High Confidence),Half-Life < 3hs,0.438,Half-Life < 3hs  (Low Confidence),Safe,0.005,Safe  (High Confidence),Safe,0.028,Safe  (High Confidence),Safe,0.264,Safe  (Medium Confidence),0.76,,Toxic,0.988,Toxic  (High Confidence),Safe,0.172,Safe  (Medium Confidence),Safe,0.006,Safe  (High Confidence),Safe,0.454,Safe  (Low Confidence),Safe,0.026,Safe  (High Confidence),Toxic,0.999,Toxic  (High Confidence),1.82,MTRD <= 0.477: Low<br/>&nbsp;&nbsp;<br/>&nbsp;&nbsp;MTRD > 0.477: High,Toxic,0.514,Toxic  (Low Confidence),Safe,0.115,Safe  (High Confidence),1.87,,Toxic,0.537,Toxic  (Low Confidence),Safe,0.051,Safe  (High Confidence),Safe,0.006,Safe  (High Confidence),Safe,0.006,Safe  (High Confidence),Safe,0.0,Safe  (High Confidence),Safe,0.014,Safe  (High Confidence),Safe,0.002,Safe  (High Confidence),Safe,0.011,Safe  (High Confidence),Safe,0.009,Safe  (High Confidence),Safe,0.017,Safe  (High Confidence),3.28,PIGC50% > -0.5 log ug/L: toxic,2.08,,3.2,,3.83,LC50% < 0.5mM <br/>&nbsp;&nbsp;<br/>&nbsp;&nbsp; (log LC50% < -0.3) = <br/>&nbsp;&nbsp;<br/>&nbsp;&nbsp; High Acute Toxicity,Safe,0.057,Safe  (High Confidence),Safe,0.364,Safe  (Low Confidence),Safe,0.002,Safe  (High Confidence),Safe,0.0,Safe  (High Confidence),Safe,0.041,Safe  (High Confidence),Safe,0.001,Safe  (High Confidence),Safe,0.002,Safe  (High Confidence),301.37,BP<25: gas,-10.2,,-0.64,Proper Value: 1 to 3 log mol/L,1.43,Proper Value: 0 to 3 log mol/L,-2.14,Proper Value: -4 to 0.5 log mol/L,-5.03,Vapor (Gas) Phase: log vp < 4; Vapor and Particulate Phase: 5 =< log vp < 8; Solid Phase: log vp > 8 ,209.06,MP<25: liquid; MP>25:solid,4.16,,2.51,,168.15,1.1,66.76,2.0,3.0,2.0,False,False,False
O=C(O)C(Cc1ccc(O)c(O)c1)OC(=O)C1C(C(=O)OC(Cc2ccc(O)c(O)c2)C(=O)O)C(c2ccc(O)c(O)c2)C1c1ccc(O)c(O)c1,17,(+)-Sagerinic acid,(+)-Sagerinic acid,Melissa officinalis,Melissa officinalis,23760102,23760102,C36H32O16,False,0.9905491,O=C(O)C(Cc1ccc(O)c(O)c1)OC(=O)C1C(C(=O)OC(Cc2ccc(O)c(O)c2)C(=O)O)C(c2ccc(O)c(O)c2)C1c1ccc(O)c(O)c1,-6.41,,Non-Bioavailable,0.018,Non-Bioavailable  (High Confidence),Non-Absorbed,0.12,Non-Absorbed  (High Confidence),-3.24,Proper Value:  > 2 x 10-6cm/s,Non-Bioavailable,0.06,Non-Bioavailable  (High Confidence),Non-Inhibitor,0.0,Non-Inhibitor  (High Confidence),Non-Substrate,0.405,Non-Substrate  (Low Confidence),372.22,Low Skin Permeability: log KP > -2.5,-2.95,- ,Non-Penetrable,0.0,Non-Penetrable  (High Confidence),1.12,,42.75,Proper Value: therapeutic index < 90 perc; Poor Value value > 90 perc,0.46,Low Value: < 0.71 L/kg (log VDss < -0.15); High Value > 2.81 L/kg (log VDss > 0.45).,Non-Inhibitor,0.021,Non-Inhibitor  (High Confidence),Inhibitor,0.918,Inhibitor  (High Confidence),Non-Substrate,0.0,Non-Substrate  (High Confidence),Non-Inhibitor,0.001,Non-Inhibitor  (High Confidence),Non-Substrate,0.035,Non-Substrate  (High Confidence),Non-Inhibitor,0.006,Non-Inhibitor  (High Confidence),Non-Substrate,0.413,Non-Substrate  (Low Confidence),Non-Inhibitor,0.0,Non-Inhibitor  (High Confidence),Non-Substrate,0.109,Non-Substrate  (High Confidence),Non-Inhibitor,0.009,Non-Inhibitor  (High Confidence),Non-Substrate,0.0,Non-Substrate  (High Confidence),Inhibitor,0.944,Inhibitor  (High Confidence),Inhibitor,0.839,Inhibitor  (High Confidence),8.2,,Non-Inhibitor,0.162,Non-Inhibitor  (High Confidence),Half-Life >= 3hs,0.539,Half-Life >= 3hs  (Low Confidence),Safe,0.0,Safe  (High Confidence),Safe,0.0,Safe  (High Confidence),Safe,0.175,Safe  (Medium Confidence),-7.57,,Safe,0.0,Safe  (High Confidence),Safe,0.014,Safe  (High Confidence),Safe,0.0,Safe  (High Confidence),Toxic,0.765,Toxic  (Medium Confidence),Safe,0.0,Safe  (High Confidence),Safe,0.177,Safe  (Medium Confidence),0.53,MTRD <= 0.477: Low<br/>&nbsp;&nbsp;<br/>&nbsp;&nbsp;MTRD > 0.477: High,Toxic,0.767,Toxic  (Medium Confidence),Safe,0.001,Safe  (High Confidence),7.94,,Toxic,1.0,Toxic  (High Confidence),Safe,0.006,Safe  (High Confidence),Safe,0.468,Safe  (Low Confidence),Safe,0.027,Safe  (High Confidence),Safe,0.0,Safe  (High Confidence),Safe,0.068,Safe  (High Confidence),Safe,0.0,Safe  (High Confidence),Safe,0.01,Safe  (High Confidence),Safe,0.0,Safe  (High Confidence),Safe,0.003,Safe  (High Confidence),-678483.59,PIGC50% > -0.5 log ug/L: toxic,2.17,,4.24,,869.75,LC50% < 0.5mM <br/>&nbsp;&nbsp;<br/>&nbsp;&nbsp; (log LC50% < -0.3) = <br/>&nbsp;&nbsp;<br/>&nbsp;&nbsp; High Acute Toxicity,Toxic,0.93,Toxic  (High Confidence),Safe,0.456,Safe  (Low Confidence),Safe,0.3,Safe  (Medium Confidence),Safe,0.0,Safe  (High Confidence),Safe,0.0,Safe  (High Confidence),Toxic,0.808,Toxic  (Medium Confidence),Safe,0.0,Safe  (High Confidence),67261.46,BP<25: gas,-2.92,,-0.47,Proper Value: 1 to 3 log mol/L,2.38,Proper Value: 0 to 3 log mol/L,-2.95,Proper Value: -4 to 0.5 log mol/L,-2296.39,Vapor (Gas) Phase: log vp < 4; Vapor and Particulate Phase: 5 =< log vp < 8; Solid Phase: log vp > 8 ,294.75,MP<25: liquid; MP>25:solid,2.33,,4.98,,720.64,2.92,289.04,10.0,14.0,12.0,False,False,False
O=C(O)c1cc(O)c(O)c(O)c1,18,Gallic acid,Gallic acid,Phyllanthus niruri,Phyllanthus niruri,370,370,C7H6O5,False,0.9888668,O=C(O)c1cc(O)c(O)c(O)c1,-5.33,,Bioavailable,0.56,Bioavailable  (Low Confidence),Absorbed,0.858,Absorbed  (High Confidence),-4.8,Proper Value:  > 2 x 10-6cm/s,Non-Bioavailable,0.448,Non-Bioavailable  (Low Confidence),Non-Inhibitor,0.0,Non-Inhibitor  (High Confidence),Non-Substrate,0.128,Non-Substrate  (High Confidence),-2.04,Low Skin Permeability: log KP > -2.5,-3.12,- ,Non-Penetrable,0.002,Non-Penetrable  (High Confidence),0.53,,32.52,Proper Value: therapeutic index < 90 perc; Poor Value value > 90 perc,0.0,Low Value: < 0.71 L/kg (log VDss < -0.15); High Value > 2.81 L/kg (log VDss > 0.45).,Non-Inhibitor,0.082,Non-Inhibitor  (High Confidence),Non-Inhibitor,0.01,Non-Inhibitor  (High Confidence),Non-Substrate,0.145,Non-Substrate  (High Confidence),Non-Inhibitor,0.144,Non-Inhibitor  (High Confidence),Non-Substrate,0.352,Non-Substrate  (Low Confidence),Non-Inhibitor,0.091,Non-Inhibitor  (High Confidence),Non-Substrate,0.003,Non-Substrate  (High Confidence),Non-Inhibitor,0.0,Non-Inhibitor  (High Confidence),Non-Substrate,0.281,Non-Substrate  (Medium Confidence),Non-Inhibitor,0.071,Non-Inhibitor  (High Confidence),Non-Substrate,0.004,Non-Substrate  (High Confidence),Non-Inhibitor,0.059,Non-Inhibitor  (High Confidence),Non-Inhibitor,0.054,Non-Inhibitor  (High Confidence),9.83,,Non-Inhibitor,0.01,Non-Inhibitor  (High Confidence),Half-Life >= 3hs,0.624,Half-Life >= 3hs  (Low Confidence),Safe,0.057,Safe  (High Confidence),Safe,0.016,Safe  (High Confidence),Safe,0.294,Safe  (Medium Confidence),-0.3,,Toxic,0.985,Toxic  (High Confidence),Safe,0.118,Safe  (High Confidence),Safe,0.005,Safe  (High Confidence),Toxic,0.72,Toxic  (Medium Confidence),Safe,0.012,Safe  (High Confidence),Toxic,0.953,Toxic  (High Confidence),0.64,MTRD <= 0.477: Low<br/>&nbsp;&nbsp;<br/>&nbsp;&nbsp;MTRD > 0.477: High,Safe,0.301,Safe  (Medium Confidence),Safe,0.016,Safe  (High Confidence),3.09,,Toxic,0.72,Toxic  (Medium Confidence),Safe,0.159,Safe  (High Confidence),Safe,0.013,Safe  (High Confidence),Safe,0.004,Safe  (High Confidence),Safe,0.0,Safe  (High Confidence),Safe,0.018,Safe  (High Confidence),Safe,0.018,Safe  (High Confidence),Safe,0.024,Safe  (High Confidence),Safe,0.0,Safe  (High Confidence),Safe,0.001,Safe  (High Confidence),1.92,PIGC50% > -0.5 log ug/L: toxic,1.95,,3.64,,3.51,LC50% < 0.5mM <br/>&nbsp;&nbsp;<br/>&nbsp;&nbsp; (log LC50% < -0.3) = <br/>&nbsp;&nbsp;<br/>&nbsp;&nbsp; High Acute Toxicity,Toxic,0.876,Toxic  (High Confidence),Toxic,0.652,Toxic  (Low Confidence),Toxic,0.625,Toxic  (Low Confidence),Safe,0.0,Safe  (High Confidence),Safe,0.011,Safe  (High Confidence),Safe,0.102,Safe  (High Confidence),Safe,0.004,Safe  (High Confidence),371.47,BP<25: gas,-12.64,,-1.89,Proper Value: 1 to 3 log mol/L,0.54,Proper Value: 0 to 3 log mol/L,-0.72,Proper Value: -4 to 0.5 log mol/L,-6.13,Vapor (Gas) Phase: log vp < 4; Vapor and Particulate Phase: 5 =< log vp < 8; Solid Phase: log vp > 8 ,231.74,MP<25: liquid; MP>25:solid,5.69,,3.71,,170.12,0.5,97.99,4.0,4.0,1.0,False,False,False
CC1OC(Oc2cc(O)c3c(c2)OC(c2ccc(O)c(O)c2)CC3=O)C(O)C(O)C1O,19,Eriodictin,Eriodictin,Phyllanthus niruri,Phyllanthus niruri,101789466,101789466,C21H22O10,False,0.9877944,CC1OC(Oc2cc(O)c3c(c2)OC(c2ccc(O)c(O)c2)CC3=O)C(O)C(O)C1O,-7.01,,Non-Bioavailable,0.358,Non-Bioavailable  (Low Confidence),Non-Absorbed,0.329,Non-Absorbed  (Medium Confidence),-5.19,Proper Value:  > 2 x 10-6cm/s,Non-Bioavailable,0.284,Non-Bioavailable  (Medium Confidence),Non-Inhibitor,0.053,Non-Inhibitor  (High Confidence),Substrate,0.541,Substrate  (Low Confidence),-0.73,Low Skin Permeability: log KP > -2.5,-4.08,- ,Non-Penetrable,0.003,Non-Penetrable  (High Confidence),0.9,,21.02,Proper Value: therapeutic index < 90 perc; Poor Value value > 90 perc,0.93,Low Value: < 0.71 L/kg (log VDss < -0.15); High Value > 2.81 L/kg (log VDss > 0.45).,Non-Inhibitor,0.064,Non-Inhibitor  (High Confidence),Non-Inhibitor,0.128,Non-Inhibitor  (High Confidence),Non-Substrate,0.065,Non-Substrate  (High Confidence),Non-Inhibitor,0.001,Non-Inhibitor  (High Confidence),Non-Substrate,0.358,Non-Substrate  (Low Confidence),Non-Inhibitor,0.025,Non-Inhibitor  (High Confidence),Non-Substrate,0.229,Non-Substrate  (Medium Confidence),Non-Inhibitor,0.0,Non-Inhibitor  (High Confidence),Non-Substrate,0.195,Non-Substrate  (Medium Confidence),Non-Inhibitor,0.048,Non-Inhibitor  (High Confidence),Non-Substrate,0.012,Non-Substrate  (High Confidence),Non-Inhibitor,0.221,Non-Inhibitor  (Medium Confidence),Non-Inhibitor,0.156,Non-Inhibitor  (High Confidence),15.88,,Non-Inhibitor,0.187,Non-Inhibitor  (Medium Confidence),Half-Life < 3hs,0.34,Half-Life < 3hs  (Low Confidence),Toxic,0.938,Toxic  (High Confidence),Safe,0.006,Safe  (High Confidence),Toxic,0.741,Toxic  (Medium Confidence),-1.99,,Safe,0.317,Safe  (Medium Confidence),Safe,0.074,Safe  (High Confidence),Safe,0.049,Safe  (High Confidence),Safe,0.403,Safe  (Low Confidence),Safe,0.0,Safe  (High Confidence),Safe,0.179,Safe  (Medium Confidence),0.88,MTRD <= 0.477: Low<br/>&nbsp;&nbsp;<br/>&nbsp;&nbsp;MTRD > 0.477: High,Toxic,0.533,Toxic  (Low Confidence),Safe,0.019,Safe  (High Confidence),5.54,,Toxic,0.997,Toxic  (High Confidence),Safe,0.255,Safe  (Medium Confidence),Safe,0.184,Safe  (Medium Confidence),Safe,0.002,Safe  (High Confidence),Safe,0.001,Safe  (High Confidence),Safe,0.144,Safe  (High Confidence),Safe,0.031,Safe  (High Confidence),Safe,0.228,Safe  (Medium Confidence),Safe,0.0,Safe  (High Confidence),Safe,0.025,Safe  (High Confidence),-37.4,PIGC50% > -0.5 log ug/L: toxic,2.23,,3.9,,4.21,LC50% < 0.5mM <br/>&nbsp;&nbsp;<br/>&nbsp;&nbsp; (log LC50% < -0.3) = <br/>&nbsp;&nbsp;<br/>&nbsp;&nbsp; High Acute Toxicity,Toxic,0.586,Toxic  (Low Confidence),Safe,0.488,Safe  (Low Confidence),Safe,0.183,Safe  (Medium Confidence),Safe,0.009,Safe  (High Confidence),Safe,0.002,Safe  (High Confidence),Safe,0.128,Safe  (High Confidence),Safe,0.001,Safe  (High Confidence),549.57,BP<25: gas,-6.46,,0.94,Proper Value: 1 to 3 log mol/L,0.54,Proper Value: 0 to 3 log mol/L,-4.08,Proper Value: -4 to 0.5 log mol/L,-10.76,Vapor (Gas) Phase: log vp < 4; Vapor and Particulate Phase: 5 =< log vp < 8; Solid Phase: log vp > 8 ,206.92,MP<25: liquid; MP>25:solid,5.51,,6.01,,434.4,0.72,166.14,6.0,10.0,3.0,False,False,False
CC1OC(OCC2OC(OCCc3ccc(O)c(O)c3)C(O)C(O)C2OC(=O)C=Cc2ccc(O)c(O)c2)C(O)C(O)C1O,20,Forsythiaside,Forsythiaside,Forsythia suspensa,Forsythia suspensa,5281773,5281773,C29H36O15,False,0.98761576,CC1OC(OCC2OC(OCCc3ccc(O)c(O)c3)C(O)C(O)C2OC(=O)C=Cc2ccc(O)c(O)c2)C(O)C(O)C1O,-6.81,,Non-Bioavailable,0.208,Non-Bioavailable  (Medium Confidence),Non-Absorbed,0.106,Non-Absorbed  (High Confidence),-5.11,Proper Value:  > 2 x 10-6cm/s,Non-Bioavailable,0.085,Non-Bioavailable  (High Confidence),Non-Inhibitor,0.227,Non-Inhibitor  (Medium Confidence),Substrate,0.542,Substrate  (Low Confidence),9.29,Low Skin Permeability: log KP > -2.5,-4.02,- ,Non-Penetrable,0.0,Non-Penetrable  (High Confidence),0.76,,-12.13,Proper Value: therapeutic index < 90 perc; Poor Value value > 90 perc,0.75,Low Value: < 0.71 L/kg (log VDss < -0.15); High Value > 2.81 L/kg (log VDss > 0.45).,Non-Inhibitor,0.011,Non-Inhibitor  (High Confidence),Non-Inhibitor,0.034,Non-Inhibitor  (High Confidence),Non-Substrate,0.002,Non-Substrate  (High Confidence),Non-Inhibitor,0.001,Non-Inhibitor  (High Confidence),Non-Substrate,0.277,Non-Substrate  (Medium Confidence),Non-Inhibitor,0.104,Non-Inhibitor  (High Confidence),Non-Substrate,0.001,Non-Substrate  (High Confidence),Non-Inhibitor,0.0,Non-Inhibitor  (High Confidence),Non-Substrate,0.12,Non-Substrate  (High Confidence),Non-Inhibitor,0.036,Non-Inhibitor  (High Confidence),Non-Substrate,0.001,Non-Substrate  (High Confidence),Non-Inhibitor,0.299,Non-Inhibitor  (Medium Confidence),Non-Inhibitor,0.238,Non-Inhibitor  (Medium Confidence),12.81,,Non-Inhibitor,0.155,Non-Inhibitor  (High Confidence),Half-Life >= 3hs,0.576,Half-Life >= 3hs  (Low Confidence),Toxic,0.612,Toxic  (Low Confidence),Safe,0.0,Safe  (High Confidence),Safe,0.365,Safe  (Low Confidence),-3.39,,Toxic,0.951,Toxic  (High Confidence),Safe,0.01,Safe  (High Confidence),Safe,0.0,Safe  (High Confidence),Toxic,0.532,Toxic  (Low Confidence),Safe,0.0,Safe  (High Confidence),Safe,0.027,Safe  (High Confidence),0.68,MTRD <= 0.477: Low<br/>&nbsp;&nbsp;<br/>&nbsp;&nbsp;MTRD > 0.477: High,Toxic,0.531,Toxic  (Low Confidence),Safe,0.002,Safe  (High Confidence),6.61,,Toxic,0.996,Toxic  (High Confidence),Safe,0.044,Safe  (High Confidence),Safe,0.126,Safe  (High Confidence),Safe,0.008,Safe  (High Confidence),Safe,0.0,Safe  (High Confidence),Safe,0.054,Safe  (High Confidence),Safe,0.001,Safe  (High Confidence),Safe,0.087,Safe  (High Confidence),Safe,0.0,Safe  (High Confidence),Safe,0.001,Safe  (High Confidence),-18853.11,PIGC50% > -0.5 log ug/L: toxic,2.08,,4.59,,41.0,LC50% < 0.5mM <br/>&nbsp;&nbsp;<br/>&nbsp;&nbsp; (log LC50% < -0.3) = <br/>&nbsp;&nbsp;<br/>&nbsp;&nbsp; High Acute Toxicity,Safe,0.056,Safe  (High Confidence),Safe,0.408,Safe  (Low Confidence),Safe,0.351,Safe  (Low Confidence),Safe,0.007,Safe  (High Confidence),Safe,0.001,Safe  (High Confidence),Safe,0.039,Safe  (High Confidence),Safe,0.001,Safe  (High Confidence),353.98,BP<25: gas,-2.92,,0.01,Proper Value: 1 to 3 log mol/L,-0.2,Proper Value: 0 to 3 log mol/L,-4.01,Proper Value: -4 to 0.5 log mol/L,-14.56,Vapor (Gas) Phase: log vp < 4; Vapor and Particulate Phase: 5 =< log vp < 8; Solid Phase: log vp > 8 ,187.78,MP<25: liquid; MP>25:solid,4.92,,4.88,,624.59,-1.02,245.29,9.0,15.0,10.0,False,False,False
CC(=O)OCC1OC(OC2(COC(C)=O)OC(COC(=O)C=Cc3ccccc3)C(O)C2OC(=O)C=Cc2ccccc2)C(OC(C)=O)C(O)C1OC(C)=O,21,Niruriside,Niruriside,Phyllanthus niruri,Phyllanthus niruri,70697928,70697928,C38H42O17,False,0.98708504,CC(=O)OCC1OC(OC2(COC(C)=O)OC(COC(=O)C=Cc3ccccc3)C(O)C2OC(=O)C=Cc2ccccc2)C(OC(C)=O)C(O)C1OC(C)=O,-5.37,,Non-Bioavailable,0.154,Non-Bioavailable  (High Confidence),Absorbed,0.671,Absorbed  (Medium Confidence),9.14,Proper Value:  > 2 x 10-6cm/s,Non-Bioavailable,0.111,Non-Bioavailable  (High Confidence),Inhibitor,1.0,Inhibitor  (High Confidence),Substrate,0.808,Substrate  (Medium Confidence),1862.2,Low Skin Permeability: log KP > -2.5,-3.29,- ,Non-Penetrable,0.274,Non-Penetrable  (Medium Confidence),0.58,,-7.96,Proper Value: therapeutic index < 90 perc; Poor Value value > 90 perc,1.97,Low Value: < 0.71 L/kg (log VDss < -0.15); High Value > 2.81 L/kg (log VDss > 0.45).,Non-Inhibitor,0.201,Non-Inhibitor  (Medium Confidence),Non-Inhibitor,0.014,Non-Inhibitor  (High Confidence),Non-Substrate,0.018,Non-Substrate  (High Confidence),Inhibitor,0.583,Inhibitor  (Low Confidence),Non-Substrate,0.118,Non-Substrate  (High Confidence),Non-Inhibitor,0.105,Non-Inhibitor  (High Confidence),Non-Substrate,0.0,Non-Substrate  (High Confidence),Inhibitor,0.693,Inhibitor  (Medium Confidence),Non-Substrate,0.037,Non-Substrate  (High Confidence),Non-Inhibitor,0.163,Non-Inhibitor  (High Confidence),Non-Substrate,0.003,Non-Substrate  (High Confidence),Inhibitor,0.752,Inhibitor  (Medium Confidence),Inhibitor,0.681,Inhibitor  (Medium Confidence),7.5,,Non-Inhibitor,0.018,Non-Inhibitor  (High Confidence),Half-Life >= 3hs,0.646,Half-Life >= 3hs  (Low Confidence),Safe,0.203,Safe  (Medium Confidence),Safe,0.01,Safe  (High Confidence),Toxic,0.561,Toxic  (Low Confidence),-47.57,,Safe,0.351,Safe  (Low Confidence),Safe,0.066,Safe  (High Confidence),Safe,0.065,Safe  (High Confidence),Safe,0.449,Safe  (Low Confidence),Safe,0.0,Safe  (High Confidence),Safe,0.036,Safe  (High Confidence),1.55,MTRD <= 0.477: Low<br/>&nbsp;&nbsp;<br/>&nbsp;&nbsp;MTRD > 0.477: High,Toxic,0.619,Toxic  (Low Confidence),Safe,0.0,Safe  (High Confidence),7.4,,Toxic,0.99,Toxic  (High Confidence),Safe,0.011,Safe  (High Confidence),Safe,0.152,Safe  (High Confidence),Safe,0.005,Safe  (High Confidence),Safe,0.0,Safe  (High Confidence),Safe,0.052,Safe  (High Confidence),Safe,0.008,Safe  (High Confidence),Safe,0.435,Safe  (Low Confidence),Safe,0.006,Safe  (High Confidence),Safe,0.0,Safe  (High Confidence),-3384780.53,PIGC50% > -0.5 log ug/L: toxic,2.83,,3.7,,4279.27,LC50% < 0.5mM <br/>&nbsp;&nbsp;<br/>&nbsp;&nbsp; (log LC50% < -0.3) = <br/>&nbsp;&nbsp;<br/>&nbsp;&nbsp; High Acute Toxicity,Safe,0.005,Safe  (High Confidence),Safe,0.1,Safe  (High Confidence),Toxic,0.924,Toxic  (High Confidence),Safe,0.035,Safe  (High Confidence),Safe,0.059,Safe  (High Confidence),Safe,0.017,Safe  (High Confidence),Safe,0.003,Safe  (High Confidence),375041.8,BP<25: gas,-2.92,,1.41,Proper Value: 1 to 3 log mol/L,3.72,Proper Value: 0 to 3 log mol/L,-3.37,Proper Value: -4 to 0.5 log mol/L,-12350.98,Vapor (Gas) Phase: log vp < 4; Vapor and Particulate Phase: 5 =< log vp < 8; Solid Phase: log vp > 8 ,113.9,MP<25: liquid; MP>25:solid,-55.36,,-6.18,,770.74,1.42,225.95,2.0,17.0,15.0,False,False,False
COc1cc(OC2OC(CO)C(O)C(O)C2O)c2c(c1OC)OC(c1ccccc1)CC2=O,22,Andrographidin A,Andrographidin A,Andrographis paniculata,Andrographis paniculata,13963762,13963762,C23H26O10,False,0.98696226,COc1cc(OC2OC(CO)C(O)C(O)C2O)c2c(c1OC)OC(c1ccccc1)CC2=O,-5.96,,Bioavailable,0.628,Bioavailable  (Low Confidence),Absorbed,0.715,Absorbed  (Medium Confidence),-4.7,Proper Value:  > 2 x 10-6cm/s,Non-Bioavailable,0.447,Non-Bioavailable  (Low Confidence),Inhibitor,0.953,Inhibitor  (High Confidence),Non-Substrate,0.462,Non-Substrate  (Low Confidence),-1.01,Low Skin Permeability: log KP > -2.5,-4.24,- ,Non-Penetrable,0.072,Non-Penetrable  (High Confidence),1.04,,25.44,Proper Value: therapeutic index < 90 perc; Poor Value value > 90 perc,1.11,Low Value: < 0.71 L/kg (log VDss < -0.15); High Value > 2.81 L/kg (log VDss > 0.45).,Non-Inhibitor,0.061,Non-Inhibitor  (High Confidence),Non-Inhibitor,0.272,Non-Inhibitor  (Medium Confidence),Non-Substrate,0.087,Non-Substrate  (High Confidence),Non-Inhibitor,0.029,Non-Inhibitor  (High Confidence),Non-Substrate,0.319,Non-Substrate  (Medium Confidence),Non-Inhibitor,0.07,Non-Inhibitor  (High Confidence),Non-Substrate,0.004,Non-Substrate  (High Confidence),Non-Inhibitor,0.008,Non-Inhibitor  (High Confidence),Non-Substrate,0.224,Non-Substrate  (Medium Confidence),Non-Inhibitor,0.193,Non-Inhibitor  (Medium Confidence),Substrate,0.83,Substrate  (Medium Confidence),Non-Inhibitor,0.235,Non-Inhibitor  (Medium Confidence),Non-Inhibitor,0.244,Non-Inhibitor  (Medium Confidence),7.04,,Non-Inhibitor,0.052,Non-Inhibitor  (High Confidence),Half-Life < 3hs,0.338,Half-Life < 3hs  (Low Confidence),Safe,0.466,Safe  (Low Confidence),Safe,0.002,Safe  (High Confidence),Toxic,0.829,Toxic  (Medium Confidence),-0.76,,Safe,0.259,Safe  (Medium Confidence),Safe,0.018,Safe  (High Confidence),Safe,0.117,Safe  (High Confidence),Safe,0.335,Safe  (Low Confidence),Safe,0.0,Safe  (High Confidence),Safe,0.006,Safe  (High Confidence),0.83,MTRD <= 0.477: Low<br/>&nbsp;&nbsp;<br/>&nbsp;&nbsp;MTRD > 0.477: High,Toxic,0.595,Toxic  (Low Confidence),Safe,0.005,Safe  (High Confidence),5.86,,Toxic,0.953,Toxic  (High Confidence),Safe,0.406,Safe  (Low Confidence),Safe,0.264,Safe  (Medium Confidence),Safe,0.006,Safe  (High Confidence),Safe,0.002,Safe  (High Confidence),Safe,0.029,Safe  (High Confidence),Safe,0.001,Safe  (High Confidence),Safe,0.333,Safe  (Medium Confidence),Safe,0.001,Safe  (High Confidence),Safe,0.006,Safe  (High Confidence),-153.5,PIGC50% > -0.5 log ug/L: toxic,2.82,,3.81,,4.44,LC50% < 0.5mM <br/>&nbsp;&nbsp;<br/>&nbsp;&nbsp; (log LC50% < -0.3) = <br/>&nbsp;&nbsp;<br/>&nbsp;&nbsp; High Acute Toxicity,Safe,0.071,Safe  (High Confidence),Safe,0.185,Safe  (Medium Confidence),Safe,0.314,Safe  (Medium Confidence),Safe,0.07,Safe  (High Confidence),Safe,0.002,Safe  (High Confidence),Safe,0.015,Safe  (High Confidence),Safe,0.009,Safe  (High Confidence),478.01,BP<25: gas,-3.08,,1.0,Proper Value: 1 to 3 log mol/L,0.48,Proper Value: 0 to 3 log mol/L,-3.47,Proper Value: -4 to 0.5 log mol/L,-10.23,Vapor (Gas) Phase: log vp < 4; Vapor and Particulate Phase: 5 =< log vp < 8; Solid Phase: log vp > 8 ,176.79,MP<25: liquid; MP>25:solid,5.89,,2.4,,462.45,0.59,144.14,4.0,10.0,6.0,False,False,False
CCCCCCCCC=CCCCCCCCC(=O)OCC(O)COC1OC(COC2OC(CO)C(O)C(O)C2O)C(O)C(O)C1O,23,Gingerglycolipid C,Gingerglycolipid C,Zingiber officinale,Zingiber officinale,10259020,10259020,C33H60O14,False,0.9847536,CCCCCCCCC=CCCCCCCCC(=O)OCC(O)COC1OC(COC2OC(CO)C(O)C(O)C2O)C(O)C(O)C1O,-6.25,,Non-Bioavailable,0.051,Non-Bioavailable  (High Confidence),Non-Absorbed,0.047,Non-Absorbed  (High Confidence),-5.14,Proper Value:  > 2 x 10-6cm/s,Non-Bioavailable,0.036,Non-Bioavailable  (High Confidence),Non-Inhibitor,0.142,Non-Inhibitor  (High Confidence),Non-Substrate,0.345,Non-Substrate  (Low Confidence),33.6,Low Skin Permeability: log KP > -2.5,-3.69,- ,Non-Penetrable,0.0,Non-Penetrable  (High Confidence),0.99,,10.47,Proper Value: therapeutic index < 90 perc; Poor Value value > 90 perc,0.38,Low Value: < 0.71 L/kg (log VDss < -0.15); High Value > 2.81 L/kg (log VDss > 0.45).,Non-Inhibitor,0.01,Non-Inhibitor  (High Confidence),Non-Inhibitor,0.405,Non-Inhibitor  (Low Confidence),Non-Substrate,0.0,Non-Substrate  (High Confidence),Non-Inhibitor,0.003,Non-Inhibitor  (High Confidence),Non-Substrate,0.31,Non-Substrate  (Medium Confidence),Non-Inhibitor,0.243,Non-Inhibitor  (Medium Confidence),Non-Substrate,0.0,Non-Substrate  (High Confidence),Non-Inhibitor,0.001,Non-Inhibitor  (High Confidence),Non-Substrate,0.048,Non-Substrate  (High Confidence),Non-Inhibitor,0.119,Non-Inhibitor  (High Confidence),Non-Substrate,0.001,Non-Substrate  (High Confidence),Non-Inhibitor,0.031,Non-Inhibitor  (High Confidence),Non-Inhibitor,0.246,Non-Inhibitor  (Medium Confidence),0.44,,Non-Inhibitor,0.003,Non-Inhibitor  (High Confidence),Half-Life >= 3hs,0.633,Half-Life >= 3hs  (Low Confidence),Safe,0.004,Safe  (High Confidence),Safe,0.0,Safe  (High Confidence),Safe,0.203,Safe  (Medium Confidence),-2.67,,Toxic,0.996,Toxic  (High Confidence),Safe,0.003,Safe  (High Confidence),Safe,0.004,Safe  (High Confidence),Safe,0.406,Safe  (Low Confidence),Safe,0.0,Safe  (High Confidence),Safe,0.011,Safe  (High Confidence),0.96,MTRD <= 0.477: Low<br/>&nbsp;&nbsp;<br/>&nbsp;&nbsp;MTRD > 0.477: High,Safe,0.292,Safe  (Medium Confidence),Safe,0.013,Safe  (High Confidence),6.54,,Safe,0.004,Safe  (High Confidence),Safe,0.0,Safe  (High Confidence),Safe,0.041,Safe  (High Confidence),Safe,0.0,Safe  (High Confidence),Safe,0.0,Safe  (High Confidence),Safe,0.014,Safe  (High Confidence),Safe,0.001,Safe  (High Confidence),Safe,0.013,Safe  (High Confidence),Safe,0.0,Safe  (High Confidence),Safe,0.0,Safe  (High Confidence),-62824.84,PIGC50% > -0.5 log ug/L: toxic,2.22,,4.09,,95.11,LC50% < 0.5mM <br/>&nbsp;&nbsp;<br/>&nbsp;&nbsp; (log LC50% < -0.3) = <br/>&nbsp;&nbsp;<br/>&nbsp;&nbsp; High Acute Toxicity,Safe,0.002,Safe  (High Confidence),Toxic,0.591,Toxic  (Low Confidence),Safe,0.006,Safe  (High Confidence),Safe,0.0,Safe  (High Confidence),Safe,0.001,Safe  (High Confidence),Safe,0.0,Safe  (High Confidence),Safe,0.0,Safe  (High Confidence),2640.57,BP<25: gas,-2.92,,1.94,Proper Value: 1 to 3 log mol/L,3.5,Proper Value: 0 to 3 log mol/L,-2.74,Proper Value: -4 to 0.5 log mol/L,-90.44,Vapor (Gas) Phase: log vp < 4; Vapor and Particulate Phase: 5 =< log vp < 8; Solid Phase: log vp > 8 ,86.15,MP<25: liquid; MP>25:solid,4.6,,5.86,,680.83,0.57,225.06,8.0,14.0,24.0,False,True,True
CCCCCC=CCC=CCCCCCCCC(=O)OCC(O)COC1OC(COC2OC(CO)C(O)C(O)C2O)C(O)C(O)C1O,24,Gingerglycolipid B,Gingerglycolipid B,Zingiber officinale,Zingiber officinale,10009754,10009754,C33H58O14,False,0.98463196,CCCCCC=CCC=CCCCCCCCC(=O)OCC(O)COC1OC(COC2OC(CO)C(O)C(O)C2O)C(O)C(O)C1O,-6.23,,Non-Bioavailable,0.086,Non-Bioavailable  (High Confidence),Non-Absorbed,0.056,Non-Absorbed  (High Confidence),-5.12,Proper Value:  > 2 x 10-6cm/s,Non-Bioavailable,0.043,Non-Bioavailable  (High Confidence),Non-Inhibitor,0.083,Non-Inhibitor  (High Confidence),Non-Substrate,0.339,Non-Substrate  (Low Confidence),33.58,Low Skin Permeability: log KP > -2.5,-3.88,- ,Non-Penetrable,0.001,Non-Penetrable  (High Confidence),1.01,,8.0,Proper Value: therapeutic index < 90 perc; Poor Value value > 90 perc,0.41,Low Value: < 0.71 L/kg (log VDss < -0.15); High Value > 2.81 L/kg (log VDss > 0.45).,Non-Inhibitor,0.009,Non-Inhibitor  (High Confidence),Non-Inhibitor,0.425,Non-Inhibitor  (Low Confidence),Non-Substrate,0.0,Non-Substrate  (High Confidence),Non-Inhibitor,0.002,Non-Inhibitor  (High Confidence),Non-Substrate,0.279,Non-Substrate  (Medium Confidence),Inhibitor,0.578,Inhibitor  (Low Confidence),Non-Substrate,0.0,Non-Substrate  (High Confidence),Non-Inhibitor,0.001,Non-Inhibitor  (High Confidence),Non-Substrate,0.047,Non-Substrate  (High Confidence),Non-Inhibitor,0.197,Non-Inhibitor  (Medium Confidence),Non-Substrate,0.001,Non-Substrate  (High Confidence),Non-Inhibitor,0.058,Non-Inhibitor  (High Confidence),Non-Inhibitor,0.236,Non-Inhibitor  (Medium Confidence),0.12,,Non-Inhibitor,0.003,Non-Inhibitor  (High Confidence),Half-Life >= 3hs,0.621,Half-Life >= 3hs  (Low Confidence),Safe,0.051,Safe  (High Confidence),Safe,0.0,Safe  (High Confidence),Safe,0.231,Safe  (Medium Confidence),-2.61,,Toxic,0.996,Toxic  (High Confidence),Safe,0.004,Safe  (High Confidence),Safe,0.001,Safe  (High Confidence),Safe,0.335,Safe  (Low Confidence),Safe,0.0,Safe  (High Confidence),Safe,0.009,Safe  (High Confidence),0.93,MTRD <= 0.477: Low<br/>&nbsp;&nbsp;<br/>&nbsp;&nbsp;MTRD > 0.477: High,Safe,0.288,Safe  (Medium Confidence),Safe,0.007,Safe  (High Confidence),6.48,,Safe,0.009,Safe  (High Confidence),Safe,0.0,Safe  (High Confidence),Safe,0.045,Safe  (High Confidence),Safe,0.0,Safe  (High Confidence),Safe,0.0,Safe  (High Confidence),Safe,0.014,Safe  (High Confidence),Safe,0.001,Safe  (High Confidence),Safe,0.018,Safe  (High Confidence),Safe,0.0,Safe  (High Confidence),Safe,0.0,Safe  (High Confidence),-62827.89,PIGC50% > -0.5 log ug/L: toxic,2.22,,4.04,,95.54,LC50% < 0.5mM <br/>&nbsp;&nbsp;<br/>&nbsp;&nbsp; (log LC50% < -0.3) = <br/>&nbsp;&nbsp;<br/>&nbsp;&nbsp; High Acute Toxicity,Safe,0.006,Safe  (High Confidence),Toxic,0.592,Toxic  (Low Confidence),Safe,0.02,Safe  (High Confidence),Safe,0.0,Safe  (High Confidence),Safe,0.001,Safe  (High Confidence),Safe,0.0,Safe  (High Confidence),Safe,0.0,Safe  (High Confidence),2583.0,BP<25: gas,-2.92,,1.87,Proper Value: 1 to 3 log mol/L,2.83,Proper Value: 0 to 3 log mol/L,-2.69,Proper Value: -4 to 0.5 log mol/L,-87.89,Vapor (Gas) Phase: log vp < 4; Vapor and Particulate Phase: 5 =< log vp < 8; Solid Phase: log vp > 8 ,83.54,MP<25: liquid; MP>25:solid,4.21,,5.91,,678.81,0.34,225.06,8.0,14.0,23.0,False,True,True
O=C1c2c(O)cc(O)cc2OC(c2ccc(O)cc2)C1O,25,(+)-Dihydrokaempferol,(+)-Dihydrokaempferol,Zingiber officinale,Zingiber officinale,122850,122850,C15H12O6,False,0.9844201,O=C1c2c(O)cc(O)cc2OC(c2ccc(O)cc2)C1O,-5.22,,Non-Bioavailable,0.417,Non-Bioavailable  (Low Confidence),Absorbed,0.927,Absorbed  (High Confidence),-5.01,Proper Value:  > 2 x 10-6cm/s,Non-Bioavailable,0.463,Non-Bioavailable  (Low Confidence),Non-Inhibitor,0.059,Non-Inhibitor  (High Confidence),Non-Substrate,0.158,Non-Substrate  (High Confidence),-1.28,Low Skin Permeability: log KP > -2.5,-3.03,- ,Non-Penetrable,0.006,Non-Penetrable  (High Confidence),0.85,,48.99,Proper Value: therapeutic index < 90 perc; Poor Value value > 90 perc,0.91,Low Value: < 0.71 L/kg (log VDss < -0.15); High Value > 2.81 L/kg (log VDss > 0.45).,Non-Inhibitor,0.2,Non-Inhibitor  (Medium Confidence),Non-Inhibitor,0.075,Non-Inhibitor  (High Confidence),Non-Substrate,0.415,Non-Substrate  (Low Confidence),Non-Inhibitor,0.197,Non-Inhibitor  (Medium Confidence),Substrate,0.509,Substrate  (Low Confidence),Non-Inhibitor,0.457,Non-Inhibitor  (Low Confidence),Substrate,0.948,Substrate  (High Confidence),Non-Inhibitor,0.113,Non-Inhibitor  (High Confidence),Non-Substrate,0.222,Non-Substrate  (Medium Confidence),Inhibitor,0.647,Inhibitor  (Low Confidence),Non-Substrate,0.01,Non-Substrate  (High Confidence),Non-Inhibitor,0.195,Non-Inhibitor  (Medium Confidence),Non-Inhibitor,0.078,Non-Inhibitor  (High Confidence),10.46,,Non-Inhibitor,0.257,Non-Inhibitor  (Medium Confidence),Half-Life < 3hs,0.384,Half-Life < 3hs  (Low Confidence),Safe,0.005,Safe  (High Confidence),Safe,0.022,Safe  (High Confidence),Toxic,0.74,Toxic  (Medium Confidence),0.62,,Safe,0.057,Safe  (High Confidence),Safe,0.304,Safe  (Medium Confidence),Safe,0.463,Safe  (Low Confidence),Toxic,0.644,Toxic  (Low Confidence),Safe,0.0,Safe  (High Confidence),Toxic,0.791,Toxic  (Medium Confidence),0.99,MTRD <= 0.477: Low<br/>&nbsp;&nbsp;<br/>&nbsp;&nbsp;MTRD > 0.477: High,Toxic,0.525,Toxic  (Low Confidence),Safe,0.049,Safe  (High Confidence),4.52,,Toxic,0.983,Toxic  (High Confidence),Toxic,0.577,Toxic  (Low Confidence),Safe,0.083,Safe  (High Confidence),Safe,0.004,Safe  (High Confidence),Safe,0.052,Safe  (High Confidence),Safe,0.402,Safe  (Low Confidence),Safe,0.154,Safe  (High Confidence),Safe,0.115,Safe  (High Confidence),Safe,0.004,Safe  (High Confidence),Safe,0.142,Safe  (High Confidence),3.7,PIGC50% > -0.5 log ug/L: toxic,2.3,,2.99,,4.11,LC50% < 0.5mM <br/>&nbsp;&nbsp;<br/>&nbsp;&nbsp; (log LC50% < -0.3) = <br/>&nbsp;&nbsp;<br/>&nbsp;&nbsp; High Acute Toxicity,Safe,0.166,Safe  (High Confidence),Safe,0.492,Safe  (Low Confidence),Safe,0.27,Safe  (Medium Confidence),Safe,0.003,Safe  (High Confidence),Safe,0.018,Safe  (High Confidence),Toxic,0.938,Toxic  (High Confidence),Safe,0.006,Safe  (High Confidence),433.37,BP<25: gas,-11.09,,1.83,Proper Value: 1 to 3 log mol/L,1.62,Proper Value: 0 to 3 log mol/L,-3.09,Proper Value: -4 to 0.5 log mol/L,-7.62,Vapor (Gas) Phase: log vp < 4; Vapor and Particulate Phase: 5 =< log vp < 8; Solid Phase: log vp > 8 ,233.13,MP<25: liquid; MP>25:solid,6.28,,5.0,,288.25,1.48,107.22,4.0,6.0,1.0,False,False,False
CCC=CCC=CCC=CCCCCCCCC(=O)OCC(O)COC1OC(COC2OC(CO)C(O)C(O)C2O)C(O)C(O)C1O,26,Gingerglycolipid A,Gingerglycolipid A,Zingiber officinale,Zingiber officinale,10349562,10349562,C33H56O14,False,0.9841952,CCC=CCC=CCC=CCCCCCCCC(=O)OCC(O)COC1OC(COC2OC(CO)C(O)C(O)C2O)C(O)C(O)C1O,-6.19,,Non-Bioavailable,0.139,Non-Bioavailable  (High Confidence),Non-Absorbed,0.066,Non-Absorbed  (High Confidence),-5.1,Proper Value:  > 2 x 10-6cm/s,Non-Bioavailable,0.056,Non-Bioavailable  (High Confidence),Non-Inhibitor,0.044,Non-Inhibitor  (High Confidence),Non-Substrate,0.333,Non-Substrate  (Medium Confidence),33.57,Low Skin Permeability: log KP > -2.5,-3.96,- ,Non-Penetrable,0.001,Non-Penetrable  (High Confidence),1.01,,7.35,Proper Value: therapeutic index < 90 perc; Poor Value value > 90 perc,0.49,Low Value: < 0.71 L/kg (log VDss < -0.15); High Value > 2.81 L/kg (log VDss > 0.45).,Non-Inhibitor,0.009,Non-Inhibitor  (High Confidence),Non-Inhibitor,0.207,Non-Inhibitor  (Medium Confidence),Non-Substrate,0.0,Non-Substrate  (High Confidence),Non-Inhibitor,0.001,Non-Inhibitor  (High Confidence),Non-Substrate,0.244,Non-Substrate  (Medium Confidence),Non-Inhibitor,0.264,Non-Inhibitor  (Medium Confidence),Non-Substrate,0.0,Non-Substrate  (High Confidence),Non-Inhibitor,0.002,Non-Inhibitor  (High Confidence),Non-Substrate,0.045,Non-Substrate  (High Confidence),Non-Inhibitor,0.281,Non-Inhibitor  (Medium Confidence),Non-Substrate,0.001,Non-Substrate  (High Confidence),Non-Inhibitor,0.086,Non-Inhibitor  (High Confidence),Non-Inhibitor,0.231,Non-Inhibitor  (Medium Confidence),-0.3,,Non-Inhibitor,0.003,Non-Inhibitor  (High Confidence),Half-Life >= 3hs,0.613,Half-Life >= 3hs  (Low Confidence),Toxic,0.503,Toxic  (Low Confidence),Safe,0.0,Safe  (High Confidence),Safe,0.258,Safe  (Medium Confidence),-2.66,,Toxic,0.995,Toxic  (High Confidence),Safe,0.006,Safe  (High Confidence),Safe,0.001,Safe  (High Confidence),Safe,0.28,Safe  (Medium Confidence),Safe,0.0,Safe  (High Confidence),Safe,0.008,Safe  (High Confidence),0.93,MTRD <= 0.477: Low<br/>&nbsp;&nbsp;<br/>&nbsp;&nbsp;MTRD > 0.477: High,Safe,0.27,Safe  (Medium Confidence),Safe,0.005,Safe  (High Confidence),6.37,,Safe,0.017,Safe  (High Confidence),Safe,0.0,Safe  (High Confidence),Safe,0.048,Safe  (High Confidence),Safe,0.0,Safe  (High Confidence),Safe,0.0,Safe  (High Confidence),Safe,0.012,Safe  (High Confidence),Safe,0.001,Safe  (High Confidence),Safe,0.024,Safe  (High Confidence),Safe,0.0,Safe  (High Confidence),Safe,0.0,Safe  (High Confidence),-62831.04,PIGC50% > -0.5 log ug/L: toxic,2.18,,4.04,,95.95,LC50% < 0.5mM <br/>&nbsp;&nbsp;<br/>&nbsp;&nbsp; (log LC50% < -0.3) = <br/>&nbsp;&nbsp;<br/>&nbsp;&nbsp; High Acute Toxicity,Safe,0.037,Safe  (High Confidence),Toxic,0.594,Toxic  (Low Confidence),Safe,0.092,Safe  (High Confidence),Safe,0.0,Safe  (High Confidence),Safe,0.002,Safe  (High Confidence),Safe,0.0,Safe  (High Confidence),Safe,0.0,Safe  (High Confidence),2521.9,BP<25: gas,-2.92,,1.76,Proper Value: 1 to 3 log mol/L,2.25,Proper Value: 0 to 3 log mol/L,-2.73,Proper Value: -4 to 0.5 log mol/L,-85.01,Vapor (Gas) Phase: log vp < 4; Vapor and Particulate Phase: 5 =< log vp < 8; Solid Phase: log vp > 8 ,87.49,MP<25: liquid; MP>25:solid,3.9,,5.83,,676.8,0.12,225.06,8.0,14.0,22.0,False,False,False
O=C(O)C1OC(Oc2cc(-c3cc(=O)c4c(O)cc(O)cc4o3)ccc2O)C(O)C(O)C1O,27,Luteolin 3'-O-beta-D-glucuronide,Luteolin 3'-O-beta-D-glucuronide,Melissa officinalis,Melissa officinalis,10253785,10253785,C21H18O12,False,0.9829159,O=C(O)C1OC(Oc2cc(-c3cc(=O)c4c(O)cc(O)cc4o3)ccc2O)C(O)C(O)C1O,-6.87,,Non-Bioavailable,0.248,Non-Bioavailable  (Medium Confidence),Non-Absorbed,0.135,Non-Absorbed  (High Confidence),-5.56,Proper Value:  > 2 x 10-6cm/s,Non-Bioavailable,0.175,Non-Bioavailable  (Medium Confidence),Non-Inhibitor,0.0,Non-Inhibitor  (High Confidence),Non-Substrate,0.371,Non-Substrate  (Low Confidence),0.59,Low Skin Permeability: log KP > -2.5,-4.2,- ,Non-Penetrable,0.0,Non-Penetrable  (High Confidence),1.03,,32.9,Proper Value: therapeutic index < 90 perc; Poor Value value > 90 perc,0.77,Low Value: < 0.71 L/kg (log VDss < -0.15); High Value > 2.81 L/kg (log VDss > 0.45).,Non-Inhibitor,0.339,Non-Inhibitor  (Low Confidence),Non-Inhibitor,0.276,Non-Inhibitor  (Medium Confidence),Non-Substrate,0.006,Non-Substrate  (High Confidence),Non-Inhibitor,0.0,Non-Inhibitor  (High Confidence),Non-Substrate,0.156,Non-Substrate  (High Confidence),Non-Inhibitor,0.023,Non-Inhibitor  (High Confidence),Non-Substrate,0.124,Non-Substrate  (High Confidence),Non-Inhibitor,0.0,Non-Inhibitor  (High Confidence),Non-Substrate,0.116,Non-Substrate  (High Confidence),Non-Inhibitor,0.018,Non-Inhibitor  (High Confidence),Non-Substrate,0.0,Non-Substrate  (High Confidence),Non-Inhibitor,0.295,Non-Inhibitor  (Medium Confidence),Non-Inhibitor,0.249,Non-Inhibitor  (Medium Confidence),10.57,,Non-Inhibitor,0.111,Non-Inhibitor  (High Confidence),Half-Life < 3hs,0.421,Half-Life < 3hs  (Low Confidence),Toxic,0.576,Toxic  (Low Confidence),Safe,0.004,Safe  (High Confidence),Toxic,0.596,Toxic  (Low Confidence),-1.55,,Safe,0.044,Safe  (High Confidence),Safe,0.033,Safe  (High Confidence),Safe,0.093,Safe  (High Confidence),Toxic,0.547,Toxic  (Low Confidence),Safe,0.0,Safe  (High Confidence),Safe,0.162,Safe  (High Confidence),1.1,MTRD <= 0.477: Low<br/>&nbsp;&nbsp;<br/>&nbsp;&nbsp;MTRD > 0.477: High,Toxic,0.703,Toxic  (Medium Confidence),Safe,0.005,Safe  (High Confidence),5.66,,Toxic,0.999,Toxic  (High Confidence),Safe,0.076,Safe  (High Confidence),Safe,0.189,Safe  (Medium Confidence),Safe,0.002,Safe  (High Confidence),Safe,0.0,Safe  (High Confidence),Safe,0.127,Safe  (High Confidence),Safe,0.005,Safe  (High Confidence),Safe,0.056,Safe  (High Confidence),Safe,0.0,Safe  (High Confidence),Safe,0.001,Safe  (High Confidence),-97.89,PIGC50% > -0.5 log ug/L: toxic,2.22,,4.43,,4.13,LC50% < 0.5mM <br/>&nbsp;&nbsp;<br/>&nbsp;&nbsp; (log LC50% < -0.3) = <br/>&nbsp;&nbsp;<br/>&nbsp;&nbsp; High Acute Toxicity,Toxic,0.748,Toxic  (Medium Confidence),Toxic,0.504,Toxic  (Low Confidence),Safe,0.333,Safe  (Medium Confidence),Safe,0.001,Safe  (High Confidence),Safe,0.0,Safe  (High Confidence),Safe,0.012,Safe  (High Confidence),Safe,0.477,Safe  (Low Confidence),624.85,BP<25: gas,-4.07,,-1.06,Proper Value: 1 to 3 log mol/L,0.73,Proper Value: 0 to 3 log mol/L,-4.57,Proper Value: -4 to 0.5 log mol/L,-12.25,Vapor (Gas) Phase: log vp < 4; Vapor and Particulate Phase: 5 =< log vp < 8; Solid Phase: log vp > 8 ,237.62,MP<25: liquid; MP>25:solid,4.29,,6.88,,462.36,-0.15,207.35,7.0,11.0,4.0,False,False,False
O=C(C=Cc1ccc(O)c(O)c1)OC=Cc1cc(O)cc(O)c1,28,Nepetoidin A,Nepetoidin A,Melissa officinalis,Melissa officinalis,5316820,5316820,C17H14O6,False,0.9819755,O=C(C=Cc1ccc(O)c(O)c1)OC=Cc1cc(O)cc(O)c1,-4.69,,Non-Bioavailable,0.468,Non-Bioavailable  (Low Confidence),Absorbed,0.986,Absorbed  (High Confidence),-4.77,Proper Value:  > 2 x 10-6cm/s,Bioavailable,0.621,Bioavailable  (Low Confidence),Non-Inhibitor,0.0,Non-Inhibitor  (High Confidence),Non-Substrate,0.121,Non-Substrate  (High Confidence),-1.92,Low Skin Permeability: log KP > -2.5,-1.83,- ,Non-Penetrable,0.001,Non-Penetrable  (High Confidence),1.0,,21.11,Proper Value: therapeutic index < 90 perc; Poor Value value > 90 perc,0.4,Low Value: < 0.71 L/kg (log VDss < -0.15); High Value > 2.81 L/kg (log VDss > 0.45).,Non-Inhibitor,0.294,Non-Inhibitor  (Medium Confidence),Non-Inhibitor,0.003,Non-Inhibitor  (High Confidence),Non-Substrate,0.41,Non-Substrate  (Low Confidence),Non-Inhibitor,0.022,Non-Inhibitor  (High Confidence),Non-Substrate,0.452,Non-Substrate  (Low Confidence),Non-Inhibitor,0.021,Non-Inhibitor  (High Confidence),Substrate,0.951,Substrate  (High Confidence),Non-Inhibitor,0.0,Non-Inhibitor  (High Confidence),Non-Substrate,0.33,Non-Substrate  (Medium Confidence),Inhibitor,0.663,Inhibitor  (Low Confidence),Non-Substrate,0.015,Non-Substrate  (High Confidence),Non-Inhibitor,0.347,Non-Inhibitor  (Low Confidence),Non-Inhibitor,0.076,Non-Inhibitor  (High Confidence),8.46,,Non-Inhibitor,0.025,Non-Inhibitor  (High Confidence),Half-Life >= 3hs,0.579,Half-Life >= 3hs  (Low Confidence),Safe,0.012,Safe  (High Confidence),Safe,0.044,Safe  (High Confidence),Safe,0.275,Safe  (Medium Confidence),0.43,,Safe,0.496,Safe  (Low Confidence),Toxic,0.867,Toxic  (High Confidence),Safe,0.471,Safe  (Low Confidence),Toxic,0.852,Toxic  (High Confidence),Safe,0.0,Safe  (High Confidence),Toxic,0.958,Toxic  (High Confidence),1.15,MTRD <= 0.477: Low<br/>&nbsp;&nbsp;<br/>&nbsp;&nbsp;MTRD > 0.477: High,Toxic,0.637,Toxic  (Low Confidence),Safe,0.282,Safe  (Medium Confidence),4.76,,Toxic,0.949,Toxic  (High Confidence),Safe,0.009,Safe  (High Confidence),Safe,0.045,Safe  (High Confidence),Safe,0.008,Safe  (High Confidence),Safe,0.0,Safe  (High Confidence),Toxic,0.832,Toxic  (Medium Confidence),Safe,0.004,Safe  (High Confidence),Safe,0.024,Safe  (High Confidence),Safe,0.002,Safe  (High Confidence),Safe,0.262,Safe  (Medium Confidence),0.83,PIGC50% > -0.5 log ug/L: toxic,2.16,,3.04,,4.34,LC50% < 0.5mM <br/>&nbsp;&nbsp;<br/>&nbsp;&nbsp; (log LC50% < -0.3) = <br/>&nbsp;&nbsp;<br/>&nbsp;&nbsp; High Acute Toxicity,Toxic,0.992,Toxic  (High Confidence),Toxic,0.686,Toxic  (Medium Confidence),Toxic,0.759,Toxic  (Medium Confidence),Safe,0.001,Safe  (High Confidence),Safe,0.032,Safe  (High Confidence),Toxic,0.893,Toxic  (High Confidence),Safe,0.014,Safe  (High Confidence),473.72,BP<25: gas,-11.62,,1.67,Proper Value: 1 to 3 log mol/L,2.58,Proper Value: 0 to 3 log mol/L,-3.21,Proper Value: -4 to 0.5 log mol/L,-8.22,Vapor (Gas) Phase: log vp < 4; Vapor and Particulate Phase: 5 =< log vp < 8; Solid Phase: log vp > 8 ,229.65,MP<25: liquid; MP>25:solid,7.49,,6.49,,314.29,2.74,107.22,4.0,6.0,4.0,False,False,False
O=C(O)C=Cc1ccc(O)cc1,29,p-Coumaric acid,p-Coumaric acid,Melissa officinalis,Melissa officinalis,637542,637542,C9H8O3,False,0.9819541,O=C(O)C=Cc1ccc(O)cc1,-4.87,,Bioavailable,0.709,Bioavailable  (Medium Confidence),Absorbed,0.974,Absorbed  (High Confidence),-4.11,Proper Value:  > 2 x 10-6cm/s,Bioavailable,0.57,Bioavailable  (Low Confidence),Non-Inhibitor,0.0,Non-Inhibitor  (High Confidence),Non-Substrate,0.075,Non-Substrate  (High Confidence),-2.74,Low Skin Permeability: log KP > -2.5,-1.77,- ,Non-Penetrable,0.171,Non-Penetrable  (Medium Confidence),0.76,,19.53,Proper Value: therapeutic index < 90 perc; Poor Value value > 90 perc,0.38,Low Value: < 0.71 L/kg (log VDss < -0.15); High Value > 2.81 L/kg (log VDss > 0.45).,Non-Inhibitor,0.326,Non-Inhibitor  (Medium Confidence),Non-Inhibitor,0.071,Non-Inhibitor  (High Confidence),Non-Substrate,0.292,Non-Substrate  (Medium Confidence),Non-Inhibitor,0.013,Non-Inhibitor  (High Confidence),Non-Substrate,0.437,Non-Substrate  (Low Confidence),Non-Inhibitor,0.025,Non-Inhibitor  (High Confidence),Substrate,0.766,Substrate  (Medium Confidence),Non-Inhibitor,0.0,Non-Inhibitor  (High Confidence),Non-Substrate,0.366,Non-Substrate  (Low Confidence),Non-Inhibitor,0.039,Non-Inhibitor  (High Confidence),Non-Substrate,0.09,Non-Substrate  (High Confidence),Non-Inhibitor,0.045,Non-Inhibitor  (High Confidence),Non-Inhibitor,0.049,Non-Inhibitor  (High Confidence),5.48,,Non-Inhibitor,0.015,Non-Inhibitor  (High Confidence),Half-Life < 3hs,0.46,Half-Life < 3hs  (Low Confidence),Safe,0.001,Safe  (High Confidence),Safe,0.078,Safe  (High Confidence),Safe,0.294,Safe  (Medium Confidence),-0.07,,Toxic,0.933,Toxic  (High Confidence),Safe,0.254,Safe  (Medium Confidence),Safe,0.263,Safe  (Medium Confidence),Toxic,0.636,Toxic  (Low Confidence),Safe,0.198,Safe  (Medium Confidence),Toxic,0.998,Toxic  (High Confidence),0.92,MTRD <= 0.477: Low<br/>&nbsp;&nbsp;<br/>&nbsp;&nbsp;MTRD > 0.477: High,Safe,0.405,Safe  (Low Confidence),Safe,0.037,Safe  (High Confidence),4.01,,Toxic,0.556,Toxic  (Low Confidence),Safe,0.032,Safe  (High Confidence),Safe,0.013,Safe  (High Confidence),Safe,0.016,Safe  (High Confidence),Safe,0.0,Safe  (High Confidence),Safe,0.145,Safe  (High Confidence),Safe,0.018,Safe  (High Confidence),Safe,0.036,Safe  (High Confidence),Safe,0.08,Safe  (High Confidence),Safe,0.018,Safe  (High Confidence),0.23,PIGC50% > -0.5 log ug/L: toxic,1.83,,2.53,,3.98,LC50% < 0.5mM <br/>&nbsp;&nbsp;<br/>&nbsp;&nbsp; (log LC50% < -0.3) = <br/>&nbsp;&nbsp;<br/>&nbsp;&nbsp; High Acute Toxicity,Safe,0.011,Safe  (High Confidence),Toxic,0.616,Toxic  (Low Confidence),Safe,0.055,Safe  (High Confidence),Safe,0.002,Safe  (High Confidence),Safe,0.056,Safe  (High Confidence),Safe,0.081,Safe  (High Confidence),Safe,0.008,Safe  (High Confidence),325.41,BP<25: gas,-9.31,,-1.42,Proper Value: 1 to 3 log mol/L,2.01,Proper Value: 0 to 3 log mol/L,-2.25,Proper Value: -4 to 0.5 log mol/L,-5.4,Vapor (Gas) Phase: log vp < 4; Vapor and Particulate Phase: 5 =< log vp < 8; Solid Phase: log vp > 8 ,244.95,MP<25: liquid; MP>25:solid,4.48,,2.28,,164.16,1.49,57.53,2.0,2.0,2.0,True,True,True
O=C(C=Cc1ccc(O)c(O)c1)OC1CC(O)(C(=O)O)CC(O)C1O,30,3-Caffeoylquinic acid,3-Caffeoylquinic acid,Andrographis paniculata,Andrographis paniculata | Zingiber officinale,1794427,1794427,C16H18O9,False,0.9818945,O=C(C=Cc1ccc(O)c(O)c1)OC1CC(O)(C(=O)O)CC(O)C1O,-6.45,,Non-Bioavailable,0.337,Non-Bioavailable  (Low Confidence),Absorbed,0.858,Absorbed  (High Confidence),-4.13,Proper Value:  > 2 x 10-6cm/s,Non-Bioavailable,0.323,Non-Bioavailable  (Medium Confidence),Non-Inhibitor,0.0,Non-Inhibitor  (High Confidence),Non-Substrate,0.319,Non-Substrate  (Medium Confidence),-2.63,Low Skin Permeability: log KP > -2.5,-3.54,- ,Non-Penetrable,0.017,Non-Penetrable  (High Confidence),0.64,,0.38,Proper Value: therapeutic index < 90 perc; Poor Value value > 90 perc,0.48,Low Value: < 0.71 L/kg (log VDss < -0.15); High Value > 2.81 L/kg (log VDss > 0.45).,Non-Inhibitor,0.046,Non-Inhibitor  (High Confidence),Non-Inhibitor,0.052,Non-Inhibitor  (High Confidence),Non-Substrate,0.003,Non-Substrate  (High Confidence),Non-Inhibitor,0.0,Non-Inhibitor  (High Confidence),Non-Substrate,0.222,Non-Substrate  (Medium Confidence),Non-Inhibitor,0.0,Non-Inhibitor  (High Confidence),Non-Substrate,0.097,Non-Substrate  (High Confidence),Non-Inhibitor,0.0,Non-Inhibitor  (High Confidence),Non-Substrate,0.186,Non-Substrate  (Medium Confidence),Non-Inhibitor,0.012,Non-Inhibitor  (High Confidence),Non-Substrate,0.0,Non-Substrate  (High Confidence),Non-Inhibitor,0.307,Non-Inhibitor  (Medium Confidence),Non-Inhibitor,0.086,Non-Inhibitor  (High Confidence),6.46,,Non-Inhibitor,0.002,Non-Inhibitor  (High Confidence),Half-Life >= 3hs,0.768,Half-Life >= 3hs  (Medium Confidence),Safe,0.0,Safe  (High Confidence),Safe,0.0,Safe  (High Confidence),Safe,0.396,Safe  (Low Confidence),-2.16,,Toxic,0.927,Toxic  (High Confidence),Safe,0.053,Safe  (High Confidence),Safe,0.001,Safe  (High Confidence),Safe,0.389,Safe  (Low Confidence),Safe,0.0,Safe  (High Confidence),Safe,0.189,Safe  (Medium Confidence),0.63,MTRD <= 0.477: Low<br/>&nbsp;&nbsp;<br/>&nbsp;&nbsp;MTRD > 0.477: High,Safe,0.459,Safe  (Low Confidence),Safe,0.0,Safe  (High Confidence),4.13,,Toxic,0.981,Toxic  (High Confidence),Safe,0.014,Safe  (High Confidence),Safe,0.134,Safe  (High Confidence),Safe,0.033,Safe  (High Confidence),Safe,0.0,Safe  (High Confidence),Safe,0.123,Safe  (High Confidence),Safe,0.076,Safe  (High Confidence),Safe,0.28,Safe  (Medium Confidence),Safe,0.0,Safe  (High Confidence),Safe,0.006,Safe  (High Confidence),1.73,PIGC50% > -0.5 log ug/L: toxic,1.86,,3.31,,3.9,LC50% < 0.5mM <br/>&nbsp;&nbsp;<br/>&nbsp;&nbsp; (log LC50% < -0.3) = <br/>&nbsp;&nbsp;<br/>&nbsp;&nbsp; High Acute Toxicity,Toxic,0.873,Toxic  (High Confidence),Toxic,0.703,Toxic  (Medium Confidence),Safe,0.093,Safe  (High Confidence),Safe,0.0,Safe  (High Confidence),Safe,0.002,Safe  (High Confidence),Safe,0.0,Safe  (High Confidence),Safe,0.0,Safe  (High Confidence),452.31,BP<25: gas,-9.39,,-0.98,Proper Value: 1 to 3 log mol/L,-0.62,Proper Value: 0 to 3 log mol/L,-1.28,Proper Value: -4 to 0.5 log mol/L,-13.14,Vapor (Gas) Phase: log vp < 4; Vapor and Particulate Phase: 5 =< log vp < 8; Solid Phase: log vp > 8 ,191.16,MP<25: liquid; MP>25:solid,3.29,,7.02,,354.31,-0.65,164.75,6.0,8.0,4.0,False,False,False
CCCC(CC(CCc1ccc(O)c(OC)c1)OC(C)=O)OC(C)=O,31,[4]-Gingerdiacetate,[4]-Gingerdiacetate,Zingiber officinale,Zingiber officinale,5318274,5318274,C19H28O6,False,0.9818526,CCCC(CC(CCc1ccc(O)c(OC)c1)OC(C)=O)OC(C)=O,-4.57,,Non-Bioavailable,0.456,Non-Bioavailable  (Low Confidence),Absorbed,0.95,Absorbed  (High Confidence),-4.57,Proper Value:  > 2 x 10-6cm/s,Non-Bioavailable,0.37,Non-Bioavailable  (Low Confidence),Inhibitor,0.988,Inhibitor  (High Confidence),Non-Substrate,0.227,Non-Substrate  (Medium Confidence),-2.71,Low Skin Permeability: log KP > -2.5,-2.66,- ,Penetrable,0.55,Penetrable  (Low Confidence),0.7,,13.58,Proper Value: therapeutic index < 90 perc; Poor Value value > 90 perc,1.7,Low Value: < 0.71 L/kg (log VDss < -0.15); High Value > 2.81 L/kg (log VDss > 0.45).,Non-Inhibitor,0.201,Non-Inhibitor  (Medium Confidence),Inhibitor,0.882,Inhibitor  (High Confidence),Substrate,0.529,Substrate  (Low Confidence),Inhibitor,0.935,Inhibitor  (High Confidence),Non-Substrate,0.428,Non-Substrate  (Low Confidence),Inhibitor,0.798,Inhibitor  (Medium Confidence),Substrate,0.576,Substrate  (Low Confidence),Inhibitor,0.853,Inhibitor  (High Confidence),Non-Substrate,0.413,Non-Substrate  (Low Confidence),Non-Inhibitor,0.478,Non-Inhibitor  (Low Confidence),Non-Substrate,0.248,Non-Substrate  (Medium Confidence),Non-Inhibitor,0.207,Non-Inhibitor  (Medium Confidence),Non-Inhibitor,0.103,Non-Inhibitor  (High Confidence),12.33,,Non-Inhibitor,0.284,Non-Inhibitor  (Medium Confidence),Half-Life < 3hs,0.392,Half-Life < 3hs  (Low Confidence),Safe,0.117,Safe  (High Confidence),Safe,0.056,Safe  (High Confidence),Toxic,0.619,Toxic  (Low Confidence),1.22,,Toxic,0.539,Toxic  (Low Confidence),Toxic,0.914,Toxic  (High Confidence),Safe,0.191,Safe  (Medium Confidence),Safe,0.26,Safe  (Medium Confidence),Safe,0.001,Safe  (High Confidence),Safe,0.189,Safe  (Medium Confidence),1.04,MTRD <= 0.477: Low<br/>&nbsp;&nbsp;<br/>&nbsp;&nbsp;MTRD > 0.477: High,Safe,0.486,Safe  (Low Confidence),Safe,0.017,Safe  (High Confidence),6.31,,Safe,0.361,Safe  (Low Confidence),Safe,0.12,Safe  (High Confidence),Safe,0.034,Safe  (High Confidence),Safe,0.002,Safe  (High Confidence),Toxic,0.589,Toxic  (Low Confidence),Safe,0.044,Safe  (High Confidence),Safe,0.017,Safe  (High Confidence),Safe,0.437,Safe  (Low Confidence),Safe,0.039,Safe  (High Confidence),Safe,0.066,Safe  (High Confidence),2.32,PIGC50% > -0.5 log ug/L: toxic,1.96,,1.94,,4.3,LC50% < 0.5mM <br/>&nbsp;&nbsp;<br/>&nbsp;&nbsp; (log LC50% < -0.3) = <br/>&nbsp;&nbsp;<br/>&nbsp;&nbsp; High Acute Toxicity,Safe,0.387,Safe  (Low Confidence),Toxic,0.534,Toxic  (Low Confidence),Safe,0.076,Safe  (High Confidence),Safe,0.003,Safe  (High Confidence),Safe,0.257,Safe  (Medium Confidence),Safe,0.375,Safe  (Low Confidence),Safe,0.013,Safe  (High Confidence),368.75,BP<25: gas,-7.71,,2.99,Proper Value: 1 to 3 log mol/L,3.23,Proper Value: 0 to 3 log mol/L,-3.6,Proper Value: -4 to 0.5 log mol/L,-6.24,Vapor (Gas) Phase: log vp < 4; Vapor and Particulate Phase: 5 =< log vp < 8; Solid Phase: log vp > 8 ,28.89,MP<25: liquid; MP>25:solid,9.56,,4.97,,352.43,3.39,82.06,1.0,6.0,10.0,False,False,False
O=C(C=CC1=CC2C(c3ccc(O)c(O)c3)C(C(=O)O)C1C1(O)OC(=O)CC21O)OC(Cc1ccc(O)c(O)c1)C(=O)O,32,Yunnaneic acid F,Yunnaneic acid F,Melissa officinalis,Melissa officinalis,10651175,10651175,C29H26O14,False,0.9818139,O=C(C=CC1=CC2C(c3ccc(O)c(O)c3)C(C(=O)O)C1C1(O)OC(=O)CC21O)OC(Cc1ccc(O)c(O)c1)C(=O)O,-6.18,,Non-Bioavailable,0.076,Non-Bioavailable  (High Confidence),Absorbed,0.592,Absorbed  (Low Confidence),-5.57,Proper Value:  > 2 x 10-6cm/s,Non-Bioavailable,0.067,Non-Bioavailable  (High Confidence),Non-Inhibitor,0.0,Non-Inhibitor  (High Confidence),Non-Substrate,0.064,Non-Substrate  (High Confidence),1.82,Low Skin Permeability: log KP > -2.5,-2.26,- ,Non-Penetrable,0.0,Non-Penetrable  (High Confidence),0.94,,23.38,Proper Value: therapeutic index < 90 perc; Poor Value value > 90 perc,0.49,Low Value: < 0.71 L/kg (log VDss < -0.15); High Value > 2.81 L/kg (log VDss > 0.45).,Non-Inhibitor,0.023,Non-Inhibitor  (High Confidence),Inhibitor,0.755,Inhibitor  (Medium Confidence),Non-Substrate,0.0,Non-Substrate  (High Confidence),Inhibitor,0.52,Inhibitor  (Low Confidence),Non-Substrate,0.096,Non-Substrate  (High Confidence),Non-Inhibitor,0.003,Non-Inhibitor  (High Confidence),Substrate,0.934,Substrate  (High Confidence),Non-Inhibitor,0.0,Non-Inhibitor  (High Confidence),Non-Substrate,0.043,Non-Substrate  (High Confidence),Non-Inhibitor,0.015,Non-Inhibitor  (High Confidence),Non-Substrate,0.0,Non-Substrate  (High Confidence),Inhibitor,0.842,Inhibitor  (High Confidence),Non-Inhibitor,0.262,Non-Inhibitor  (Medium Confidence),6.3,,Non-Inhibitor,0.0,Non-Inhibitor  (High Confidence),Half-Life >= 3hs,0.754,Half-Life >= 3hs  (Medium Confidence),Safe,0.073,Safe  (High Confidence),Safe,0.0,Safe  (High Confidence),Safe,0.099,Safe  (High Confidence),-2.99,,Safe,0.027,Safe  (High Confidence),Safe,0.082,Safe  (High Confidence),Safe,0.0,Safe  (High Confidence),Safe,0.469,Safe  (Low Confidence),Safe,0.0,Safe  (High Confidence),Safe,0.022,Safe  (High Confidence),0.48,MTRD <= 0.477: Low<br/>&nbsp;&nbsp;<br/>&nbsp;&nbsp;MTRD > 0.477: High,Safe,0.495,Safe  (Low Confidence),Safe,0.0,Safe  (High Confidence),5.57,,Toxic,1.0,Toxic  (High Confidence),Safe,0.001,Safe  (High Confidence),Safe,0.041,Safe  (High Confidence),Safe,0.005,Safe  (High Confidence),Safe,0.0,Safe  (High Confidence),Safe,0.085,Safe  (High Confidence),Safe,0.0,Safe  (High Confidence),Safe,0.026,Safe  (High Confidence),Safe,0.0,Safe  (High Confidence),Safe,0.01,Safe  (High Confidence),-12006.38,PIGC50% > -0.5 log ug/L: toxic,2.19,,2.97,,23.01,LC50% < 0.5mM <br/>&nbsp;&nbsp;<br/>&nbsp;&nbsp; (log LC50% < -0.3) = <br/>&nbsp;&nbsp;<br/>&nbsp;&nbsp; High Acute Toxicity,Toxic,1.0,Toxic  (High Confidence),Toxic,0.65,Toxic  (Low Confidence),Safe,0.008,Safe  (High Confidence),Safe,0.0,Safe  (High Confidence),Safe,0.0,Safe  (High Confidence),Safe,0.0,Safe  (High Confidence),Safe,0.0,Safe  (High Confidence),537.19,BP<25: gas,-3.02,,-2.04,Proper Value: 1 to 3 log mol/L,0.75,Proper Value: 0 to 3 log mol/L,-2.21,Proper Value: -4 to 0.5 log mol/L,-15.1,Vapor (Gas) Phase: log vp < 4; Vapor and Particulate Phase: 5 =< log vp < 8; Solid Phase: log vp > 8 ,280.4,MP<25: liquid; MP>25:solid,4.97,,4.47,,598.51,0.64,248.58,8.0,12.0,8.0,False,False,False
COc1cc(C=CC(=O)O)ccc1O,33,Ferulic acid,Ferulic acid,Andrographis paniculata,Andrographis paniculata | Zingiber officinale,445858,445858,C10H10O4,False,0.9808089,COc1cc(C=CC(=O)O)ccc1O,-4.94,,Bioavailable,0.672,Bioavailable  (Medium Confidence),Absorbed,0.994,Absorbed  (High Confidence),-4.51,Proper Value:  > 2 x 10-6cm/s,Bioavailable,0.529,Bioavailable  (Low Confidence),Non-Inhibitor,0.0,Non-Inhibitor  (High Confidence),Non-Substrate,0.054,Non-Substrate  (High Confidence),-2.62,Low Skin Permeability: log KP > -2.5,-2.71,- ,Non-Penetrable,0.276,Non-Penetrable  (Medium Confidence),0.81,,19.87,Proper Value: therapeutic index < 90 perc; Poor Value value > 90 perc,0.15,Low Value: < 0.71 L/kg (log VDss < -0.15); High Value > 2.81 L/kg (log VDss > 0.45).,Non-Inhibitor,0.117,Non-Inhibitor  (High Confidence),Non-Inhibitor,0.043,Non-Inhibitor  (High Confidence),Non-Substrate,0.149,Non-Substrate  (High Confidence),Non-Inhibitor,0.062,Non-Inhibitor  (High Confidence),Non-Substrate,0.367,Non-Substrate  (Low Confidence),Non-Inhibitor,0.036,Non-Inhibitor  (High Confidence),Substrate,0.998,Substrate  (High Confidence),Non-Inhibitor,0.0,Non-Inhibitor  (High Confidence),Non-Substrate,0.231,Non-Substrate  (Medium Confidence),Non-Inhibitor,0.003,Non-Inhibitor  (High Confidence),Non-Substrate,0.01,Non-Substrate  (High Confidence),Non-Inhibitor,0.055,Non-Inhibitor  (High Confidence),Non-Inhibitor,0.062,Non-Inhibitor  (High Confidence),10.87,,Non-Inhibitor,0.008,Non-Inhibitor  (High Confidence),Half-Life < 3hs,0.455,Half-Life < 3hs  (Low Confidence),Safe,0.006,Safe  (High Confidence),Safe,0.097,Safe  (High Confidence),Safe,0.284,Safe  (Medium Confidence),0.6,,Toxic,0.912,Toxic  (High Confidence),Safe,0.175,Safe  (Medium Confidence),Safe,0.043,Safe  (High Confidence),Toxic,0.625,Toxic  (Low Confidence),Safe,0.01,Safe  (High Confidence),Toxic,0.987,Toxic  (High Confidence),0.88,MTRD <= 0.477: Low<br/>&nbsp;&nbsp;<br/>&nbsp;&nbsp;MTRD > 0.477: High,Toxic,0.536,Toxic  (Low Confidence),Safe,0.017,Safe  (High Confidence),3.23,,Toxic,0.591,Toxic  (Low Confidence),Safe,0.046,Safe  (High Confidence),Safe,0.006,Safe  (High Confidence),Safe,0.019,Safe  (High Confidence),Safe,0.0,Safe  (High Confidence),Safe,0.055,Safe  (High Confidence),Safe,0.09,Safe  (High Confidence),Safe,0.054,Safe  (High Confidence),Safe,0.086,Safe  (High Confidence),Safe,0.042,Safe  (High Confidence),0.76,PIGC50% > -0.5 log ug/L: toxic,1.74,,2.63,,3.9,LC50% < 0.5mM <br/>&nbsp;&nbsp;<br/>&nbsp;&nbsp; (log LC50% < -0.3) = <br/>&nbsp;&nbsp;<br/>&nbsp;&nbsp; High Acute Toxicity,Safe,0.086,Safe  (High Confidence),Toxic,0.506,Toxic  (Low Confidence),Safe,0.044,Safe  (High Confidence),Safe,0.0,Safe  (High Confidence),Safe,0.071,Safe  (High Confidence),Safe,0.006,Safe  (High Confidence),Safe,0.044,Safe  (High Confidence),316.13,BP<25: gas,-9.98,,-1.11,Proper Value: 1 to 3 log mol/L,1.81,Proper Value: 0 to 3 log mol/L,-2.55,Proper Value: -4 to 0.5 log mol/L,-6.08,Vapor (Gas) Phase: log vp < 4; Vapor and Particulate Phase: 5 =< log vp < 8; Solid Phase: log vp > 8 ,189.72,MP<25: liquid; MP>25:solid,5.33,,3.9,,194.19,1.5,66.76,2.0,3.0,3.0,False,False,False
CCCCCCC=CCCCCCCCC(=O)O,34,Palmitoleic acid,Palmitoleic acid,Zingiber officinale,Zingiber officinale,445638,445638,C16H30O2,False,0.9789708,CCCCCCC=CCCCCCCCC(=O)O,-4.77,,Non-Bioavailable,0.352,Non-Bioavailable  (Low Confidence),Absorbed,0.927,Absorbed  (High Confidence),-4.11,Proper Value:  > 2 x 10-6cm/s,Non-Bioavailable,0.357,Non-Bioavailable  (Low Confidence),Non-Inhibitor,0.016,Non-Inhibitor  (High Confidence),Non-Substrate,0.195,Non-Substrate  (Medium Confidence),-2.73,Low Skin Permeability: log KP > -2.5,-2.21,- ,Penetrable,0.964,Penetrable  (High Confidence),1.17,,35.93,Proper Value: therapeutic index < 90 perc; Poor Value value > 90 perc,0.76,Low Value: < 0.71 L/kg (log VDss < -0.15); High Value > 2.81 L/kg (log VDss > 0.45).,Non-Inhibitor,0.47,Non-Inhibitor  (Low Confidence),Inhibitor,0.682,Inhibitor  (Medium Confidence),Non-Substrate,0.048,Non-Substrate  (High Confidence),Inhibitor,0.631,Inhibitor  (Low Confidence),Non-Substrate,0.328,Non-Substrate  (Medium Confidence),Non-Inhibitor,0.03,Non-Inhibitor  (High Confidence),Substrate,0.999,Substrate  (High Confidence),Non-Inhibitor,0.0,Non-Inhibitor  (High Confidence),Non-Substrate,0.32,Non-Substrate  (Medium Confidence),Non-Inhibitor,0.003,Non-Inhibitor  (High Confidence),Non-Substrate,0.006,Non-Substrate  (High Confidence),Non-Inhibitor,0.079,Non-Inhibitor  (High Confidence),Non-Inhibitor,0.146,Non-Inhibitor  (High Confidence),-0.76,,Non-Inhibitor,0.074,Non-Inhibitor  (High Confidence),Half-Life >= 3hs,0.588,Half-Life >= 3hs  (Low Confidence),Safe,0.0,Safe  (High Confidence),Safe,0.021,Safe  (High Confidence),Safe,0.393,Safe  (Low Confidence),1.4,,Toxic,0.93,Toxic  (High Confidence),Safe,0.228,Safe  (Medium Confidence),Toxic,0.965,Toxic  (High Confidence),Safe,0.386,Safe  (Low Confidence),Toxic,0.655,Toxic  (Low Confidence),Toxic,0.994,Toxic  (High Confidence),1.85,MTRD <= 0.477: Low<br/>&nbsp;&nbsp;<br/>&nbsp;&nbsp;MTRD > 0.477: High,Safe,0.395,Safe  (Low Confidence),Safe,0.007,Safe  (High Confidence),3.18,,Safe,0.0,Safe  (High Confidence),Safe,0.005,Safe  (High Confidence),Safe,0.018,Safe  (High Confidence),Safe,0.0,Safe  (High Confidence),Safe,0.0,Safe  (High Confidence),Safe,0.054,Safe  (High Confidence),Safe,0.017,Safe  (High Confidence),Safe,0.067,Safe  (High Confidence),Safe,0.469,Safe  (Low Confidence),Safe,0.028,Safe  (High Confidence),3.14,PIGC50% > -0.5 log ug/L: toxic,1.42,,2.24,,3.92,LC50% < 0.5mM <br/>&nbsp;&nbsp;<br/>&nbsp;&nbsp; (log LC50% < -0.3) = <br/>&nbsp;&nbsp;<br/>&nbsp;&nbsp; High Acute Toxicity,Toxic,0.902,Toxic  (High Confidence),Toxic,0.749,Toxic  (Medium Confidence),Safe,0.024,Safe  (High Confidence),Safe,0.0,Safe  (High Confidence),Safe,0.2,Safe  (Medium Confidence),Safe,0.039,Safe  (High Confidence),Safe,0.0,Safe  (High Confidence),340.47,BP<25: gas,-5.0,,2.94,Proper Value: 1 to 3 log mol/L,6.59,Proper Value: 0 to 3 log mol/L,-4.23,Proper Value: -4 to 0.5 log mol/L,-5.62,Vapor (Gas) Phase: log vp < 4; Vapor and Particulate Phase: 5 =< log vp < 8; Solid Phase: log vp > 8 ,43.37,MP<25: liquid; MP>25:solid,4.95,,8.83,,254.41,5.33,37.3,1.0,1.0,13.0,False,False,False
O=C(O)C=Cc1ccc(O)c(O)c1,35,Caffeic acid,Caffeic acid,Andrographis paniculata,Andrographis paniculata | Melissa officinalis,689043,689043,C9H8O4,False,0.9782958,O=C(O)C=Cc1ccc(O)c(O)c1,-4.95,,Bioavailable,0.61,Bioavailable  (Low Confidence),Absorbed,0.96,Absorbed  (High Confidence),-4.39,Proper Value:  > 2 x 10-6cm/s,Bioavailable,0.525,Bioavailable  (Low Confidence),Non-Inhibitor,0.0,Non-Inhibitor  (High Confidence),Non-Substrate,0.097,Non-Substrate  (High Confidence),-2.34,Low Skin Permeability: log KP > -2.5,-2.13,- ,Non-Penetrable,0.006,Non-Penetrable  (High Confidence),0.7,,12.91,Proper Value: therapeutic index < 90 perc; Poor Value value > 90 perc,0.21,Low Value: < 0.71 L/kg (log VDss < -0.15); High Value > 2.81 L/kg (log VDss > 0.45).,Non-Inhibitor,0.242,Non-Inhibitor  (Medium Confidence),Non-Inhibitor,0.049,Non-Inhibitor  (High Confidence),Non-Substrate,0.224,Non-Substrate  (Medium Confidence),Non-Inhibitor,0.033,Non-Inhibitor  (High Confidence),Non-Substrate,0.461,Non-Substrate  (Low Confidence),Non-Inhibitor,0.027,Non-Inhibitor  (High Confidence),Substrate,0.718,Substrate  (Medium Confidence),Non-Inhibitor,0.0,Non-Inhibitor  (High Confidence),Non-Substrate,0.342,Non-Substrate  (Low Confidence),Non-Inhibitor,0.046,Non-Inhibitor  (High Confidence),Non-Substrate,0.016,Non-Substrate  (High Confidence),Non-Inhibitor,0.067,Non-Inhibitor  (High Confidence),Non-Inhibitor,0.055,Non-Inhibitor  (High Confidence),9.39,,Non-Inhibitor,0.018,Non-Inhibitor  (High Confidence),Half-Life >= 3hs,0.536,Half-Life >= 3hs  (Low Confidence),Safe,0.416,Safe  (Low Confidence),Safe,0.065,Safe  (High Confidence),Safe,0.292,Safe  (Medium Confidence),-0.16,,Toxic,0.955,Toxic  (High Confidence),Safe,0.24,Safe  (Medium Confidence),Safe,0.078,Safe  (High Confidence),Toxic,0.662,Toxic  (Low Confidence),Safe,0.022,Safe  (High Confidence),Toxic,0.983,Toxic  (High Confidence),0.27,MTRD <= 0.477: Low<br/>&nbsp;&nbsp;<br/>&nbsp;&nbsp;MTRD > 0.477: High,Safe,0.343,Safe  (Low Confidence),Safe,0.126,Safe  (High Confidence),4.44,,Toxic,0.758,Toxic  (Medium Confidence),Safe,0.096,Safe  (High Confidence),Safe,0.014,Safe  (High Confidence),Safe,0.018,Safe  (High Confidence),Safe,0.0,Safe  (High Confidence),Safe,0.078,Safe  (High Confidence),Safe,0.046,Safe  (High Confidence),Safe,0.096,Safe  (High Confidence),Safe,0.028,Safe  (High Confidence),Safe,0.009,Safe  (High Confidence),0.63,PIGC50% > -0.5 log ug/L: toxic,1.78,,2.92,,4.0,LC50% < 0.5mM <br/>&nbsp;&nbsp;<br/>&nbsp;&nbsp; (log LC50% < -0.3) = <br/>&nbsp;&nbsp;<br/>&nbsp;&nbsp; High Acute Toxicity,Safe,0.118,Safe  (High Confidence),Toxic,0.656,Toxic  (Low Confidence),Safe,0.213,Safe  (Medium Confidence),Safe,0.001,Safe  (High Confidence),Safe,0.059,Safe  (High Confidence),Safe,0.39,Safe  (Low Confidence),Safe,0.001,Safe  (High Confidence),356.58,BP<25: gas,-11.71,,-1.6,Proper Value: 1 to 3 log mol/L,1.52,Proper Value: 0 to 3 log mol/L,-1.42,Proper Value: -4 to 0.5 log mol/L,-6.25,Vapor (Gas) Phase: log vp < 4; Vapor and Particulate Phase: 5 =< log vp < 8; Solid Phase: log vp > 8 ,219.87,MP<25: liquid; MP>25:solid,5.53,,4.63,,180.16,1.2,77.76,3.0,3.0,2.0,True,True,True
CC1OC(Oc2c(-c3ccc(O)c(O)c3)oc3cc(O)cc(O)c3c2=O)C(O)C(O)C1O,36,Quercetin 3-O-alpha-L-rhamnoside,Quercetin 3-O-alpha-L-rhamnoside,Phyllanthus niruri,Phyllanthus niruri,5280459,5280459,C21H20O11,False,0.9777908,CC1OC(Oc2c(-c3ccc(O)c(O)c3)oc3cc(O)cc(O)c3c2=O)C(O)C(O)C1O,-6.7,,Non-Bioavailable,0.308,Non-Bioavailable  (Medium Confidence),Non-Absorbed,0.203,Non-Absorbed  (Medium Confidence),-5.61,Proper Value:  > 2 x 10-6cm/s,Non-Bioavailable,0.147,Non-Bioavailable  (High Confidence),Non-Inhibitor,0.002,Non-Inhibitor  (High Confidence),Non-Substrate,0.457,Non-Substrate  (Low Confidence),0.88,Low Skin Permeability: log KP > -2.5,-4.08,- ,Non-Penetrable,0.0,Non-Penetrable  (High Confidence),0.89,,36.25,Proper Value: therapeutic index < 90 perc; Poor Value value > 90 perc,0.78,Low Value: < 0.71 L/kg (log VDss < -0.15); High Value > 2.81 L/kg (log VDss > 0.45).,Non-Inhibitor,0.252,Non-Inhibitor  (Medium Confidence),Non-Inhibitor,0.421,Non-Inhibitor  (Low Confidence),Non-Substrate,0.015,Non-Substrate  (High Confidence),Non-Inhibitor,0.0,Non-Inhibitor  (High Confidence),Non-Substrate,0.191,Non-Substrate  (Medium Confidence),Non-Inhibitor,0.033,Non-Inhibitor  (High Confidence),Non-Substrate,0.028,Non-Substrate  (High Confidence),Non-Inhibitor,0.0,Non-Inhibitor  (High Confidence),Non-Substrate,0.176,Non-Substrate  (Medium Confidence),Non-Inhibitor,0.02,Non-Inhibitor  (High Confidence),Non-Substrate,0.0,Non-Substrate  (High Confidence),Non-Inhibitor,0.238,Non-Inhibitor  (Medium Confidence),Non-Inhibitor,0.163,Non-Inhibitor  (High Confidence),14.39,,Non-Inhibitor,0.198,Non-Inhibitor  (Medium Confidence),Half-Life < 3hs,0.269,Half-Life < 3hs  (Medium Confidence),Toxic,0.922,Toxic  (High Confidence),Safe,0.016,Safe  (High Confidence),Toxic,0.572,Toxic  (Low Confidence),-1.45,,Safe,0.003,Safe  (High Confidence),Safe,0.093,Safe  (High Confidence),Safe,0.342,Safe  (Low Confidence),Safe,0.495,Safe  (Low Confidence),Safe,0.0,Safe  (High Confidence),Safe,0.315,Safe  (Medium Confidence),1.21,MTRD <= 0.477: Low<br/>&nbsp;&nbsp;<br/>&nbsp;&nbsp;MTRD > 0.477: High,Toxic,0.63,Toxic  (Low Confidence),Safe,0.016,Safe  (High Confidence),5.62,,Toxic,1.0,Toxic  (High Confidence),Safe,0.272,Safe  (Medium Confidence),Safe,0.13,Safe  (High Confidence),Safe,0.003,Safe  (High Confidence),Safe,0.0,Safe  (High Confidence),Safe,0.293,Safe  (Medium Confidence),Safe,0.106,Safe  (High Confidence),Safe,0.096,Safe  (High Confidence),Safe,0.0,Safe  (High Confidence),Safe,0.006,Safe  (High Confidence),-58.88,PIGC50% > -0.5 log ug/L: toxic,2.35,,3.99,,3.76,LC50% < 0.5mM <br/>&nbsp;&nbsp;<br/>&nbsp;&nbsp; (log LC50% < -0.3) = <br/>&nbsp;&nbsp;<br/>&nbsp;&nbsp; High Acute Toxicity,Toxic,0.807,Toxic  (Medium Confidence),Toxic,0.691,Toxic  (Medium Confidence),Safe,0.159,Safe  (High Confidence),Safe,0.008,Safe  (High Confidence),Safe,0.0,Safe  (High Confidence),Safe,0.099,Safe  (High Confidence),Safe,0.055,Safe  (High Confidence),620.23,BP<25: gas,-6.04,,0.52,Proper Value: 1 to 3 log mol/L,1.25,Proper Value: 0 to 3 log mol/L,-4.03,Proper Value: -4 to 0.5 log mol/L,-10.66,Vapor (Gas) Phase: log vp < 4; Vapor and Particulate Phase: 5 =< log vp < 8; Solid Phase: log vp > 8 ,203.12,MP<25: liquid; MP>25:solid,4.63,,7.5,,448.38,0.49,190.28,7.0,11.0,3.0,False,False,False
CCCCCCCCCCC(=O)O,37,Undecanoic acid,Undecanoic acid,Zingiber officinale,Zingiber officinale,8180,8180,C11H22O2,False,0.97747725,CCCCCCCCCCC(=O)O,-4.72,,Non-Bioavailable,0.415,Non-Bioavailable  (Low Confidence),Absorbed,0.924,Absorbed  (High Confidence),-3.99,Proper Value:  > 2 x 10-6cm/s,Non-Bioavailable,0.371,Non-Bioavailable  (Low Confidence),Non-Inhibitor,0.001,Non-Inhibitor  (High Confidence),Non-Substrate,0.129,Non-Substrate  (High Confidence),-2.47,Low Skin Permeability: log KP > -2.5,-2.46,- ,Penetrable,0.977,Penetrable  (High Confidence),0.77,,36.96,Proper Value: therapeutic index < 90 perc; Poor Value value > 90 perc,0.43,Low Value: < 0.71 L/kg (log VDss < -0.15); High Value > 2.81 L/kg (log VDss > 0.45).,Non-Inhibitor,0.342,Non-Inhibitor  (Low Confidence),Non-Inhibitor,0.485,Non-Inhibitor  (Low Confidence),Non-Substrate,0.069,Non-Substrate  (High Confidence),Non-Inhibitor,0.457,Non-Inhibitor  (Low Confidence),Non-Substrate,0.313,Non-Substrate  (Medium Confidence),Non-Inhibitor,0.04,Non-Inhibitor  (High Confidence),Substrate,0.999,Substrate  (High Confidence),Non-Inhibitor,0.0,Non-Inhibitor  (High Confidence),Non-Substrate,0.358,Non-Substrate  (Low Confidence),Non-Inhibitor,0.001,Non-Inhibitor  (High Confidence),Non-Substrate,0.003,Non-Substrate  (High Confidence),Non-Inhibitor,0.007,Non-Inhibitor  (High Confidence),Non-Inhibitor,0.071,Non-Inhibitor  (High Confidence),0.99,,Non-Inhibitor,0.031,Non-Inhibitor  (High Confidence),Half-Life >= 3hs,0.524,Half-Life >= 3hs  (Low Confidence),Safe,0.0,Safe  (High Confidence),Safe,0.02,Safe  (High Confidence),Safe,0.413,Safe  (Low Confidence),1.12,,Toxic,0.937,Toxic  (High Confidence),Safe,0.391,Safe  (Low Confidence),Toxic,0.759,Toxic  (Medium Confidence),Safe,0.389,Safe  (Low Confidence),Toxic,0.918,Toxic  (High Confidence),Toxic,0.996,Toxic  (High Confidence),2.17,MTRD <= 0.477: Low<br/>&nbsp;&nbsp;<br/>&nbsp;&nbsp;MTRD > 0.477: High,Safe,0.431,Safe  (Low Confidence),Safe,0.017,Safe  (High Confidence),2.57,,Safe,0.0,Safe  (High Confidence),Safe,0.005,Safe  (High Confidence),Safe,0.016,Safe  (High Confidence),Safe,0.001,Safe  (High Confidence),Safe,0.0,Safe  (High Confidence),Safe,0.043,Safe  (High Confidence),Safe,0.019,Safe  (High Confidence),Safe,0.024,Safe  (High Confidence),Safe,0.19,Safe  (Medium Confidence),Safe,0.026,Safe  (High Confidence),4.07,PIGC50% > -0.5 log ug/L: toxic,1.47,,2.05,,3.86,LC50% < 0.5mM <br/>&nbsp;&nbsp;<br/>&nbsp;&nbsp; (log LC50% < -0.3) = <br/>&nbsp;&nbsp;<br/>&nbsp;&nbsp; High Acute Toxicity,Toxic,0.605,Toxic  (Low Confidence),Toxic,0.684,Toxic  (Medium Confidence),Safe,0.004,Safe  (High Confidence),Safe,0.0,Safe  (High Confidence),Safe,0.048,Safe  (High Confidence),Safe,0.003,Safe  (High Confidence),Safe,0.0,Safe  (High Confidence),280.9,BP<25: gas,-5.81,,2.14,Proper Value: 1 to 3 log mol/L,4.52,Proper Value: 0 to 3 log mol/L,-3.57,Proper Value: -4 to 0.5 log mol/L,-3.9,Vapor (Gas) Phase: log vp < 4; Vapor and Particulate Phase: 5 =< log vp < 8; Solid Phase: log vp > 8 ,27.71,MP<25: liquid; MP>25:solid,4.82,,8.49,,186.29,3.6,37.3,1.0,1.0,9.0,False,False,False
CCCCCCCCCCCC(=O)O,38,Dodecanoic acid,Dodecanoic acid,Zingiber officinale,Zingiber officinale,3893,3893,C12H24O2,False,0.97747725,CCCCCCCCCCCC(=O)O,-4.74,,Non-Bioavailable,0.366,Non-Bioavailable  (Low Confidence),Absorbed,0.915,Absorbed  (High Confidence),-4.0,Proper Value:  > 2 x 10-6cm/s,Non-Bioavailable,0.356,Non-Bioavailable  (Low Confidence),Non-Inhibitor,0.002,Non-Inhibitor  (High Confidence),Non-Substrate,0.142,Non-Substrate  (High Confidence),-2.53,Low Skin Permeability: log KP > -2.5,-2.43,- ,Penetrable,0.975,Penetrable  (High Confidence),0.87,,39.04,Proper Value: therapeutic index < 90 perc; Poor Value value > 90 perc,0.49,Low Value: < 0.71 L/kg (log VDss < -0.15); High Value > 2.81 L/kg (log VDss > 0.45).,Non-Inhibitor,0.385,Non-Inhibitor  (Low Confidence),Non-Inhibitor,0.49,Non-Inhibitor  (Low Confidence),Non-Substrate,0.066,Non-Substrate  (High Confidence),Non-Inhibitor,0.466,Non-Inhibitor  (Low Confidence),Non-Substrate,0.304,Non-Substrate  (Medium Confidence),Non-Inhibitor,0.047,Non-Inhibitor  (High Confidence),Substrate,0.999,Substrate  (High Confidence),Non-Inhibitor,0.0,Non-Inhibitor  (High Confidence),Non-Substrate,0.364,Non-Substrate  (Low Confidence),Non-Inhibitor,0.002,Non-Inhibitor  (High Confidence),Non-Substrate,0.002,Non-Substrate  (High Confidence),Non-Inhibitor,0.008,Non-Inhibitor  (High Confidence),Non-Inhibitor,0.081,Non-Inhibitor  (High Confidence),0.63,,Non-Inhibitor,0.036,Non-Inhibitor  (High Confidence),Half-Life >= 3hs,0.524,Half-Life >= 3hs  (Low Confidence),Safe,0.0,Safe  (High Confidence),Safe,0.018,Safe  (High Confidence),Safe,0.405,Safe  (Low Confidence),1.15,,Toxic,0.935,Toxic  (High Confidence),Safe,0.361,Safe  (Low Confidence),Toxic,0.868,Toxic  (High Confidence),Safe,0.409,Safe  (Low Confidence),Toxic,0.907,Toxic  (High Confidence),Toxic,0.997,Toxic  (High Confidence),2.17,MTRD <= 0.477: Low<br/>&nbsp;&nbsp;<br/>&nbsp;&nbsp;MTRD > 0.477: High,Safe,0.415,Safe  (Low Confidence),Safe,0.017,Safe  (High Confidence),2.61,,Safe,0.0,Safe  (High Confidence),Safe,0.004,Safe  (High Confidence),Safe,0.017,Safe  (High Confidence),Safe,0.0,Safe  (High Confidence),Safe,0.0,Safe  (High Confidence),Safe,0.046,Safe  (High Confidence),Safe,0.015,Safe  (High Confidence),Safe,0.028,Safe  (High Confidence),Safe,0.252,Safe  (Medium Confidence),Safe,0.033,Safe  (High Confidence),4.44,PIGC50% > -0.5 log ug/L: toxic,1.42,,2.11,,3.91,LC50% < 0.5mM <br/>&nbsp;&nbsp;<br/>&nbsp;&nbsp; (log LC50% < -0.3) = <br/>&nbsp;&nbsp;<br/>&nbsp;&nbsp; High Acute Toxicity,Toxic,0.739,Toxic  (Medium Confidence),Toxic,0.697,Toxic  (Medium Confidence),Safe,0.006,Safe  (High Confidence),Safe,0.0,Safe  (High Confidence),Safe,0.058,Safe  (High Confidence),Safe,0.003,Safe  (High Confidence),Safe,0.0,Safe  (High Confidence),292.78,BP<25: gas,-5.66,,2.5,Proper Value: 1 to 3 log mol/L,5.03,Proper Value: 0 to 3 log mol/L,-3.96,Proper Value: -4 to 0.5 log mol/L,-4.47,Vapor (Gas) Phase: log vp < 4; Vapor and Particulate Phase: 5 =< log vp < 8; Solid Phase: log vp > 8 ,35.27,MP<25: liquid; MP>25:solid,4.84,,8.59,,200.32,3.99,37.3,1.0,1.0,10.0,False,False,False
CCCCCCCCCCCCCC(=O)O,39,Myristic acid,Myristic acid,Zingiber officinale,Zingiber officinale,11005,11005,C14H28O2,False,0.97747725,CCCCCCCCCCCCCC(=O)O,-4.79,,Non-Bioavailable,0.279,Non-Bioavailable  (Medium Confidence),Absorbed,0.904,Absorbed  (High Confidence),-4.0,Proper Value:  > 2 x 10-6cm/s,Non-Bioavailable,0.341,Non-Bioavailable  (Low Confidence),Non-Inhibitor,0.005,Non-Inhibitor  (High Confidence),Non-Substrate,0.178,Non-Substrate  (Medium Confidence),-2.62,Low Skin Permeability: log KP > -2.5,-2.31,- ,Penetrable,0.971,Penetrable  (High Confidence),1.07,,41.48,Proper Value: therapeutic index < 90 perc; Poor Value value > 90 perc,0.57,Low Value: < 0.71 L/kg (log VDss < -0.15); High Value > 2.81 L/kg (log VDss > 0.45).,Non-Inhibitor,0.46,Non-Inhibitor  (Low Confidence),Non-Inhibitor,0.45,Non-Inhibitor  (Low Confidence),Non-Substrate,0.057,Non-Substrate  (High Confidence),Inhibitor,0.511,Inhibitor  (Low Confidence),Non-Substrate,0.295,Non-Substrate  (Medium Confidence),Non-Inhibitor,0.06,Non-Inhibitor  (High Confidence),Substrate,0.998,Substrate  (High Confidence),Non-Inhibitor,0.0,Non-Inhibitor  (High Confidence),Non-Substrate,0.357,Non-Substrate  (Low Confidence),Non-Inhibitor,0.002,Non-Inhibitor  (High Confidence),Non-Substrate,0.001,Non-Substrate  (High Confidence),Non-Inhibitor,0.01,Non-Inhibitor  (High Confidence),Non-Inhibitor,0.103,Non-Inhibitor  (High Confidence),0.11,,Non-Inhibitor,0.044,Non-Inhibitor  (High Confidence),Half-Life >= 3hs,0.526,Half-Life >= 3hs  (Low Confidence),Safe,0.0,Safe  (High Confidence),Safe,0.015,Safe  (High Confidence),Safe,0.395,Safe  (Low Confidence),1.15,,Toxic,0.933,Toxic  (High Confidence),Safe,0.31,Safe  (Medium Confidence),Toxic,0.966,Toxic  (High Confidence),Safe,0.454,Safe  (Low Confidence),Toxic,0.887,Toxic  (High Confidence),Toxic,0.997,Toxic  (High Confidence),2.2,MTRD <= 0.477: Low<br/>&nbsp;&nbsp;<br/>&nbsp;&nbsp;MTRD > 0.477: High,Safe,0.378,Safe  (Low Confidence),Safe,0.03,Safe  (High Confidence),2.68,,Safe,0.0,Safe  (High Confidence),Safe,0.002,Safe  (High Confidence),Safe,0.018,Safe  (High Confidence),Safe,0.0,Safe  (High Confidence),Safe,0.0,Safe  (High Confidence),Safe,0.051,Safe  (High Confidence),Safe,0.01,Safe  (High Confidence),Safe,0.034,Safe  (High Confidence),Safe,0.346,Safe  (Low Confidence),Safe,0.052,Safe  (High Confidence),5.2,PIGC50% > -0.5 log ug/L: toxic,1.35,,2.22,,3.92,LC50% < 0.5mM <br/>&nbsp;&nbsp;<br/>&nbsp;&nbsp; (log LC50% < -0.3) = <br/>&nbsp;&nbsp;<br/>&nbsp;&nbsp; High Acute Toxicity,Toxic,0.861,Toxic  (High Confidence),Toxic,0.725,Toxic  (Medium Confidence),Safe,0.011,Safe  (High Confidence),Safe,0.0,Safe  (High Confidence),Safe,0.071,Safe  (High Confidence),Safe,0.005,Safe  (High Confidence),Safe,0.0,Safe  (High Confidence),318.04,BP<25: gas,-5.3,,3.09,Proper Value: 1 to 3 log mol/L,6.07,Proper Value: 0 to 3 log mol/L,-4.63,Proper Value: -4 to 0.5 log mol/L,-5.33,Vapor (Gas) Phase: log vp < 4; Vapor and Particulate Phase: 5 =< log vp < 8; Solid Phase: log vp > 8 ,51.69,MP<25: liquid; MP>25:solid,4.85,,8.7,,228.38,4.77,37.3,1.0,1.0,12.0,False,False,False
CCCCCCCCCCCCCCC(=O)O,40,Pentadecanoic acid,Pentadecanoic acid,Zingiber officinale,Zingiber officinale,13849,13849,C15H30O2,False,0.97747725,CCCCCCCCCCCCCCC(=O)O,-4.82,,Non-Bioavailable,0.241,Non-Bioavailable  (Medium Confidence),Absorbed,0.898,Absorbed  (High Confidence),-4.0,Proper Value:  > 2 x 10-6cm/s,Non-Bioavailable,0.337,Non-Bioavailable  (Low Confidence),Non-Inhibitor,0.005,Non-Inhibitor  (High Confidence),Non-Substrate,0.2,Non-Substrate  (Medium Confidence),-2.66,Low Skin Permeability: log KP > -2.5,-2.23,- ,Penetrable,0.969,Penetrable  (High Confidence),1.17,,42.11,Proper Value: therapeutic index < 90 perc; Poor Value value > 90 perc,0.59,Low Value: < 0.71 L/kg (log VDss < -0.15); High Value > 2.81 L/kg (log VDss > 0.45).,Non-Inhibitor,0.494,Non-Inhibitor  (Low Confidence),Non-Inhibitor,0.382,Non-Inhibitor  (Low Confidence),Non-Substrate,0.052,Non-Substrate  (High Confidence),Inhibitor,0.539,Inhibitor  (Low Confidence),Non-Substrate,0.29,Non-Substrate  (Medium Confidence),Non-Inhibitor,0.066,Non-Inhibitor  (High Confidence),Substrate,0.996,Substrate  (High Confidence),Non-Inhibitor,0.0,Non-Inhibitor  (High Confidence),Non-Substrate,0.35,Non-Substrate  (Low Confidence),Non-Inhibitor,0.003,Non-Inhibitor  (High Confidence),Non-Substrate,0.001,Non-Substrate  (High Confidence),Non-Inhibitor,0.01,Non-Inhibitor  (High Confidence),Non-Inhibitor,0.117,Non-Inhibitor  (High Confidence),0.0,,Non-Inhibitor,0.046,Non-Inhibitor  (High Confidence),Half-Life >= 3hs,0.527,Half-Life >= 3hs  (Low Confidence),Safe,0.0,Safe  (High Confidence),Safe,0.013,Safe  (High Confidence),Safe,0.389,Safe  (Low Confidence),1.13,,Toxic,0.934,Toxic  (High Confidence),Safe,0.289,Safe  (Medium Confidence),Toxic,0.984,Toxic  (High Confidence),Safe,0.477,Safe  (Low Confidence),Toxic,0.879,Toxic  (High Confidence),Toxic,0.997,Toxic  (High Confidence),2.21,MTRD <= 0.477: Low<br/>&nbsp;&nbsp;<br/>&nbsp;&nbsp;MTRD > 0.477: High,Safe,0.36,Safe  (Low Confidence),Safe,0.042,Safe  (High Confidence),2.73,,Safe,0.0,Safe  (High Confidence),Safe,0.002,Safe  (High Confidence),Safe,0.018,Safe  (High Confidence),Safe,0.0,Safe  (High Confidence),Safe,0.0,Safe  (High Confidence),Safe,0.054,Safe  (High Confidence),Safe,0.008,Safe  (High Confidence),Safe,0.037,Safe  (High Confidence),Safe,0.375,Safe  (Low Confidence),Safe,0.064,Safe  (High Confidence),5.58,PIGC50% > -0.5 log ug/L: toxic,1.32,,2.27,,3.92,LC50% < 0.5mM <br/>&nbsp;&nbsp;<br/>&nbsp;&nbsp; (log LC50% < -0.3) = <br/>&nbsp;&nbsp;<br/>&nbsp;&nbsp; High Acute Toxicity,Toxic,0.882,Toxic  (High Confidence),Toxic,0.739,Toxic  (Medium Confidence),Safe,0.015,Safe  (High Confidence),Safe,0.0,Safe  (High Confidence),Safe,0.074,Safe  (High Confidence),Safe,0.006,Safe  (High Confidence),Safe,0.0,Safe  (High Confidence),330.33,BP<25: gas,-5.12,,3.36,Proper Value: 1 to 3 log mol/L,6.59,Proper Value: 0 to 3 log mol/L,-4.87,Proper Value: -4 to 0.5 log mol/L,-5.66,Vapor (Gas) Phase: log vp < 4; Vapor and Particulate Phase: 5 =< log vp < 8; Solid Phase: log vp > 8 ,59.46,MP<25: liquid; MP>25:solid,4.85,,8.7,,242.4,5.16,37.3,1.0,1.0,13.0,False,False,False
O=C1OC(C(O)CO)C(O)=C1O,41,(+)-Ascorbic acid,(+)-Ascorbic acid,Zingiber officinale,Zingiber officinale,54670067,54670067,C6H8O6,False,0.97730875,O=C1OC(C(O)CO)C(O)=C1O,-5.29,,Bioavailable,0.524,Bioavailable  (Low Confidence),Absorbed,0.883,Absorbed  (High Confidence),-3.84,Proper Value:  > 2 x 10-6cm/s,Non-Bioavailable,0.463,Non-Bioavailable  (Low Confidence),Non-Inhibitor,0.0,Non-Inhibitor  (High Confidence),Non-Substrate,0.156,Non-Substrate  (High Confidence),-2.64,Low Skin Permeability: log KP > -2.5,-3.86,- ,Non-Penetrable,0.026,Non-Penetrable  (High Confidence),0.55,,-1.18,Proper Value: therapeutic index < 90 perc; Poor Value value > 90 perc,0.53,Low Value: < 0.71 L/kg (log VDss < -0.15); High Value > 2.81 L/kg (log VDss > 0.45).,Non-Inhibitor,0.029,Non-Inhibitor  (High Confidence),Non-Inhibitor,0.01,Non-Inhibitor  (High Confidence),Non-Substrate,0.042,Non-Substrate  (High Confidence),Non-Inhibitor,0.095,Non-Inhibitor  (High Confidence),Non-Substrate,0.313,Non-Substrate  (Medium Confidence),Non-Inhibitor,0.002,Non-Inhibitor  (High Confidence),Non-Substrate,0.0,Non-Substrate  (High Confidence),Non-Inhibitor,0.002,Non-Inhibitor  (High Confidence),Non-Substrate,0.343,Non-Substrate  (Low Confidence),Non-Inhibitor,0.054,Non-Inhibitor  (High Confidence),Non-Substrate,0.004,Non-Substrate  (High Confidence),Non-Inhibitor,0.009,Non-Inhibitor  (High Confidence),Non-Inhibitor,0.031,Non-Inhibitor  (High Confidence),3.12,,Non-Inhibitor,0.001,Non-Inhibitor  (High Confidence),Half-Life >= 3hs,0.837,Half-Life >= 3hs  (High Confidence),Safe,0.016,Safe  (High Confidence),Safe,0.01,Safe  (High Confidence),Safe,0.278,Safe  (Medium Confidence),-0.68,,Toxic,0.98,Toxic  (High Confidence),Safe,0.141,Safe  (High Confidence),Safe,0.007,Safe  (High Confidence),Toxic,0.51,Toxic  (Low Confidence),Safe,0.003,Safe  (High Confidence),Safe,0.368,Safe  (Low Confidence),2.09,MTRD <= 0.477: Low<br/>&nbsp;&nbsp;<br/>&nbsp;&nbsp;MTRD > 0.477: High,Safe,0.472,Safe  (Low Confidence),Safe,0.003,Safe  (High Confidence),3.47,,Safe,0.248,Safe  (Medium Confidence),Safe,0.001,Safe  (High Confidence),Safe,0.011,Safe  (High Confidence),Safe,0.019,Safe  (High Confidence),Safe,0.0,Safe  (High Confidence),Safe,0.036,Safe  (High Confidence),Safe,0.003,Safe  (High Confidence),Safe,0.189,Safe  (Medium Confidence),Safe,0.001,Safe  (High Confidence),Safe,0.0,Safe  (High Confidence),1.42,PIGC50% > -0.5 log ug/L: toxic,0.8,,2.79,,2.97,LC50% < 0.5mM <br/>&nbsp;&nbsp;<br/>&nbsp;&nbsp; (log LC50% < -0.3) = <br/>&nbsp;&nbsp;<br/>&nbsp;&nbsp; High Acute Toxicity,Safe,0.419,Safe  (Low Confidence),Toxic,0.679,Toxic  (Medium Confidence),Safe,0.084,Safe  (High Confidence),Safe,0.0,Safe  (High Confidence),Safe,0.006,Safe  (High Confidence),Safe,0.0,Safe  (High Confidence),Safe,0.004,Safe  (High Confidence),364.85,BP<25: gas,-19.78,,-2.03,Proper Value: 1 to 3 log mol/L,-2.34,Proper Value: 0 to 3 log mol/L,0.01,Proper Value: -4 to 0.5 log mol/L,-9.9,Vapor (Gas) Phase: log vp < 4; Vapor and Particulate Phase: 5 =< log vp < 8; Solid Phase: log vp > 8 ,155.09,MP<25: liquid; MP>25:solid,4.4,,4.12,,176.12,-1.41,107.22,4.0,6.0,2.0,False,True,True
CCCCCCCCCCCCCCCCC(=O)O,42,Heptadecanoic acid,Heptadecanoic acid,Zingiber officinale,Zingiber officinale,10465,10465,C17H34O2,False,0.9771978,CCCCCCCCCCCCCCCCC(=O)O,-4.85,,Non-Bioavailable,0.176,Non-Bioavailable  (Medium Confidence),Absorbed,0.882,Absorbed  (High Confidence),-3.99,Proper Value:  > 2 x 10-6cm/s,Non-Bioavailable,0.323,Non-Bioavailable  (Medium Confidence),Non-Inhibitor,0.003,Non-Inhibitor  (High Confidence),Non-Substrate,0.241,Non-Substrate  (Medium Confidence),-2.75,Low Skin Permeability: log KP > -2.5,-2.14,- ,Penetrable,0.965,Penetrable  (High Confidence),1.38,,43.07,Proper Value: therapeutic index < 90 perc; Poor Value value > 90 perc,0.64,Low Value: < 0.71 L/kg (log VDss < -0.15); High Value > 2.81 L/kg (log VDss > 0.45).,Inhibitor,0.565,Inhibitor  (Low Confidence),Non-Inhibitor,0.243,Non-Inhibitor  (Medium Confidence),Non-Substrate,0.044,Non-Substrate  (High Confidence),Inhibitor,0.607,Inhibitor  (Low Confidence),Non-Substrate,0.279,Non-Substrate  (Medium Confidence),Non-Inhibitor,0.078,Non-Inhibitor  (High Confidence),Substrate,0.988,Substrate  (High Confidence),Non-Inhibitor,0.0,Non-Inhibitor  (High Confidence),Non-Substrate,0.338,Non-Substrate  (Low Confidence),Non-Inhibitor,0.004,Non-Inhibitor  (High Confidence),Non-Substrate,0.001,Non-Substrate  (High Confidence),Non-Inhibitor,0.007,Non-Inhibitor  (High Confidence),Non-Inhibitor,0.144,Non-Inhibitor  (High Confidence),-0.02,,Non-Inhibitor,0.049,Non-Inhibitor  (High Confidence),Half-Life >= 3hs,0.533,Half-Life >= 3hs  (Low Confidence),Safe,0.0,Safe  (High Confidence),Safe,0.012,Safe  (High Confidence),Safe,0.376,Safe  (Low Confidence),1.07,,Toxic,0.938,Toxic  (High Confidence),Safe,0.251,Safe  (Medium Confidence),Toxic,0.996,Toxic  (High Confidence),Toxic,0.52,Toxic  (Low Confidence),Toxic,0.855,Toxic  (High Confidence),Toxic,0.997,Toxic  (High Confidence),2.22,MTRD <= 0.477: Low<br/>&nbsp;&nbsp;<br/>&nbsp;&nbsp;MTRD > 0.477: High,Safe,0.326,Safe  (Medium Confidence),Safe,0.095,Safe  (High Confidence),2.85,,Safe,0.0,Safe  (High Confidence),Safe,0.001,Safe  (High Confidence),Safe,0.017,Safe  (High Confidence),Safe,0.0,Safe  (High Confidence),Safe,0.0,Safe  (High Confidence),Safe,0.063,Safe  (High Confidence),Safe,0.006,Safe  (High Confidence),Safe,0.039,Safe  (High Confidence),Safe,0.389,Safe  (Low Confidence),Safe,0.096,Safe  (High Confidence),6.3,PIGC50% > -0.5 log ug/L: toxic,1.32,,2.37,,3.92,LC50% < 0.5mM <br/>&nbsp;&nbsp;<br/>&nbsp;&nbsp; (log LC50% < -0.3) = <br/>&nbsp;&nbsp;<br/>&nbsp;&nbsp; High Acute Toxicity,Toxic,0.888,Toxic  (High Confidence),Toxic,0.763,Toxic  (Medium Confidence),Safe,0.021,Safe  (High Confidence),Safe,0.0,Safe  (High Confidence),Safe,0.074,Safe  (High Confidence),Safe,0.008,Safe  (High Confidence),Safe,0.0,Safe  (High Confidence),352.16,BP<25: gas,-4.74,,3.89,Proper Value: 1 to 3 log mol/L,7.62,Proper Value: 0 to 3 log mol/L,-5.18,Proper Value: -4 to 0.5 log mol/L,-6.28,Vapor (Gas) Phase: log vp < 4; Vapor and Particulate Phase: 5 =< log vp < 8; Solid Phase: log vp > 8 ,71.37,MP<25: liquid; MP>25:solid,4.88,,8.69,,270.46,5.94,37.3,1.0,1.0,15.0,False,False,False
CCCCCCCCCCCCCCCCCCCCCCCC(=O)O,43,Lignoceric acid,Lignoceric acid,Zingiber officinale,Zingiber officinale,11197,11197,C24H48O2,False,0.9771978,CCCCCCCCCCCCCCCCCCCCCCCC(=O)O,-4.91,,Non-Bioavailable,0.051,Non-Bioavailable  (High Confidence),Absorbed,0.822,Absorbed  (Medium Confidence),-3.93,Proper Value:  > 2 x 10-6cm/s,Non-Bioavailable,0.288,Non-Bioavailable  (Medium Confidence),Non-Inhibitor,0.0,Non-Inhibitor  (High Confidence),Non-Substrate,0.386,Non-Substrate  (Low Confidence),-3.05,Low Skin Permeability: log KP > -2.5,-1.89,- ,Penetrable,0.948,Penetrable  (High Confidence),2.06,,46.75,Proper Value: therapeutic index < 90 perc; Poor Value value > 90 perc,0.71,Low Value: < 0.71 L/kg (log VDss < -0.15); High Value > 2.81 L/kg (log VDss > 0.45).,Inhibitor,0.772,Inhibitor  (Medium Confidence),Non-Inhibitor,0.034,Non-Inhibitor  (High Confidence),Non-Substrate,0.023,Non-Substrate  (High Confidence),Inhibitor,0.743,Inhibitor  (Medium Confidence),Non-Substrate,0.234,Non-Substrate  (Medium Confidence),Non-Inhibitor,0.121,Non-Inhibitor  (High Confidence),Non-Substrate,0.32,Non-Substrate  (Medium Confidence),Non-Inhibitor,0.0,Non-Inhibitor  (High Confidence),Non-Substrate,0.266,Non-Substrate  (Medium Confidence),Non-Inhibitor,0.014,Non-Inhibitor  (High Confidence),Non-Substrate,0.0,Non-Substrate  (High Confidence),Non-Inhibitor,0.001,Non-Inhibitor  (High Confidence),Non-Inhibitor,0.252,Non-Inhibitor  (Medium Confidence),0.87,,Non-Inhibitor,0.041,Non-Inhibitor  (High Confidence),Half-Life >= 3hs,0.548,Half-Life >= 3hs  (Low Confidence),Safe,0.0,Safe  (High Confidence),Safe,0.008,Safe  (High Confidence),Safe,0.312,Safe  (Medium Confidence),0.81,,Toxic,0.951,Toxic  (High Confidence),Safe,0.136,Safe  (High Confidence),Toxic,1.0,Toxic  (High Confidence),Toxic,0.651,Toxic  (Low Confidence),Toxic,0.694,Toxic  (Medium Confidence),Toxic,0.989,Toxic  (High Confidence),2.24,MTRD <= 0.477: Low<br/>&nbsp;&nbsp;<br/>&nbsp;&nbsp;MTRD > 0.477: High,Safe,0.256,Safe  (Medium Confidence),Toxic,0.566,Toxic  (Low Confidence),3.5,,Safe,0.0,Safe  (High Confidence),Safe,0.0,Safe  (High Confidence),Safe,0.01,Safe  (High Confidence),Safe,0.0,Safe  (High Confidence),Safe,0.0,Safe  (High Confidence),Safe,0.1,Safe  (High Confidence),Safe,0.001,Safe  (High Confidence),Safe,0.022,Safe  (High Confidence),Safe,0.23,Safe  (Medium Confidence),Safe,0.339,Safe  (Low Confidence),6.55,PIGC50% > -0.5 log ug/L: toxic,1.52,,2.73,,3.92,LC50% < 0.5mM <br/>&nbsp;&nbsp;<br/>&nbsp;&nbsp; (log LC50% < -0.3) = <br/>&nbsp;&nbsp;<br/>&nbsp;&nbsp; High Acute Toxicity,Toxic,0.674,Toxic  (Medium Confidence),Toxic,0.831,Toxic  (Medium Confidence),Safe,0.032,Safe  (High Confidence),Safe,0.0,Safe  (High Confidence),Safe,0.049,Safe  (High Confidence),Safe,0.004,Safe  (High Confidence),Safe,0.0,Safe  (High Confidence),424.49,BP<25: gas,-3.23,,5.46,Proper Value: 1 to 3 log mol/L,11.29,Proper Value: 0 to 3 log mol/L,-5.54,Proper Value: -4 to 0.5 log mol/L,-8.65,Vapor (Gas) Phase: log vp < 4; Vapor and Particulate Phase: 5 =< log vp < 8; Solid Phase: log vp > 8 ,88.3,MP<25: liquid; MP>25:solid,5.58,,8.41,,368.65,8.67,37.3,1.0,1.0,22.0,False,False,False
CCCCCCCCCCCCCCCCCCCCCCCCCCCCCC(=O)O,44,Triacontanoic acid,Triacontanoic acid,Zingiber officinale,Zingiber officinale,10471,10471,C30H60O2,False,0.9771978,CCCCCCCCCCCCCCCCCCCCCCCCCCCCCC(=O)O,-4.96,,Non-Bioavailable,0.017,Non-Bioavailable  (High Confidence),Absorbed,0.763,Absorbed  (Medium Confidence),-3.93,Proper Value:  > 2 x 10-6cm/s,Non-Bioavailable,0.273,Non-Bioavailable  (Medium Confidence),Non-Inhibitor,0.0,Non-Inhibitor  (High Confidence),Substrate,0.516,Substrate  (Low Confidence),-3.29,Low Skin Permeability: log KP > -2.5,-1.75,- ,Penetrable,0.931,Penetrable  (High Confidence),2.33,,50.61,Proper Value: therapeutic index < 90 perc; Poor Value value > 90 perc,0.66,Low Value: < 0.71 L/kg (log VDss < -0.15); High Value > 2.81 L/kg (log VDss > 0.45).,Inhibitor,0.88,Inhibitor  (High Confidence),Non-Inhibitor,0.007,Non-Inhibitor  (High Confidence),Non-Substrate,0.013,Non-Substrate  (High Confidence),Inhibitor,0.86,Inhibitor  (High Confidence),Non-Substrate,0.187,Non-Substrate  (Medium Confidence),Non-Inhibitor,0.192,Non-Inhibitor  (Medium Confidence),Non-Substrate,0.004,Non-Substrate  (High Confidence),Non-Inhibitor,0.0,Non-Inhibitor  (High Confidence),Non-Substrate,0.191,Non-Substrate  (Medium Confidence),Non-Inhibitor,0.033,Non-Inhibitor  (High Confidence),Non-Substrate,0.0,Non-Substrate  (High Confidence),Non-Inhibitor,0.001,Non-Inhibitor  (High Confidence),Non-Inhibitor,0.352,Non-Inhibitor  (Low Confidence),1.51,,Non-Inhibitor,0.029,Non-Inhibitor  (High Confidence),Half-Life >= 3hs,0.561,Half-Life >= 3hs  (Low Confidence),Safe,0.0,Safe  (High Confidence),Safe,0.006,Safe  (High Confidence),Safe,0.252,Safe  (Medium Confidence),0.6,,Toxic,0.96,Toxic  (High Confidence),Safe,0.074,Safe  (High Confidence),Toxic,1.0,Toxic  (High Confidence),Toxic,0.746,Toxic  (Medium Confidence),Safe,0.432,Safe  (Low Confidence),Toxic,0.974,Toxic  (High Confidence),2.14,MTRD <= 0.477: Low<br/>&nbsp;&nbsp;<br/>&nbsp;&nbsp;MTRD > 0.477: High,Safe,0.221,Safe  (Medium Confidence),Toxic,0.895,Toxic  (High Confidence),4.15,,Safe,0.0,Safe  (High Confidence),Safe,0.0,Safe  (High Confidence),Safe,0.006,Safe  (High Confidence),Safe,0.0,Safe  (High Confidence),Safe,0.0,Safe  (High Confidence),Safe,0.14,Safe  (High Confidence),Safe,0.0,Safe  (High Confidence),Safe,0.01,Safe  (High Confidence),Safe,0.102,Safe  (High Confidence),Toxic,0.668,Toxic  (Medium Confidence),-36.43,PIGC50% > -0.5 log ug/L: toxic,1.66,,2.94,,4.18,LC50% < 0.5mM <br/>&nbsp;&nbsp;<br/>&nbsp;&nbsp; (log LC50% < -0.3) = <br/>&nbsp;&nbsp;<br/>&nbsp;&nbsp; High Acute Toxicity,Safe,0.3,Safe  (Medium Confidence),Toxic,0.867,Toxic  (High Confidence),Safe,0.026,Safe  (High Confidence),Safe,0.0,Safe  (High Confidence),Safe,0.031,Safe  (High Confidence),Safe,0.001,Safe  (High Confidence),Safe,0.0,Safe  (High Confidence),488.83,BP<25: gas,-2.65,,6.75,Proper Value: 1 to 3 log mol/L,14.46,Proper Value: 0 to 3 log mol/L,-5.82,Proper Value: -4 to 0.5 log mol/L,-10.56,Vapor (Gas) Phase: log vp < 4; Vapor and Particulate Phase: 5 =< log vp < 8; Solid Phase: log vp > 8 ,95.94,MP<25: liquid; MP>25:solid,6.41,,8.27,,452.81,11.01,37.3,1.0,1.0,28.0,False,False,False
COc1cc(O)c2c(c1OC)OC(c1ccccc1)CC2=O,45,"5-Hydroxy-7,8-dimethoxyflavanone","5-Hydroxy-7,8-dimethoxyflavanone",Andrographis paniculata,Andrographis paniculata,13963770,13963770,C17H16O5,False,0.97718626,COc1cc(O)c2c(c1OC)OC(c1ccccc1)CC2=O,-4.56,,Bioavailable,0.717,Bioavailable  (Medium Confidence),Absorbed,0.994,Absorbed  (High Confidence),-4.56,Proper Value:  > 2 x 10-6cm/s,Bioavailable,0.738,Bioavailable  (Medium Confidence),Inhibitor,0.988,Inhibitor  (High Confidence),Non-Substrate,0.099,Non-Substrate  (High Confidence),-2.19,Low Skin Permeability: log KP > -2.5,-2.82,- ,Penetrable,0.957,Penetrable  (High Confidence),1.23,,57.08,Proper Value: therapeutic index < 90 perc; Poor Value value > 90 perc,1.27,Low Value: < 0.71 L/kg (log VDss < -0.15); High Value > 2.81 L/kg (log VDss > 0.45).,Non-Inhibitor,0.359,Non-Inhibitor  (Low Confidence),Inhibitor,0.952,Inhibitor  (High Confidence),Substrate,0.796,Substrate  (Medium Confidence),Inhibitor,0.995,Inhibitor  (High Confidence),Non-Substrate,0.467,Non-Substrate  (Low Confidence),Inhibitor,0.719,Inhibitor  (Medium Confidence),Substrate,0.972,Substrate  (High Confidence),Inhibitor,0.777,Inhibitor  (Medium Confidence),Non-Substrate,0.428,Non-Substrate  (Low Confidence),Non-Inhibitor,0.44,Non-Inhibitor  (Low Confidence),Non-Substrate,0.369,Non-Substrate  (Low Confidence),Non-Inhibitor,0.094,Non-Inhibitor  (High Confidence),Non-Inhibitor,0.074,Non-Inhibitor  (High Confidence),9.67,,Non-Inhibitor,0.234,Non-Inhibitor  (Medium Confidence),Half-Life < 3hs,0.263,Half-Life < 3hs  (Medium Confidence),Safe,0.015,Safe  (High Confidence),Safe,0.05,Safe  (High Confidence),Toxic,0.801,Toxic  (Medium Confidence),1.5,,Safe,0.191,Safe  (Medium Confidence),Safe,0.232,Safe  (Medium Confidence),Toxic,0.818,Toxic  (Medium Confidence),Safe,0.463,Safe  (Low Confidence),Safe,0.0,Safe  (High Confidence),Safe,0.236,Safe  (Medium Confidence),0.89,MTRD <= 0.477: Low<br/>&nbsp;&nbsp;<br/>&nbsp;&nbsp;MTRD > 0.477: High,Toxic,0.573,Toxic  (Low Confidence),Safe,0.071,Safe  (High Confidence),6.21,,Toxic,0.678,Toxic  (Medium Confidence),Toxic,0.829,Toxic  (Medium Confidence),Safe,0.036,Safe  (High Confidence),Safe,0.01,Safe  (High Confidence),Safe,0.052,Safe  (High Confidence),Safe,0.129,Safe  (High Confidence),Safe,0.009,Safe  (High Confidence),Safe,0.289,Safe  (Medium Confidence),Safe,0.02,Safe  (High Confidence),Safe,0.238,Safe  (Medium Confidence),3.85,PIGC50% > -0.5 log ug/L: toxic,1.99,,2.18,,4.68,LC50% < 0.5mM <br/>&nbsp;&nbsp;<br/>&nbsp;&nbsp; (log LC50% < -0.3) = <br/>&nbsp;&nbsp;<br/>&nbsp;&nbsp; High Acute Toxicity,Safe,0.193,Safe  (Medium Confidence),Safe,0.343,Safe  (Low Confidence),Toxic,0.617,Toxic  (Low Confidence),Safe,0.399,Safe  (Low Confidence),Safe,0.028,Safe  (High Confidence),Toxic,0.755,Toxic  (Medium Confidence),Safe,0.034,Safe  (High Confidence),386.09,BP<25: gas,-8.11,,2.7,Proper Value: 1 to 3 log mol/L,3.01,Proper Value: 0 to 3 log mol/L,-4.6,Proper Value: -4 to 0.5 log mol/L,-6.79,Vapor (Gas) Phase: log vp < 4; Vapor and Particulate Phase: 5 =< log vp < 8; Solid Phase: log vp > 8 ,115.42,MP<25: liquid; MP>25:solid,7.27,,2.98,,300.31,3.12,64.99,1.0,5.0,3.0,False,False,False
CC1OC(Oc2ccc(-c3oc4cc(O)cc(O)c4c(=O)c3O)cc2)C(O)C(O)C1O,46,Kaempferol 4'-rhamnoside,Kaempferol 4'-rhamnoside,Phyllanthus niruri,Phyllanthus niruri,44258925,44258925,C21H20O10,False,0.9771126,CC1OC(Oc2ccc(-c3oc4cc(O)cc(O)c4c(=O)c3O)cc2)C(O)C(O)C1O,-6.71,,Non-Bioavailable,0.44,Non-Bioavailable  (Low Confidence),Non-Absorbed,0.405,Non-Absorbed  (Low Confidence),-5.31,Proper Value:  > 2 x 10-6cm/s,Non-Bioavailable,0.273,Non-Bioavailable  (Medium Confidence),Non-Inhibitor,0.035,Non-Inhibitor  (High Confidence),Non-Substrate,0.435,Non-Substrate  (Low Confidence),-0.3,Low Skin Permeability: log KP > -2.5,-3.73,- ,Non-Penetrable,0.138,Non-Penetrable  (High Confidence),1.04,,39.7,Proper Value: therapeutic index < 90 perc; Poor Value value > 90 perc,0.83,Low Value: < 0.71 L/kg (log VDss < -0.15); High Value > 2.81 L/kg (log VDss > 0.45).,Non-Inhibitor,0.328,Non-Inhibitor  (Medium Confidence),Non-Inhibitor,0.195,Non-Inhibitor  (Medium Confidence),Non-Substrate,0.025,Non-Substrate  (High Confidence),Non-Inhibitor,0.0,Non-Inhibitor  (High Confidence),Non-Substrate,0.218,Non-Substrate  (Medium Confidence),Non-Inhibitor,0.082,Non-Inhibitor  (High Confidence),Substrate,0.684,Substrate  (Medium Confidence),Non-Inhibitor,0.0,Non-Inhibitor  (High Confidence),Non-Substrate,0.208,Non-Substrate  (Medium Confidence),Non-Inhibitor,0.039,Non-Inhibitor  (High Confidence),Non-Substrate,0.001,Non-Substrate  (High Confidence),Non-Inhibitor,0.214,Non-Inhibitor  (Medium Confidence),Non-Inhibitor,0.177,Non-Inhibitor  (Medium Confidence),11.91,,Non-Inhibitor,0.131,Non-Inhibitor  (High Confidence),Half-Life < 3hs,0.312,Half-Life < 3hs  (Medium Confidence),Toxic,0.936,Toxic  (High Confidence),Safe,0.025,Safe  (High Confidence),Toxic,0.63,Toxic  (Low Confidence),-0.21,,Safe,0.01,Safe  (High Confidence),Safe,0.119,Safe  (High Confidence),Safe,0.464,Safe  (Low Confidence),Safe,0.444,Safe  (Low Confidence),Safe,0.0,Safe  (High Confidence),Safe,0.12,Safe  (High Confidence),1.19,MTRD <= 0.477: Low<br/>&nbsp;&nbsp;<br/>&nbsp;&nbsp;MTRD > 0.477: High,Toxic,0.686,Toxic  (Medium Confidence),Safe,0.059,Safe  (High Confidence),5.62,,Toxic,0.999,Toxic  (High Confidence),Safe,0.227,Safe  (Medium Confidence),Safe,0.142,Safe  (High Confidence),Safe,0.003,Safe  (High Confidence),Safe,0.001,Safe  (High Confidence),Safe,0.19,Safe  (Medium Confidence),Safe,0.038,Safe  (High Confidence),Safe,0.278,Safe  (Medium Confidence),Safe,0.0,Safe  (High Confidence),Safe,0.011,Safe  (High Confidence),-40.45,PIGC50% > -0.5 log ug/L: toxic,2.41,,4.14,,4.15,LC50% < 0.5mM <br/>&nbsp;&nbsp;<br/>&nbsp;&nbsp; (log LC50% < -0.3) = <br/>&nbsp;&nbsp;<br/>&nbsp;&nbsp; High Acute Toxicity,Toxic,0.659,Toxic  (Low Confidence),Toxic,0.591,Toxic  (Low Confidence),Safe,0.21,Safe  (Medium Confidence),Safe,0.013,Safe  (High Confidence),Safe,0.0,Safe  (High Confidence),Safe,0.142,Safe  (High Confidence),Safe,0.021,Safe  (High Confidence),568.53,BP<25: gas,-6.09,,0.59,Proper Value: 1 to 3 log mol/L,0.49,Proper Value: 0 to 3 log mol/L,-4.03,Proper Value: -4 to 0.5 log mol/L,-11.64,Vapor (Gas) Phase: log vp < 4; Vapor and Particulate Phase: 5 =< log vp < 8; Solid Phase: log vp > 8 ,227.1,MP<25: liquid; MP>25:solid,5.05,,5.06,,432.38,0.78,170.05,6.0,10.0,3.0,False,False,False
CCCCCC(CC(CCc1ccc(O)c(OC)c1)OC(C)=O)OC(C)=O,47,"[6]-Gingerdiol 3,5-diacetate","[6]-Gingerdiol 3,5-diacetate",Zingiber officinale,Zingiber officinale,5317587,5317587,C21H32O6,False,0.9767523,CCCCCC(CC(CCc1ccc(O)c(OC)c1)OC(C)=O)OC(C)=O,-4.64,,Non-Bioavailable,0.37,Non-Bioavailable  (Low Confidence),Absorbed,0.943,Absorbed  (High Confidence),-4.56,Proper Value:  > 2 x 10-6cm/s,Non-Bioavailable,0.316,Non-Bioavailable  (Medium Confidence),Inhibitor,0.998,Inhibitor  (High Confidence),Non-Substrate,0.31,Non-Substrate  (Medium Confidence),-2.81,Low Skin Permeability: log KP > -2.5,-2.52,- ,Penetrable,0.576,Penetrable  (Low Confidence),0.81,,13.59,Proper Value: therapeutic index < 90 perc; Poor Value value > 90 perc,2.24,Low Value: < 0.71 L/kg (log VDss < -0.15); High Value > 2.81 L/kg (log VDss > 0.45).,Non-Inhibitor,0.223,Non-Inhibitor  (Medium Confidence),Inhibitor,0.913,Inhibitor  (High Confidence),Non-Substrate,0.486,Non-Substrate  (Low Confidence),Inhibitor,0.897,Inhibitor  (High Confidence),Non-Substrate,0.447,Non-Substrate  (Low Confidence),Inhibitor,0.755,Inhibitor  (Medium Confidence),Substrate,0.723,Substrate  (Medium Confidence),Inhibitor,0.852,Inhibitor  (High Confidence),Non-Substrate,0.428,Non-Substrate  (Low Confidence),Inhibitor,0.517,Inhibitor  (Low Confidence),Non-Substrate,0.142,Non-Substrate  (High Confidence),Non-Inhibitor,0.294,Non-Inhibitor  (Medium Confidence),Non-Inhibitor,0.136,Non-Inhibitor  (High Confidence),10.99,,Non-Inhibitor,0.325,Non-Inhibitor  (Medium Confidence),Half-Life < 3hs,0.365,Half-Life < 3hs  (Low Confidence),Safe,0.049,Safe  (High Confidence),Safe,0.045,Safe  (High Confidence),Toxic,0.643,Toxic  (Low Confidence),1.21,,Toxic,0.56,Toxic  (Low Confidence),Toxic,0.883,Toxic  (High Confidence),Safe,0.434,Safe  (Low Confidence),Safe,0.259,Safe  (Medium Confidence),Safe,0.0,Safe  (High Confidence),Safe,0.182,Safe  (Medium Confidence),1.07,MTRD <= 0.477: Low<br/>&nbsp;&nbsp;<br/>&nbsp;&nbsp;MTRD > 0.477: High,Safe,0.468,Safe  (Low Confidence),Safe,0.166,Safe  (High Confidence),6.54,,Safe,0.276,Safe  (Medium Confidence),Safe,0.075,Safe  (High Confidence),Safe,0.046,Safe  (High Confidence),Safe,0.001,Safe  (High Confidence),Toxic,0.515,Toxic  (Low Confidence),Safe,0.04,Safe  (High Confidence),Safe,0.015,Safe  (High Confidence),Safe,0.471,Safe  (Low Confidence),Safe,0.036,Safe  (High Confidence),Safe,0.072,Safe  (High Confidence),0.9,PIGC50% > -0.5 log ug/L: toxic,1.92,,2.05,,4.34,LC50% < 0.5mM <br/>&nbsp;&nbsp;<br/>&nbsp;&nbsp; (log LC50% < -0.3) = <br/>&nbsp;&nbsp;<br/>&nbsp;&nbsp; High Acute Toxicity,Safe,0.399,Safe  (Low Confidence),Toxic,0.565,Toxic  (Low Confidence),Safe,0.111,Safe  (High Confidence),Safe,0.002,Safe  (High Confidence),Safe,0.259,Safe  (Medium Confidence),Safe,0.315,Safe  (Medium Confidence),Safe,0.004,Safe  (High Confidence),384.42,BP<25: gas,-7.3,,3.51,Proper Value: 1 to 3 log mol/L,4.18,Proper Value: 0 to 3 log mol/L,-4.61,Proper Value: -4 to 0.5 log mol/L,-6.65,Vapor (Gas) Phase: log vp < 4; Vapor and Particulate Phase: 5 =< log vp < 8; Solid Phase: log vp > 8 ,20.26,MP<25: liquid; MP>25:solid,9.65,,5.38,,380.48,4.17,82.06,1.0,6.0,12.0,False,False,False
CC1(CO)CCC2(C(=O)OC3OC(CO)C(O)C(O)C3O)CCC3(C)C(=CCC4C5(C)CC(O)C(O)C(C)(CO)C5CCC43C)C2C1,48,Quadranoside III,Quadranoside III,Melissa officinalis,Melissa officinalis,10327092,10327092,C36H58O11,False,0.976522,CC1(CO)CCC2(C(=O)OC3OC(CO)C(O)C(O)C3O)CCC3(C)C(=CCC4C5(C)CC(O)C(O)C(C)(CO)C5CCC43C)C2C1,-5.84,,Bioavailable,0.67,Bioavailable  (Medium Confidence),Absorbed,0.658,Absorbed  (Low Confidence),-5.1,Proper Value:  > 2 x 10-6cm/s,Non-Bioavailable,0.404,Non-Bioavailable  (Low Confidence),Inhibitor,0.998,Inhibitor  (High Confidence),Substrate,0.668,Substrate  (Medium Confidence),41.52,Low Skin Permeability: log KP > -2.5,-2.64,- ,Non-Penetrable,0.001,Non-Penetrable  (High Confidence),0.62,,3.65,Proper Value: therapeutic index < 90 perc; Poor Value value > 90 perc,0.65,Low Value: < 0.71 L/kg (log VDss < -0.15); High Value > 2.81 L/kg (log VDss > 0.45).,Non-Inhibitor,0.012,Non-Inhibitor  (High Confidence),Non-Inhibitor,0.058,Non-Inhibitor  (High Confidence),Non-Substrate,0.008,Non-Substrate  (High Confidence),Non-Inhibitor,0.003,Non-Inhibitor  (High Confidence),Non-Substrate,0.478,Non-Substrate  (Low Confidence),Non-Inhibitor,0.0,Non-Inhibitor  (High Confidence),Non-Substrate,0.0,Non-Substrate  (High Confidence),Non-Inhibitor,0.0,Non-Inhibitor  (High Confidence),Non-Substrate,0.088,Non-Substrate  (High Confidence),Non-Inhibitor,0.024,Non-Inhibitor  (High Confidence),Substrate,1.0,Substrate  (High Confidence),Inhibitor,0.598,Inhibitor  (Low Confidence),Inhibitor,0.57,Inhibitor  (Low Confidence),3.1,,Non-Inhibitor,0.002,Non-Inhibitor  (High Confidence),Half-Life < 3hs,0.112,Half-Life < 3hs  (High Confidence),Safe,0.403,Safe  (Low Confidence),Safe,0.0,Safe  (High Confidence),Toxic,0.935,Toxic  (High Confidence),-4.21,,Safe,0.0,Safe  (High Confidence),Safe,0.013,Safe  (High Confidence),Safe,0.0,Safe  (High Confidence),Toxic,0.584,Toxic  (Low Confidence),Safe,0.0,Safe  (High Confidence),Safe,0.001,Safe  (High Confidence),0.24,MTRD <= 0.477: Low<br/>&nbsp;&nbsp;<br/>&nbsp;&nbsp;MTRD > 0.477: High,Safe,0.4,Safe  (Low Confidence),Safe,0.0,Safe  (High Confidence),6.05,,Toxic,0.624,Toxic  (Low Confidence),Safe,0.0,Safe  (High Confidence),Safe,0.331,Safe  (Medium Confidence),Safe,0.001,Safe  (High Confidence),Safe,0.0,Safe  (High Confidence),Safe,0.042,Safe  (High Confidence),Safe,0.0,Safe  (High Confidence),Toxic,0.898,Toxic  (High Confidence),Safe,0.0,Safe  (High Confidence),Safe,0.008,Safe  (High Confidence),-77726.5,PIGC50% > -0.5 log ug/L: toxic,4.19,,3.87,,112.26,LC50% < 0.5mM <br/>&nbsp;&nbsp;<br/>&nbsp;&nbsp; (log LC50% < -0.3) = <br/>&nbsp;&nbsp;<br/>&nbsp;&nbsp; High Acute Toxicity,Toxic,1.0,Toxic  (High Confidence),Safe,0.186,Safe  (Medium Confidence),Safe,0.002,Safe  (High Confidence),Safe,0.0,Safe  (High Confidence),Safe,0.002,Safe  (High Confidence),Toxic,0.937,Toxic  (High Confidence),Safe,0.001,Safe  (High Confidence),5500.53,BP<25: gas,-2.92,,3.21,Proper Value: 1 to 3 log mol/L,1.5,Proper Value: 0 to 3 log mol/L,-3.17,Proper Value: -4 to 0.5 log mol/L,-157.82,Vapor (Gas) Phase: log vp < 4; Vapor and Particulate Phase: 5 =< log vp < 8; Solid Phase: log vp > 8 ,278.64,MP<25: liquid; MP>25:solid,5.51,,4.79,,666.85,1.41,197.37,8.0,11.0,5.0,False,False,False
CCCCCCCC(CC(CCc1ccc(O)c(OC)c1)OC(C)=O)OC(C)=O,49,[8]-Gingerdiol,[8]-Gingerdiol,Zingiber officinale,Zingiber officinale,156373480,156373480,C23H36O6,False,0.9755822,CCCCCCCC(CC(CCc1ccc(O)c(OC)c1)OC(C)=O)OC(C)=O,-4.74,,Non-Bioavailable,0.28,Non-Bioavailable  (Medium Confidence),Absorbed,0.928,Absorbed  (High Confidence),-4.53,Proper Value:  > 2 x 10-6cm/s,Non-Bioavailable,0.307,Non-Bioavailable  (Medium Confidence),Inhibitor,0.998,Inhibitor  (High Confidence),Non-Substrate,0.401,Non-Substrate  (Low Confidence),-2.88,Low Skin Permeability: log KP > -2.5,-2.4,- ,Penetrable,0.593,Penetrable  (Low Confidence),1.01,,13.85,Proper Value: therapeutic index < 90 perc; Poor Value value > 90 perc,2.48,Low Value: < 0.71 L/kg (log VDss < -0.15); High Value > 2.81 L/kg (log VDss > 0.45).,Non-Inhibitor,0.276,Non-Inhibitor  (Medium Confidence),Inhibitor,0.806,Inhibitor  (Medium Confidence),Non-Substrate,0.423,Non-Substrate  (Low Confidence),Inhibitor,0.778,Inhibitor  (Medium Confidence),Non-Substrate,0.431,Non-Substrate  (Low Confidence),Non-Inhibitor,0.465,Non-Inhibitor  (Low Confidence),Substrate,0.67,Substrate  (Medium Confidence),Inhibitor,0.693,Inhibitor  (Medium Confidence),Non-Substrate,0.425,Non-Substrate  (Low Confidence),Non-Inhibitor,0.485,Non-Inhibitor  (Low Confidence),Non-Substrate,0.077,Non-Substrate  (High Confidence),Non-Inhibitor,0.302,Non-Inhibitor  (Medium Confidence),Non-Inhibitor,0.185,Non-Inhibitor  (Medium Confidence),9.02,,Non-Inhibitor,0.312,Non-Inhibitor  (Medium Confidence),Half-Life < 3hs,0.354,Half-Life < 3hs  (Low Confidence),Safe,0.018,Safe  (High Confidence),Safe,0.037,Safe  (High Confidence),Toxic,0.62,Toxic  (Low Confidence),1.21,,Toxic,0.542,Toxic  (Low Confidence),Toxic,0.787,Toxic  (Medium Confidence),Toxic,0.786,Toxic  (Medium Confidence),Safe,0.276,Safe  (Medium Confidence),Safe,0.0,Safe  (High Confidence),Safe,0.183,Safe  (Medium Confidence),1.26,MTRD <= 0.477: Low<br/>&nbsp;&nbsp;<br/>&nbsp;&nbsp;MTRD > 0.477: High,Safe,0.471,Safe  (Low Confidence),Toxic,0.645,Toxic  (Low Confidence),6.72,,Safe,0.187,Safe  (Medium Confidence),Safe,0.034,Safe  (High Confidence),Safe,0.051,Safe  (High Confidence),Safe,0.001,Safe  (High Confidence),Safe,0.382,Safe  (Low Confidence),Safe,0.04,Safe  (High Confidence),Safe,0.013,Safe  (High Confidence),Safe,0.474,Safe  (Low Confidence),Safe,0.031,Safe  (High Confidence),Safe,0.112,Safe  (High Confidence),-3.78,PIGC50% > -0.5 log ug/L: toxic,1.91,,2.09,,4.39,LC50% < 0.5mM <br/>&nbsp;&nbsp;<br/>&nbsp;&nbsp; (log LC50% < -0.3) = <br/>&nbsp;&nbsp;<br/>&nbsp;&nbsp; High Acute Toxicity,Safe,0.334,Safe  (Low Confidence),Toxic,0.584,Toxic  (Low Confidence),Safe,0.101,Safe  (High Confidence),Safe,0.002,Safe  (High Confidence),Safe,0.234,Safe  (Medium Confidence),Safe,0.209,Safe  (Medium Confidence),Safe,0.005,Safe  (High Confidence),399.99,BP<25: gas,-5.6,,3.88,Proper Value: 1 to 3 log mol/L,5.15,Proper Value: 0 to 3 log mol/L,-5.22,Proper Value: -4 to 0.5 log mol/L,-7.06,Vapor (Gas) Phase: log vp < 4; Vapor and Particulate Phase: 5 =< log vp < 8; Solid Phase: log vp > 8 ,15.55,MP<25: liquid; MP>25:solid,9.85,,5.21,,408.54,4.95,82.06,1.0,6.0,14.0,False,False,False
CC(=O)OC1CCC2(C)C(CCC3(C)C2CC=C2C4C(C)C(C)CCC4(C(=O)O)CCC23C)C1(C)C,50,Acetylursolic acid,Acetylursolic acid,Forsythia suspensa,Forsythia suspensa,6475119,6475119,C32H50O4,False,0.9755354,CC(=O)OC1CCC2(C)C(CCC3(C)C2CC=C2C4C(C)C(C)CCC4(C(=O)O)CCC23C)C1(C)C,-5.46,,Bioavailable,0.909,Bioavailable  (High Confidence),Absorbed,0.988,Absorbed  (High Confidence),-4.89,Proper Value:  > 2 x 10-6cm/s,Non-Bioavailable,0.356,Non-Bioavailable  (Low Confidence),Non-Inhibitor,0.001,Non-Inhibitor  (High Confidence),Non-Substrate,0.048,Non-Substrate  (High Confidence),-1.3,Low Skin Permeability: log KP > -2.5,-1.85,- ,Penetrable,1.0,Penetrable  (High Confidence),2.21,,30.57,Proper Value: therapeutic index < 90 perc; Poor Value value > 90 perc,0.64,Low Value: < 0.71 L/kg (log VDss < -0.15); High Value > 2.81 L/kg (log VDss > 0.45).,Inhibitor,0.77,Inhibitor  (Medium Confidence),Non-Inhibitor,0.005,Non-Inhibitor  (High Confidence),Non-Substrate,0.112,Non-Substrate  (High Confidence),Non-Inhibitor,0.0,Non-Inhibitor  (High Confidence),Non-Substrate,0.396,Non-Substrate  (Low Confidence),Non-Inhibitor,0.001,Non-Inhibitor  (High Confidence),Non-Substrate,0.051,Non-Substrate  (High Confidence),Non-Inhibitor,0.0,Non-Inhibitor  (High Confidence),Non-Substrate,0.163,Non-Substrate  (High Confidence),Non-Inhibitor,0.023,Non-Inhibitor  (High Confidence),Substrate,1.0,Substrate  (High Confidence),Inhibitor,0.854,Inhibitor  (High Confidence),Inhibitor,0.615,Inhibitor  (Low Confidence),2.07,,Non-Inhibitor,0.06,Non-Inhibitor  (High Confidence),Half-Life < 3hs,0.066,Half-Life < 3hs  (High Confidence),Safe,0.021,Safe  (High Confidence),Safe,0.018,Safe  (High Confidence),Toxic,0.983,Toxic  (High Confidence),-0.01,,Safe,0.01,Safe  (High Confidence),Safe,0.219,Safe  (Medium Confidence),Safe,0.475,Safe  (Low Confidence),Toxic,0.711,Toxic  (Medium Confidence),Safe,0.0,Safe  (High Confidence),Safe,0.169,Safe  (Medium Confidence),1.67,MTRD <= 0.477: Low<br/>&nbsp;&nbsp;<br/>&nbsp;&nbsp;MTRD > 0.477: High,Safe,0.435,Safe  (Low Confidence),Safe,0.0,Safe  (High Confidence),2.77,,Safe,0.058,Safe  (High Confidence),Safe,0.023,Safe  (High Confidence),Safe,0.49,Safe  (Low Confidence),Safe,0.0,Safe  (High Confidence),Safe,0.0,Safe  (High Confidence),Safe,0.029,Safe  (High Confidence),Safe,0.003,Safe  (High Confidence),Toxic,0.824,Toxic  (Medium Confidence),Safe,0.099,Safe  (High Confidence),Safe,0.21,Safe  (Medium Confidence),-336.26,PIGC50% > -0.5 log ug/L: toxic,2.26,,1.78,,4.69,LC50% < 0.5mM <br/>&nbsp;&nbsp;<br/>&nbsp;&nbsp; (log LC50% < -0.3) = <br/>&nbsp;&nbsp;<br/>&nbsp;&nbsp; High Acute Toxicity,Toxic,0.946,Toxic  (High Confidence),Toxic,0.708,Toxic  (Medium Confidence),Toxic,0.826,Toxic  (Medium Confidence),Safe,0.0,Safe  (High Confidence),Safe,0.043,Safe  (High Confidence),Safe,0.089,Safe  (High Confidence),Safe,0.0,Safe  (High Confidence),464.71,BP<25: gas,-2.79,,5.21,Proper Value: 1 to 3 log mol/L,7.74,Proper Value: 0 to 3 log mol/L,-6.64,Proper Value: -4 to 0.5 log mol/L,-8.64,Vapor (Gas) Phase: log vp < 4; Vapor and Particulate Phase: 5 =< log vp < 8; Solid Phase: log vp > 8 ,230.66,MP<25: liquid; MP>25:solid,7.14,,8.13,,498.75,7.66,63.6,1.0,3.0,2.0,False,False,False
CC(=CCO)CCC=C(C)C(=O)O,51,Foliamenthic acid,Foliamenthic acid,Zingiber officinale,Zingiber officinale,12681385,12681385,C10H16O3,False,0.97532934,CC(=CCO)CCC=C(C)C(=O)O,-4.61,,Bioavailable,0.703,Bioavailable  (Medium Confidence),Absorbed,0.937,Absorbed  (High Confidence),-4.19,Proper Value:  > 2 x 10-6cm/s,Non-Bioavailable,0.461,Non-Bioavailable  (Low Confidence),Non-Inhibitor,0.001,Non-Inhibitor  (High Confidence),Non-Substrate,0.088,Non-Substrate  (High Confidence),-3.68,Low Skin Permeability: log KP > -2.5,-2.73,- ,Penetrable,0.903,Penetrable  (High Confidence),0.36,,7.18,Proper Value: therapeutic index < 90 perc; Poor Value value > 90 perc,0.44,Low Value: < 0.71 L/kg (log VDss < -0.15); High Value > 2.81 L/kg (log VDss > 0.45).,Non-Inhibitor,0.058,Non-Inhibitor  (High Confidence),Non-Inhibitor,0.005,Non-Inhibitor  (High Confidence),Non-Substrate,0.07,Non-Substrate  (High Confidence),Non-Inhibitor,0.003,Non-Inhibitor  (High Confidence),Non-Substrate,0.354,Non-Substrate  (Low Confidence),Non-Inhibitor,0.037,Non-Inhibitor  (High Confidence),Substrate,0.98,Substrate  (High Confidence),Non-Inhibitor,0.004,Non-Inhibitor  (High Confidence),Non-Substrate,0.306,Non-Substrate  (Medium Confidence),Non-Inhibitor,0.006,Non-Inhibitor  (High Confidence),Non-Substrate,0.031,Non-Substrate  (High Confidence),Non-Inhibitor,0.04,Non-Inhibitor  (High Confidence),Non-Inhibitor,0.063,Non-Inhibitor  (High Confidence),3.03,,Non-Inhibitor,0.023,Non-Inhibitor  (High Confidence),Half-Life >= 3hs,0.69,Half-Life >= 3hs  (Medium Confidence),Safe,0.034,Safe  (High Confidence),Safe,0.045,Safe  (High Confidence),Safe,0.374,Safe  (Low Confidence),-0.09,,Toxic,0.92,Toxic  (High Confidence),Toxic,0.557,Toxic  (Low Confidence),Safe,0.033,Safe  (High Confidence),Safe,0.215,Safe  (Medium Confidence),Safe,0.349,Safe  (Low Confidence),Toxic,0.988,Toxic  (High Confidence),0.5,MTRD <= 0.477: Low<br/>&nbsp;&nbsp;<br/>&nbsp;&nbsp;MTRD > 0.477: High,Safe,0.444,Safe  (Low Confidence),Safe,0.004,Safe  (High Confidence),2.07,,Safe,0.033,Safe  (High Confidence),Safe,0.012,Safe  (High Confidence),Safe,0.019,Safe  (High Confidence),Safe,0.006,Safe  (High Confidence),Safe,0.0,Safe  (High Confidence),Safe,0.03,Safe  (High Confidence),Safe,0.01,Safe  (High Confidence),Safe,0.062,Safe  (High Confidence),Safe,0.054,Safe  (High Confidence),Safe,0.003,Safe  (High Confidence),0.2,PIGC50% > -0.5 log ug/L: toxic,1.5,,1.79,,3.97,LC50% < 0.5mM <br/>&nbsp;&nbsp;<br/>&nbsp;&nbsp; (log LC50% < -0.3) = <br/>&nbsp;&nbsp;<br/>&nbsp;&nbsp; High Acute Toxicity,Safe,0.429,Safe  (Low Confidence),Toxic,0.603,Toxic  (Low Confidence),Safe,0.009,Safe  (High Confidence),Safe,0.0,Safe  (High Confidence),Safe,0.064,Safe  (High Confidence),Safe,0.003,Safe  (High Confidence),Safe,0.0,Safe  (High Confidence),296.26,BP<25: gas,-8.54,,-1.15,Proper Value: 1 to 3 log mol/L,1.72,Proper Value: 0 to 3 log mol/L,-1.63,Proper Value: -4 to 0.5 log mol/L,-5.42,Vapor (Gas) Phase: log vp < 4; Vapor and Particulate Phase: 5 =< log vp < 8; Solid Phase: log vp > 8 ,110.99,MP<25: liquid; MP>25:solid,4.98,,6.39,,184.23,1.74,57.53,2.0,2.0,5.0,False,False,False
C=C1CCC2C(C)(COC3OC(CO)C(O)C(O)C3O)C(O)CCC2(C)C1CCC1=CCOC1=O,52,Ninandrographolide,Ninandrographolide,Andrographis paniculata,Andrographis paniculata,44575270,44575270,C26H40O9,False,0.9744606,C=C1CCC2C(C)(COC3OC(CO)C(O)C(O)C3O)C(O)CCC2(C)C1CCC1=CCOC1=O,-5.88,,Bioavailable,0.594,Bioavailable  (Low Confidence),Absorbed,0.863,Absorbed  (High Confidence),-5.15,Proper Value:  > 2 x 10-6cm/s,Non-Bioavailable,0.318,Non-Bioavailable  (Medium Confidence),Non-Inhibitor,0.241,Non-Inhibitor  (Medium Confidence),Non-Substrate,0.417,Non-Substrate  (Low Confidence),-1.54,Low Skin Permeability: log KP > -2.5,-3.54,- ,Non-Penetrable,0.212,Non-Penetrable  (Medium Confidence),0.97,,10.68,Proper Value: therapeutic index < 90 perc; Poor Value value > 90 perc,0.36,Low Value: < 0.71 L/kg (log VDss < -0.15); High Value > 2.81 L/kg (log VDss > 0.45).,Non-Inhibitor,0.026,Non-Inhibitor  (High Confidence),Inhibitor,0.517,Inhibitor  (Low Confidence),Non-Substrate,0.024,Non-Substrate  (High Confidence),Non-Inhibitor,0.018,Non-Inhibitor  (High Confidence),Non-Substrate,0.349,Non-Substrate  (Low Confidence),Non-Inhibitor,0.059,Non-Inhibitor  (High Confidence),Non-Substrate,0.0,Non-Substrate  (High Confidence),Non-Inhibitor,0.0,Non-Inhibitor  (High Confidence),Non-Substrate,0.219,Non-Substrate  (Medium Confidence),Non-Inhibitor,0.208,Non-Inhibitor  (Medium Confidence),Substrate,0.754,Substrate  (Medium Confidence),Non-Inhibitor,0.375,Non-Inhibitor  (Low Confidence),Non-Inhibitor,0.303,Non-Inhibitor  (Medium Confidence),3.15,,Non-Inhibitor,0.009,Non-Inhibitor  (High Confidence),Half-Life < 3hs,0.279,Half-Life < 3hs  (Medium Confidence),Toxic,0.745,Toxic  (Medium Confidence),Safe,0.001,Safe  (High Confidence),Toxic,0.787,Toxic  (Medium Confidence),-2.21,,Safe,0.111,Safe  (High Confidence),Safe,0.045,Safe  (High Confidence),Safe,0.002,Safe  (High Confidence),Safe,0.48,Safe  (Low Confidence),Safe,0.0,Safe  (High Confidence),Safe,0.005,Safe  (High Confidence),-1.3,MTRD <= 0.477: Low<br/>&nbsp;&nbsp;<br/>&nbsp;&nbsp;MTRD > 0.477: High,Toxic,0.568,Toxic  (Low Confidence),Safe,0.0,Safe  (High Confidence),5.46,,Safe,0.434,Safe  (Low Confidence),Safe,0.0,Safe  (High Confidence),Safe,0.14,Safe  (High Confidence),Safe,0.008,Safe  (High Confidence),Toxic,0.659,Toxic  (Low Confidence),Safe,0.065,Safe  (High Confidence),Safe,0.005,Safe  (High Confidence),Safe,0.36,Safe  (Low Confidence),Safe,0.004,Safe  (High Confidence),Safe,0.002,Safe  (High Confidence),-322.85,PIGC50% > -0.5 log ug/L: toxic,3.58,,3.24,,3.78,LC50% < 0.5mM <br/>&nbsp;&nbsp;<br/>&nbsp;&nbsp; (log LC50% < -0.3) = <br/>&nbsp;&nbsp;<br/>&nbsp;&nbsp; High Acute Toxicity,Toxic,0.895,Toxic  (High Confidence),Toxic,0.531,Toxic  (Low Confidence),Safe,0.015,Safe  (High Confidence),Safe,0.0,Safe  (High Confidence),Safe,0.023,Safe  (High Confidence),Safe,0.471,Safe  (Low Confidence),Safe,0.247,Safe  (Medium Confidence),512.96,BP<25: gas,-3.07,,2.2,Proper Value: 1 to 3 log mol/L,0.92,Proper Value: 0 to 3 log mol/L,-2.4,Proper Value: -4 to 0.5 log mol/L,-12.09,Vapor (Gas) Phase: log vp < 4; Vapor and Particulate Phase: 5 =< log vp < 8; Solid Phase: log vp > 8 ,176.45,MP<25: liquid; MP>25:solid,5.42,,6.84,,496.6,0.82,145.91,5.0,9.0,7.0,False,False,False
C=C1CCC2C(C)(CO)C(O)CCC2(C)C1CC=C1C(=O)OCC1OC(C)=O,53,14-Acetylandrographolide,14-Acetylandrographolide,Andrographis paniculata,Andrographis paniculata,71589914,71589914,C22H32O6,False,0.97317594,C=C1CCC2C(C)(CO)C(O)CCC2(C)C1CC=C1C(=O)OCC1OC(C)=O,-4.6,,Bioavailable,0.652,Bioavailable  (Low Confidence),Absorbed,0.977,Absorbed  (High Confidence),-4.9,Proper Value:  > 2 x 10-6cm/s,Non-Bioavailable,0.443,Non-Bioavailable  (Low Confidence),Inhibitor,0.79,Inhibitor  (Medium Confidence),Non-Substrate,0.315,Non-Substrate  (Medium Confidence),-2.91,Low Skin Permeability: log KP > -2.5,-2.54,- ,Penetrable,0.914,Penetrable  (High Confidence),1.05,,22.91,Proper Value: therapeutic index < 90 perc; Poor Value value > 90 perc,0.98,Low Value: < 0.71 L/kg (log VDss < -0.15); High Value > 2.81 L/kg (log VDss > 0.45).,Non-Inhibitor,0.188,Non-Inhibitor  (Medium Confidence),Non-Inhibitor,0.041,Non-Inhibitor  (High Confidence),Non-Substrate,0.291,Non-Substrate  (Medium Confidence),Non-Inhibitor,0.012,Non-Inhibitor  (High Confidence),Non-Substrate,0.309,Non-Substrate  (Medium Confidence),Non-Inhibitor,0.471,Non-Inhibitor  (Low Confidence),Non-Substrate,0.0,Non-Substrate  (High Confidence),Non-Inhibitor,0.0,Non-Inhibitor  (High Confidence),Non-Substrate,0.384,Non-Substrate  (Low Confidence),Non-Inhibitor,0.283,Non-Inhibitor  (Medium Confidence),Non-Substrate,0.29,Non-Substrate  (Medium Confidence),Non-Inhibitor,0.413,Non-Inhibitor  (Low Confidence),Non-Inhibitor,0.241,Non-Inhibitor  (Medium Confidence),6.95,,Non-Inhibitor,0.099,Non-Inhibitor  (High Confidence),Half-Life < 3hs,0.236,Half-Life < 3hs  (Medium Confidence),Safe,0.359,Safe  (Low Confidence),Safe,0.014,Safe  (High Confidence),Toxic,0.825,Toxic  (Medium Confidence),-0.22,,Safe,0.121,Safe  (High Confidence),Toxic,0.622,Toxic  (Low Confidence),Safe,0.064,Safe  (High Confidence),Safe,0.372,Safe  (Low Confidence),Safe,0.0,Safe  (High Confidence),Safe,0.014,Safe  (High Confidence),-1.3,MTRD <= 0.477: Low<br/>&nbsp;&nbsp;<br/>&nbsp;&nbsp;MTRD > 0.477: High,Toxic,0.613,Toxic  (Low Confidence),Safe,0.0,Safe  (High Confidence),5.74,,Toxic,0.54,Toxic  (Low Confidence),Safe,0.002,Safe  (High Confidence),Safe,0.196,Safe  (Medium Confidence),Safe,0.013,Safe  (High Confidence),Safe,0.434,Safe  (Low Confidence),Safe,0.066,Safe  (High Confidence),Safe,0.005,Safe  (High Confidence),Toxic,0.858,Toxic  (High Confidence),Safe,0.07,Safe  (High Confidence),Toxic,0.816,Toxic  (Medium Confidence),-6.05,PIGC50% > -0.5 log ug/L: toxic,3.6,,2.18,,4.29,LC50% < 0.5mM <br/>&nbsp;&nbsp;<br/>&nbsp;&nbsp; (log LC50% < -0.3) = <br/>&nbsp;&nbsp;<br/>&nbsp;&nbsp; High Acute Toxicity,Toxic,0.961,Toxic  (High Confidence),Toxic,0.59,Toxic  (Low Confidence),Safe,0.054,Safe  (High Confidence),Safe,0.0,Safe  (High Confidence),Safe,0.199,Safe  (Medium Confidence),Safe,0.4,Safe  (Low Confidence),Safe,0.005,Safe  (High Confidence),417.83,BP<25: gas,-5.9,,2.1,Proper Value: 1 to 3 log mol/L,2.13,Proper Value: 0 to 3 log mol/L,-4.16,Proper Value: -4 to 0.5 log mol/L,-7.98,Vapor (Gas) Phase: log vp < 4; Vapor and Particulate Phase: 5 =< log vp < 8; Solid Phase: log vp > 8 ,152.87,MP<25: liquid; MP>25:solid,7.55,,5.85,,392.49,2.53,93.06,2.0,6.0,4.0,False,False,False
COc1cc(OC2OC(CO)C(O)C(O)C2O)c2c(=O)cc(-c3ccc(O)c(OC)c3OC)oc2c1OC,54,"5,4'-Dihidroxy-7,8,2',3'-tetramethoxy flavone 5-glucoside","5,4'-Dihidroxy-7,8,2',3'-tetramethoxy flavone 5-glucoside",Andrographis paniculata,Andrographis paniculata,13963764,13963764,C25H28O13,False,0.9730397,COc1cc(OC2OC(CO)C(O)C(O)C2O)c2c(=O)cc(-c3ccc(O)c(OC)c3OC)oc2c1OC,-6.26,,Bioavailable,0.619,Bioavailable  (Low Confidence),Non-Absorbed,0.41,Non-Absorbed  (Low Confidence),-4.89,Proper Value:  > 2 x 10-6cm/s,Non-Bioavailable,0.381,Non-Bioavailable  (Low Confidence),Inhibitor,0.931,Inhibitor  (High Confidence),Substrate,0.603,Substrate  (Low Confidence),0.68,Low Skin Permeability: log KP > -2.5,-4.61,- ,Non-Penetrable,0.001,Non-Penetrable  (High Confidence),1.0,,29.4,Proper Value: therapeutic index < 90 perc; Poor Value value > 90 perc,0.93,Low Value: < 0.71 L/kg (log VDss < -0.15); High Value > 2.81 L/kg (log VDss > 0.45).,Non-Inhibitor,0.325,Non-Inhibitor  (Medium Confidence),Non-Inhibitor,0.055,Non-Inhibitor  (High Confidence),Non-Substrate,0.038,Non-Substrate  (High Confidence),Non-Inhibitor,0.001,Non-Inhibitor  (High Confidence),Non-Substrate,0.225,Non-Substrate  (Medium Confidence),Non-Inhibitor,0.09,Non-Inhibitor  (High Confidence),Non-Substrate,0.221,Non-Substrate  (Medium Confidence),Non-Inhibitor,0.002,Non-Inhibitor  (High Confidence),Non-Substrate,0.202,Non-Substrate  (Medium Confidence),Non-Inhibitor,0.111,Non-Inhibitor  (High Confidence),Non-Substrate,0.067,Non-Substrate  (High Confidence),Non-Inhibitor,0.201,Non-Inhibitor  (Medium Confidence),Non-Inhibitor,0.271,Non-Inhibitor  (Medium Confidence),6.93,,Non-Inhibitor,0.232,Non-Inhibitor  (Medium Confidence),Half-Life < 3hs,0.31,Half-Life < 3hs  (Medium Confidence),Safe,0.118,Safe  (High Confidence),Safe,0.003,Safe  (High Confidence),Toxic,0.759,Toxic  (Medium Confidence),0.42,,Safe,0.073,Safe  (High Confidence),Safe,0.009,Safe  (High Confidence),Safe,0.181,Safe  (Medium Confidence),Safe,0.307,Safe  (Medium Confidence),Safe,0.0,Safe  (High Confidence),Safe,0.034,Safe  (High Confidence),0.89,MTRD <= 0.477: Low<br/>&nbsp;&nbsp;<br/>&nbsp;&nbsp;MTRD > 0.477: High,Toxic,0.531,Toxic  (Low Confidence),Safe,0.006,Safe  (High Confidence),6.57,,Toxic,0.994,Toxic  (High Confidence),Toxic,0.68,Toxic  (Medium Confidence),Safe,0.241,Safe  (Medium Confidence),Safe,0.006,Safe  (High Confidence),Safe,0.0,Safe  (High Confidence),Safe,0.016,Safe  (High Confidence),Safe,0.0,Safe  (High Confidence),Safe,0.204,Safe  (Medium Confidence),Safe,0.0,Safe  (High Confidence),Safe,0.001,Safe  (High Confidence),-1377.82,PIGC50% > -0.5 log ug/L: toxic,2.5,,4.06,,7.8,LC50% < 0.5mM <br/>&nbsp;&nbsp;<br/>&nbsp;&nbsp; (log LC50% < -0.3) = <br/>&nbsp;&nbsp;<br/>&nbsp;&nbsp; High Acute Toxicity,Toxic,0.556,Toxic  (Low Confidence),Safe,0.201,Safe  (Medium Confidence),Toxic,0.742,Toxic  (Medium Confidence),Safe,0.026,Safe  (High Confidence),Safe,0.001,Safe  (High Confidence),Safe,0.009,Safe  (High Confidence),Safe,0.196,Safe  (Medium Confidence),533.79,BP<25: gas,-2.9,,0.92,Proper Value: 1 to 3 log mol/L,0.14,Proper Value: 0 to 3 log mol/L,-4.31,Proper Value: -4 to 0.5 log mol/L,-9.64,Vapor (Gas) Phase: log vp < 4; Vapor and Particulate Phase: 5 =< log vp < 8; Solid Phase: log vp > 8 ,197.03,MP<25: liquid; MP>25:solid,6.94,,1.87,,536.49,0.38,186.74,5.0,13.0,8.0,False,False,False
O=C(O)C(O)Cc1ccc(O)c(O)c1,55,Salvianic acid A,"Salvianic acid A | 3-(3,4-Dihydroxyphenyl)-2-hydroxypropanoic acid",Melissa officinalis,Melissa officinalis,439435,439435 | 11600642,C9H10O5,True,0.9725182,O=C(O)C(O)Cc1ccc(O)c(O)c1,-5.32,,Bioavailable,0.569,Bioavailable  (Low Confidence),Absorbed,0.913,Absorbed  (High Confidence),-4.63,Proper Value:  > 2 x 10-6cm/s,Non-Bioavailable,0.476,Non-Bioavailable  (Low Confidence),Non-Inhibitor,0.0,Non-Inhibitor  (High Confidence),Non-Substrate,0.154,Non-Substrate  (High Confidence),-2.23,Low Skin Permeability: log KP > -2.5,-2.68,- ,Non-Penetrable,0.001,Non-Penetrable  (High Confidence),0.5,,14.95,Proper Value: therapeutic index < 90 perc; Poor Value value > 90 perc,0.33,Low Value: < 0.71 L/kg (log VDss < -0.15); High Value > 2.81 L/kg (log VDss > 0.45).,Non-Inhibitor,0.132,Non-Inhibitor  (High Confidence),Non-Inhibitor,0.058,Non-Inhibitor  (High Confidence),Non-Substrate,0.132,Non-Substrate  (High Confidence),Non-Inhibitor,0.056,Non-Inhibitor  (High Confidence),Non-Substrate,0.435,Non-Substrate  (Low Confidence),Non-Inhibitor,0.025,Non-Inhibitor  (High Confidence),Non-Substrate,0.186,Non-Substrate  (Medium Confidence),Non-Inhibitor,0.0,Non-Inhibitor  (High Confidence),Non-Substrate,0.363,Non-Substrate  (Low Confidence),Non-Inhibitor,0.023,Non-Inhibitor  (High Confidence),Non-Substrate,0.003,Non-Substrate  (High Confidence),Non-Inhibitor,0.067,Non-Inhibitor  (High Confidence),Non-Inhibitor,0.062,Non-Inhibitor  (High Confidence),10.03,,Non-Inhibitor,0.017,Non-Inhibitor  (High Confidence),Half-Life >= 3hs,0.621,Half-Life >= 3hs  (Low Confidence),Safe,0.261,Safe  (Medium Confidence),Safe,0.021,Safe  (High Confidence),Safe,0.338,Safe  (Low Confidence),-0.89,,Toxic,0.944,Toxic  (High Confidence),Safe,0.065,Safe  (High Confidence),Safe,0.004,Safe  (High Confidence),Toxic,0.554,Toxic  (Low Confidence),Safe,0.001,Safe  (High Confidence),Toxic,0.576,Toxic  (Low Confidence),0.16,MTRD <= 0.477: Low<br/>&nbsp;&nbsp;<br/>&nbsp;&nbsp;MTRD > 0.477: High,Safe,0.353,Safe  (Low Confidence),Safe,0.094,Safe  (High Confidence),3.8,,Toxic,0.785,Toxic  (Medium Confidence),Safe,0.017,Safe  (High Confidence),Safe,0.027,Safe  (High Confidence),Safe,0.011,Safe  (High Confidence),Safe,0.0,Safe  (High Confidence),Safe,0.033,Safe  (High Confidence),Safe,0.004,Safe  (High Confidence),Safe,0.031,Safe  (High Confidence),Safe,0.001,Safe  (High Confidence),Safe,0.001,Safe  (High Confidence),2.5,PIGC50% > -0.5 log ug/L: toxic,1.71,,3.19,,3.91,LC50% < 0.5mM <br/>&nbsp;&nbsp;<br/>&nbsp;&nbsp; (log LC50% < -0.3) = <br/>&nbsp;&nbsp;<br/>&nbsp;&nbsp; High Acute Toxicity,Safe,0.192,Safe  (Medium Confidence),Toxic,0.62,Toxic  (Low Confidence),Safe,0.051,Safe  (High Confidence),Safe,0.0,Safe  (High Confidence),Safe,0.008,Safe  (High Confidence),Safe,0.029,Safe  (High Confidence),Safe,0.0,Safe  (High Confidence),364.86,BP<25: gas,-12.19,,-2.52,Proper Value: 1 to 3 log mol/L,-0.26,Proper Value: 0 to 3 log mol/L,-0.52,Proper Value: -4 to 0.5 log mol/L,-6.8,Vapor (Gas) Phase: log vp < 4; Vapor and Particulate Phase: 5 =< log vp < 8; Solid Phase: log vp > 8 ,160.68,MP<25: liquid; MP>25:solid,5.84,,4.47,,198.17,0.09,97.99,4.0,4.0,3.0,False,True,True
C=C1CCC2C(C)(CO)C(O)CCC2(C)C1C=CC1=CC(C(CC2C(=C)CCC3C(C)(CO)C(O)CCC23C)C2=CCOC2=O)OC1=O,56,Bisandrographolide C,Bisandrographolide C,Andrographis paniculata,Andrographis paniculata,12000062,12000062,C40H56O8,False,0.9720462,C=C1CCC2C(C)(CO)C(O)CCC2(C)C1C=CC1=CC(C(CC2C(=C)CCC3C(C)(CO)C(O)CCC23C)C2=CCOC2=O)OC1=O,-5.1,,Bioavailable,0.623,Bioavailable  (Low Confidence),Absorbed,0.969,Absorbed  (High Confidence),-4.44,Proper Value:  > 2 x 10-6cm/s,Non-Bioavailable,0.333,Non-Bioavailable  (Medium Confidence),Non-Inhibitor,0.002,Non-Inhibitor  (High Confidence),Substrate,0.647,Substrate  (Low Confidence),112.86,Low Skin Permeability: log KP > -2.5,-1.75,- ,Penetrable,0.923,Penetrable  (High Confidence),1.6,,21.39,Proper Value: therapeutic index < 90 perc; Poor Value value > 90 perc,0.95,Low Value: < 0.71 L/kg (log VDss < -0.15); High Value > 2.81 L/kg (log VDss > 0.45).,Non-Inhibitor,0.349,Non-Inhibitor  (Low Confidence),Non-Inhibitor,0.006,Non-Inhibitor  (High Confidence),Non-Substrate,0.162,Non-Substrate  (High Confidence),Non-Inhibitor,0.0,Non-Inhibitor  (High Confidence),Non-Substrate,0.192,Non-Substrate  (Medium Confidence),Non-Inhibitor,0.363,Non-Inhibitor  (Low Confidence),Non-Substrate,0.0,Non-Substrate  (High Confidence),Non-Inhibitor,0.0,Non-Inhibitor  (High Confidence),Non-Substrate,0.193,Non-Substrate  (Medium Confidence),Inhibitor,0.52,Inhibitor  (Low Confidence),Substrate,0.893,Substrate  (High Confidence),Inhibitor,0.719,Inhibitor  (Medium Confidence),Inhibitor,0.732,Inhibitor  (Medium Confidence),3.52,,Non-Inhibitor,0.007,Non-Inhibitor  (High Confidence),Half-Life < 3hs,0.169,Half-Life < 3hs  (Medium Confidence),Safe,0.013,Safe  (High Confidence),Safe,0.001,Safe  (High Confidence),Toxic,0.841,Toxic  (High Confidence),-1.29,,Safe,0.001,Safe  (High Confidence),Safe,0.283,Safe  (Medium Confidence),Toxic,0.55,Toxic  (Low Confidence),Toxic,0.611,Toxic  (Low Confidence),Safe,0.0,Safe  (High Confidence),Safe,0.004,Safe  (High Confidence),-1.74,MTRD <= 0.477: Low<br/>&nbsp;&nbsp;<br/>&nbsp;&nbsp;MTRD > 0.477: High,Toxic,0.636,Toxic  (Low Confidence),Safe,0.0,Safe  (High Confidence),6.91,,Toxic,0.534,Toxic  (Low Confidence),Safe,0.0,Safe  (High Confidence),Safe,0.276,Safe  (Medium Confidence),Safe,0.052,Safe  (High Confidence),Toxic,0.579,Toxic  (Low Confidence),Safe,0.077,Safe  (High Confidence),Safe,0.0,Safe  (High Confidence),Toxic,0.992,Toxic  (High Confidence),Safe,0.037,Safe  (High Confidence),Toxic,0.894,Toxic  (High Confidence),-210227.76,PIGC50% > -0.5 log ug/L: toxic,4.56,,2.41,,278.2,LC50% < 0.5mM <br/>&nbsp;&nbsp;<br/>&nbsp;&nbsp; (log LC50% < -0.3) = <br/>&nbsp;&nbsp;<br/>&nbsp;&nbsp; High Acute Toxicity,Toxic,1.0,Toxic  (High Confidence),Toxic,0.592,Toxic  (Low Confidence),Toxic,0.944,Toxic  (High Confidence),Safe,0.0,Safe  (High Confidence),Safe,0.322,Safe  (Medium Confidence),Toxic,0.925,Toxic  (High Confidence),Safe,0.272,Safe  (Medium Confidence),20351.16,BP<25: gas,-2.92,,3.81,Proper Value: 1 to 3 log mol/L,3.64,Proper Value: 0 to 3 log mol/L,-5.7,Proper Value: -4 to 0.5 log mol/L,-642.37,Vapor (Gas) Phase: log vp < 4; Vapor and Particulate Phase: 5 =< log vp < 8; Solid Phase: log vp > 8 ,248.53,MP<25: liquid; MP>25:solid,5.03,,5.85,,664.88,5.37,133.52,4.0,8.0,8.0,False,False,False
COc1c(O)cc(OC2OC(CO)C(O)C(O)C2O)c2c(=O)cc(-c3ccccc3)oc12,57,Wogonin 5-glucoside,Wogonin 5-glucoside,Andrographis paniculata,Andrographis paniculata,5488686,5488686,C22H22O10,False,0.97199345,COc1c(O)cc(OC2OC(CO)C(O)C(O)C2O)c2c(=O)cc(-c3ccccc3)oc12,-6.28,,Bioavailable,0.66,Bioavailable  (Low Confidence),Non-Absorbed,0.493,Non-Absorbed  (Low Confidence),-4.94,Proper Value:  > 2 x 10-6cm/s,Non-Bioavailable,0.389,Non-Bioavailable  (Low Confidence),Inhibitor,0.896,Inhibitor  (High Confidence),Non-Substrate,0.388,Non-Substrate  (Low Confidence),0.02,Low Skin Permeability: log KP > -2.5,-3.92,- ,Non-Penetrable,0.002,Non-Penetrable  (High Confidence),1.05,,40.75,Proper Value: therapeutic index < 90 perc; Poor Value value > 90 perc,1.13,Low Value: < 0.71 L/kg (log VDss < -0.15); High Value > 2.81 L/kg (log VDss > 0.45).,Non-Inhibitor,0.226,Non-Inhibitor  (Medium Confidence),Non-Inhibitor,0.481,Non-Inhibitor  (Low Confidence),Non-Substrate,0.015,Non-Substrate  (High Confidence),Non-Inhibitor,0.019,Non-Inhibitor  (High Confidence),Non-Substrate,0.24,Non-Substrate  (Medium Confidence),Non-Inhibitor,0.186,Non-Inhibitor  (Medium Confidence),Non-Substrate,0.1,Non-Substrate  (High Confidence),Non-Inhibitor,0.0,Non-Inhibitor  (High Confidence),Non-Substrate,0.193,Non-Substrate  (Medium Confidence),Non-Inhibitor,0.144,Non-Inhibitor  (High Confidence),Non-Substrate,0.037,Non-Substrate  (High Confidence),Non-Inhibitor,0.215,Non-Inhibitor  (Medium Confidence),Non-Inhibitor,0.258,Non-Inhibitor  (Medium Confidence),7.21,,Non-Inhibitor,0.206,Non-Inhibitor  (Medium Confidence),Half-Life < 3hs,0.361,Half-Life < 3hs  (Low Confidence),Toxic,0.759,Toxic  (Medium Confidence),Safe,0.004,Safe  (High Confidence),Toxic,0.518,Toxic  (Low Confidence),-0.22,,Safe,0.171,Safe  (Medium Confidence),Safe,0.012,Safe  (High Confidence),Safe,0.314,Safe  (Medium Confidence),Safe,0.424,Safe  (Low Confidence),Safe,0.0,Safe  (High Confidence),Safe,0.014,Safe  (High Confidence),0.92,MTRD <= 0.477: Low<br/>&nbsp;&nbsp;<br/>&nbsp;&nbsp;MTRD > 0.477: High,Toxic,0.664,Toxic  (Low Confidence),Safe,0.006,Safe  (High Confidence),5.13,,Toxic,0.99,Toxic  (High Confidence),Toxic,0.848,Toxic  (High Confidence),Safe,0.365,Safe  (Low Confidence),Safe,0.005,Safe  (High Confidence),Safe,0.0,Safe  (High Confidence),Safe,0.08,Safe  (High Confidence),Safe,0.001,Safe  (High Confidence),Safe,0.154,Safe  (High Confidence),Safe,0.001,Safe  (High Confidence),Safe,0.002,Safe  (High Confidence),-87.39,PIGC50% > -0.5 log ug/L: toxic,2.49,,3.64,,4.52,LC50% < 0.5mM <br/>&nbsp;&nbsp;<br/>&nbsp;&nbsp; (log LC50% < -0.3) = <br/>&nbsp;&nbsp;<br/>&nbsp;&nbsp; High Acute Toxicity,Safe,0.219,Safe  (Medium Confidence),Safe,0.283,Safe  (Medium Confidence),Toxic,0.709,Toxic  (Medium Confidence),Safe,0.003,Safe  (High Confidence),Safe,0.0,Safe  (High Confidence),Safe,0.01,Safe  (High Confidence),Safe,0.038,Safe  (High Confidence),527.61,BP<25: gas,-3.76,,1.04,Proper Value: 1 to 3 log mol/L,0.91,Proper Value: 0 to 3 log mol/L,-3.86,Proper Value: -4 to 0.5 log mol/L,-10.47,Vapor (Gas) Phase: log vp < 4; Vapor and Particulate Phase: 5 =< log vp < 8; Solid Phase: log vp > 8 ,185.47,MP<25: liquid; MP>25:solid,5.95,,3.56,,446.41,0.35,159.05,5.0,10.0,5.0,False,False,False
O=C(O)C=Cc1ccc(O)c(O)c1C=Cc1ccc(O)c(O)c1,58,Salvianolic acid F,Salvianolic acid F,Melissa officinalis,Melissa officinalis,10903113,10903113,C17H14O6,False,0.97150356,O=C(O)C=Cc1ccc(O)c(O)c1C=Cc1ccc(O)c(O)c1,-5.93,,Non-Bioavailable,0.311,Non-Bioavailable  (Medium Confidence),Absorbed,0.87,Absorbed  (High Confidence),-5.18,Proper Value:  > 2 x 10-6cm/s,Bioavailable,0.58,Bioavailable  (Low Confidence),Non-Inhibitor,0.0,Non-Inhibitor  (High Confidence),Non-Substrate,0.306,Non-Substrate  (Medium Confidence),-1.19,Low Skin Permeability: log KP > -2.5,-2.18,- ,Non-Penetrable,0.0,Non-Penetrable  (High Confidence),1.01,,39.43,Proper Value: therapeutic index < 90 perc; Poor Value value > 90 perc,0.14,Low Value: < 0.71 L/kg (log VDss < -0.15); High Value > 2.81 L/kg (log VDss > 0.45).,Inhibitor,0.537,Inhibitor  (Low Confidence),Inhibitor,0.527,Inhibitor  (Low Confidence),Non-Substrate,0.093,Non-Substrate  (High Confidence),Non-Inhibitor,0.006,Non-Inhibitor  (High Confidence),Non-Substrate,0.352,Non-Substrate  (Low Confidence),Non-Inhibitor,0.473,Non-Inhibitor  (Low Confidence),Non-Substrate,0.31,Non-Substrate  (Medium Confidence),Non-Inhibitor,0.024,Non-Inhibitor  (High Confidence),Non-Substrate,0.331,Non-Substrate  (Medium Confidence),Non-Inhibitor,0.06,Non-Inhibitor  (High Confidence),Non-Substrate,0.0,Non-Substrate  (High Confidence),Non-Inhibitor,0.487,Non-Inhibitor  (Low Confidence),Non-Inhibitor,0.178,Non-Inhibitor  (Medium Confidence),9.04,,Non-Inhibitor,0.249,Non-Inhibitor  (Medium Confidence),Half-Life >= 3hs,0.556,Half-Life >= 3hs  (Low Confidence),Safe,0.11,Safe  (High Confidence),Safe,0.022,Safe  (High Confidence),Safe,0.262,Safe  (Medium Confidence),-0.73,,Safe,0.04,Safe  (High Confidence),Safe,0.108,Safe  (High Confidence),Safe,0.185,Safe  (Medium Confidence),Toxic,0.762,Toxic  (Medium Confidence),Safe,0.0,Safe  (High Confidence),Toxic,0.622,Toxic  (Low Confidence),0.77,MTRD <= 0.477: Low<br/>&nbsp;&nbsp;<br/>&nbsp;&nbsp;MTRD > 0.477: High,Toxic,0.588,Toxic  (Low Confidence),Safe,0.23,Safe  (Medium Confidence),5.39,,Toxic,0.982,Toxic  (High Confidence),Safe,0.247,Safe  (Medium Confidence),Safe,0.164,Safe  (High Confidence),Safe,0.045,Safe  (High Confidence),Safe,0.0,Safe  (High Confidence),Safe,0.309,Safe  (Medium Confidence),Safe,0.018,Safe  (High Confidence),Safe,0.343,Safe  (Low Confidence),Safe,0.002,Safe  (High Confidence),Safe,0.047,Safe  (High Confidence),0.35,PIGC50% > -0.5 log ug/L: toxic,2.15,,3.92,,4.16,LC50% < 0.5mM <br/>&nbsp;&nbsp;<br/>&nbsp;&nbsp; (log LC50% < -0.3) = <br/>&nbsp;&nbsp;<br/>&nbsp;&nbsp; High Acute Toxicity,Safe,0.151,Safe  (High Confidence),Toxic,0.639,Toxic  (Low Confidence),Toxic,0.785,Toxic  (Medium Confidence),Safe,0.001,Safe  (High Confidence),Safe,0.015,Safe  (High Confidence),Toxic,0.728,Toxic  (Medium Confidence),Safe,0.089,Safe  (High Confidence),490.7,BP<25: gas,-10.1,,-0.4,Proper Value: 1 to 3 log mol/L,3.07,Proper Value: 0 to 3 log mol/L,-2.33,Proper Value: -4 to 0.5 log mol/L,-8.58,Vapor (Gas) Phase: log vp < 4; Vapor and Particulate Phase: 5 =< log vp < 8; Solid Phase: log vp > 8 ,227.8,MP<25: liquid; MP>25:solid,7.03,,6.82,,314.29,2.78,118.22,5.0,5.0,4.0,False,False,False
CC1OC(OCC2OC(Oc3c(-c4ccc(O)c(O)c4)oc4cc(O)cc(O)c4c3=O)C(O)C(O)C2O)C(O)C(O)C1O,59,Quercetin 3-rutinoside,Quercetin 3-rutinoside,Forsythia suspensa,Forsythia suspensa | Phyllanthus niruri | Zingiber officinale,5280805,5280805,C27H30O16,False,0.9709763,CC1OC(OCC2OC(Oc3c(-c4ccc(O)c(O)c4)oc4cc(O)cc(O)c4c3=O)C(O)C(O)C2O)C(O)C(O)C1O,-6.6,,Non-Bioavailable,0.174,Non-Bioavailable  (Medium Confidence),Non-Absorbed,0.017,Non-Absorbed  (High Confidence),-5.53,Proper Value:  > 2 x 10-6cm/s,Non-Bioavailable,0.052,Non-Bioavailable  (High Confidence),Non-Inhibitor,0.0,Non-Inhibitor  (High Confidence),Non-Substrate,0.427,Non-Substrate  (Low Confidence),8.79,Low Skin Permeability: log KP > -2.5,-4.58,- ,Non-Penetrable,0.0,Non-Penetrable  (High Confidence),0.74,,-4.46,Proper Value: therapeutic index < 90 perc; Poor Value value > 90 perc,0.78,Low Value: < 0.71 L/kg (log VDss < -0.15); High Value > 2.81 L/kg (log VDss > 0.45).,Non-Inhibitor,0.061,Non-Inhibitor  (High Confidence),Non-Inhibitor,0.13,Non-Inhibitor  (High Confidence),Non-Substrate,0.001,Non-Substrate  (High Confidence),Non-Inhibitor,0.0,Non-Inhibitor  (High Confidence),Non-Substrate,0.161,Non-Substrate  (High Confidence),Non-Inhibitor,0.037,Non-Inhibitor  (High Confidence),Non-Substrate,0.0,Non-Substrate  (High Confidence),Non-Inhibitor,0.0,Non-Inhibitor  (High Confidence),Non-Substrate,0.077,Non-Substrate  (High Confidence),Non-Inhibitor,0.005,Non-Inhibitor  (High Confidence),Non-Substrate,0.0,Non-Substrate  (High Confidence),Non-Inhibitor,0.064,Non-Inhibitor  (High Confidence),Non-Inhibitor,0.149,Non-Inhibitor  (High Confidence),13.23,,Non-Inhibitor,0.045,Non-Inhibitor  (High Confidence),Half-Life < 3hs,0.279,Half-Life < 3hs  (Medium Confidence),Toxic,0.966,Toxic  (High Confidence),Safe,0.001,Safe  (High Confidence),Safe,0.487,Safe  (Low Confidence),-3.58,,Safe,0.078,Safe  (High Confidence),Safe,0.024,Safe  (High Confidence),Safe,0.006,Safe  (High Confidence),Safe,0.335,Safe  (Low Confidence),Safe,0.0,Safe  (High Confidence),Safe,0.085,Safe  (High Confidence),0.97,MTRD <= 0.477: Low<br/>&nbsp;&nbsp;<br/>&nbsp;&nbsp;MTRD > 0.477: High,Toxic,0.621,Toxic  (Low Confidence),Safe,0.001,Safe  (High Confidence),5.85,,Toxic,1.0,Toxic  (High Confidence),Safe,0.123,Safe  (High Confidence),Safe,0.112,Safe  (High Confidence),Safe,0.001,Safe  (High Confidence),Safe,0.0,Safe  (High Confidence),Safe,0.187,Safe  (Medium Confidence),Safe,0.006,Safe  (High Confidence),Safe,0.026,Safe  (High Confidence),Safe,0.0,Safe  (High Confidence),Safe,0.0,Safe  (High Confidence),-13202.95,PIGC50% > -0.5 log ug/L: toxic,2.19,,4.52,,29.75,LC50% < 0.5mM <br/>&nbsp;&nbsp;<br/>&nbsp;&nbsp; (log LC50% < -0.3) = <br/>&nbsp;&nbsp;<br/>&nbsp;&nbsp; High Acute Toxicity,Safe,0.273,Safe  (Medium Confidence),Toxic,0.641,Toxic  (Low Confidence),Safe,0.089,Safe  (High Confidence),Safe,0.001,Safe  (High Confidence),Safe,0.0,Safe  (High Confidence),Safe,0.0,Safe  (High Confidence),Safe,0.019,Safe  (High Confidence),510.04,BP<25: gas,-3.1,,-1.22,Proper Value: 1 to 3 log mol/L,-0.21,Proper Value: 0 to 3 log mol/L,-4.36,Proper Value: -4 to 0.5 log mol/L,-14.2,Vapor (Gas) Phase: log vp < 4; Vapor and Particulate Phase: 5 =< log vp < 8; Solid Phase: log vp > 8 ,210.23,MP<25: liquid; MP>25:solid,3.49,,8.23,,610.52,-1.69,269.43,10.0,16.0,6.0,False,False,False
COc1cc(OC2OC(CO)C(O)C(O)C2O)c2c(=O)cc(-c3ccccc3)oc2c1OC,60,"5-Hydroxy-7,8-dimethoxyflavone 5-glucoside","5-Hydroxy-7,8-dimethoxyflavone 5-glucoside",Andrographis paniculata,Andrographis paniculata,44258557,44258557,C23H24O10,False,0.970792,COc1cc(OC2OC(CO)C(O)C(O)C2O)c2c(=O)cc(-c3ccccc3)oc2c1OC,-6.03,,Bioavailable,0.712,Bioavailable  (Medium Confidence),Absorbed,0.653,Absorbed  (Low Confidence),-4.63,Proper Value:  > 2 x 10-6cm/s,Non-Bioavailable,0.394,Non-Bioavailable  (Low Confidence),Inhibitor,0.996,Inhibitor  (High Confidence),Non-Substrate,0.414,Non-Substrate  (Low Confidence),-0.16,Low Skin Permeability: log KP > -2.5,-3.95,- ,Non-Penetrable,0.011,Non-Penetrable  (High Confidence),1.16,,45.31,Proper Value: therapeutic index < 90 perc; Poor Value value > 90 perc,1.13,Low Value: < 0.71 L/kg (log VDss < -0.15); High Value > 2.81 L/kg (log VDss > 0.45).,Non-Inhibitor,0.277,Non-Inhibitor  (Medium Confidence),Non-Inhibitor,0.257,Non-Inhibitor  (Medium Confidence),Non-Substrate,0.026,Non-Substrate  (High Confidence),Non-Inhibitor,0.018,Non-Inhibitor  (High Confidence),Non-Substrate,0.218,Non-Substrate  (Medium Confidence),Non-Inhibitor,0.218,Non-Inhibitor  (Medium Confidence),Non-Substrate,0.079,Non-Substrate  (High Confidence),Non-Inhibitor,0.001,Non-Inhibitor  (High Confidence),Non-Substrate,0.215,Non-Substrate  (Medium Confidence),Non-Inhibitor,0.2,Non-Inhibitor  (Medium Confidence),Non-Substrate,0.398,Non-Substrate  (Low Confidence),Non-Inhibitor,0.211,Non-Inhibitor  (Medium Confidence),Non-Inhibitor,0.261,Non-Inhibitor  (Medium Confidence),3.76,,Non-Inhibitor,0.076,Non-Inhibitor  (High Confidence),Half-Life < 3hs,0.329,Half-Life < 3hs  (Medium Confidence),Toxic,0.542,Toxic  (Low Confidence),Safe,0.009,Safe  (High Confidence),Toxic,0.583,Toxic  (Low Confidence),0.54,,Safe,0.165,Safe  (High Confidence),Safe,0.013,Safe  (High Confidence),Toxic,0.535,Toxic  (Low Confidence),Safe,0.381,Safe  (Low Confidence),Safe,0.0,Safe  (High Confidence),Safe,0.007,Safe  (High Confidence),0.9,MTRD <= 0.477: Low<br/>&nbsp;&nbsp;<br/>&nbsp;&nbsp;MTRD > 0.477: High,Toxic,0.688,Toxic  (Medium Confidence),Safe,0.008,Safe  (High Confidence),5.67,,Toxic,0.981,Toxic  (High Confidence),Toxic,0.769,Toxic  (Medium Confidence),Safe,0.358,Safe  (Low Confidence),Safe,0.007,Safe  (High Confidence),Safe,0.0,Safe  (High Confidence),Safe,0.048,Safe  (High Confidence),Safe,0.001,Safe  (High Confidence),Safe,0.223,Safe  (Medium Confidence),Safe,0.002,Safe  (High Confidence),Safe,0.001,Safe  (High Confidence),-153.55,PIGC50% > -0.5 log ug/L: toxic,2.67,,3.49,,4.77,LC50% < 0.5mM <br/>&nbsp;&nbsp;<br/>&nbsp;&nbsp; (log LC50% < -0.3) = <br/>&nbsp;&nbsp;<br/>&nbsp;&nbsp; High Acute Toxicity,Safe,0.307,Safe  (Medium Confidence),Safe,0.226,Safe  (Medium Confidence),Toxic,0.643,Toxic  (Low Confidence),Safe,0.026,Safe  (High Confidence),Safe,0.001,Safe  (High Confidence),Safe,0.01,Safe  (High Confidence),Safe,0.023,Safe  (High Confidence),507.72,BP<25: gas,-3.31,,1.35,Proper Value: 1 to 3 log mol/L,0.89,Proper Value: 0 to 3 log mol/L,-3.77,Proper Value: -4 to 0.5 log mol/L,-10.44,Vapor (Gas) Phase: log vp < 4; Vapor and Particulate Phase: 5 =< log vp < 8; Solid Phase: log vp > 8 ,185.56,MP<25: liquid; MP>25:solid,6.62,,1.62,,460.44,0.66,148.05,4.0,10.0,6.0,False,False,False
COc1cc(O)c2c(=O)cc(-c3cccc(OC4OC(CO)C(O)C(O)C4O)c3O)oc2c1OC,61,"5,2',3'-Trihydroxy-7,8-dimethoxyflavone 3'-glucoside","5,2',3'-Trihydroxy-7,8-dimethoxyflavone 3'-glucoside",Andrographis paniculata,Andrographis paniculata,11968627,11968627,C23H24O12,False,0.97036695,COc1cc(O)c2c(=O)cc(-c3cccc(OC4OC(CO)C(O)C(O)C4O)c3O)oc2c1OC,-6.51,,Bioavailable,0.507,Bioavailable  (Low Confidence),Non-Absorbed,0.22,Non-Absorbed  (Medium Confidence),-5.19,Proper Value:  > 2 x 10-6cm/s,Non-Bioavailable,0.328,Non-Bioavailable  (Medium Confidence),Non-Inhibitor,0.011,Non-Inhibitor  (High Confidence),Substrate,0.54,Substrate  (Low Confidence),0.34,Low Skin Permeability: log KP > -2.5,-4.61,- ,Non-Penetrable,0.002,Non-Penetrable  (High Confidence),0.96,,32.84,Proper Value: therapeutic index < 90 perc; Poor Value value > 90 perc,0.88,Low Value: < 0.71 L/kg (log VDss < -0.15); High Value > 2.81 L/kg (log VDss > 0.45).,Non-Inhibitor,0.274,Non-Inhibitor  (Medium Confidence),Non-Inhibitor,0.206,Non-Inhibitor  (Medium Confidence),Non-Substrate,0.022,Non-Substrate  (High Confidence),Non-Inhibitor,0.0,Non-Inhibitor  (High Confidence),Non-Substrate,0.216,Non-Substrate  (Medium Confidence),Non-Inhibitor,0.088,Non-Inhibitor  (High Confidence),Non-Substrate,0.164,Non-Substrate  (High Confidence),Non-Inhibitor,0.0,Non-Inhibitor  (High Confidence),Non-Substrate,0.196,Non-Substrate  (Medium Confidence),Non-Inhibitor,0.053,Non-Inhibitor  (High Confidence),Non-Substrate,0.005,Non-Substrate  (High Confidence),Non-Inhibitor,0.186,Non-Inhibitor  (Medium Confidence),Non-Inhibitor,0.239,Non-Inhibitor  (Medium Confidence),11.53,,Non-Inhibitor,0.275,Non-Inhibitor  (Medium Confidence),Half-Life < 3hs,0.326,Half-Life < 3hs  (Medium Confidence),Toxic,0.787,Toxic  (Medium Confidence),Safe,0.004,Safe  (High Confidence),Toxic,0.61,Toxic  (Low Confidence),-0.53,,Safe,0.127,Safe  (High Confidence),Safe,0.019,Safe  (High Confidence),Safe,0.091,Safe  (High Confidence),Safe,0.338,Safe  (Low Confidence),Safe,0.0,Safe  (High Confidence),Safe,0.071,Safe  (High Confidence),0.96,MTRD <= 0.477: Low<br/>&nbsp;&nbsp;<br/>&nbsp;&nbsp;MTRD > 0.477: High,Toxic,0.629,Toxic  (Low Confidence),Safe,0.002,Safe  (High Confidence),5.63,,Toxic,0.998,Toxic  (High Confidence),Toxic,0.557,Toxic  (Low Confidence),Safe,0.245,Safe  (Medium Confidence),Safe,0.005,Safe  (High Confidence),Safe,0.0,Safe  (High Confidence),Safe,0.042,Safe  (High Confidence),Safe,0.0,Safe  (High Confidence),Safe,0.148,Safe  (High Confidence),Safe,0.0,Safe  (High Confidence),Safe,0.001,Safe  (High Confidence),-323.93,PIGC50% > -0.5 log ug/L: toxic,2.31,,3.94,,4.63,LC50% < 0.5mM <br/>&nbsp;&nbsp;<br/>&nbsp;&nbsp; (log LC50% < -0.3) = <br/>&nbsp;&nbsp;<br/>&nbsp;&nbsp; High Acute Toxicity,Safe,0.358,Safe  (Low Confidence),Safe,0.399,Safe  (Low Confidence),Toxic,0.504,Toxic  (Low Confidence),Safe,0.012,Safe  (High Confidence),Safe,0.0,Safe  (High Confidence),Safe,0.007,Safe  (High Confidence),Safe,0.21,Safe  (Medium Confidence),578.63,BP<25: gas,-3.24,,0.81,Proper Value: 1 to 3 log mol/L,1.09,Proper Value: 0 to 3 log mol/L,-4.99,Proper Value: -4 to 0.5 log mol/L,-10.64,Vapor (Gas) Phase: log vp < 4; Vapor and Particulate Phase: 5 =< log vp < 8; Solid Phase: log vp > 8 ,204.21,MP<25: liquid; MP>25:solid,5.7,,4.59,,492.43,0.07,188.51,6.0,12.0,6.0,False,False,False
CCCCCCCCCCCCCCCC(=O)OCC(O)CO,62,3-Palmitoyl-sn-glycerol,3-Palmitoyl-sn-glycerol | 1-Palmitoyl-sn-glycerol,Zingiber officinale,Zingiber officinale,3084463,3084463 | 11359451,C19H38O4,True,0.97019386,CCCCCCCCCCCCCCCC(=O)OCC(O)CO,-5.24,,Non-Bioavailable,0.131,Non-Bioavailable  (High Confidence),Absorbed,0.851,Absorbed  (High Confidence),-3.75,Proper Value:  > 2 x 10-6cm/s,Non-Bioavailable,0.317,Non-Bioavailable  (Medium Confidence),Non-Inhibitor,0.093,Non-Inhibitor  (High Confidence),Non-Substrate,0.444,Non-Substrate  (Low Confidence),-3.09,Low Skin Permeability: log KP > -2.5,-2.06,- ,Penetrable,0.979,Penetrable  (High Confidence),1.56,,18.08,Proper Value: therapeutic index < 90 perc; Poor Value value > 90 perc,1.09,Low Value: < 0.71 L/kg (log VDss < -0.15); High Value > 2.81 L/kg (log VDss > 0.45).,Non-Inhibitor,0.206,Non-Inhibitor  (Medium Confidence),Inhibitor,0.725,Inhibitor  (Medium Confidence),Non-Substrate,0.084,Non-Substrate  (High Confidence),Non-Inhibitor,0.026,Non-Inhibitor  (High Confidence),Non-Substrate,0.413,Non-Substrate  (Low Confidence),Non-Inhibitor,0.075,Non-Inhibitor  (High Confidence),Non-Substrate,0.014,Non-Substrate  (High Confidence),Non-Inhibitor,0.074,Non-Inhibitor  (High Confidence),Non-Substrate,0.344,Non-Substrate  (Low Confidence),Non-Inhibitor,0.022,Non-Inhibitor  (High Confidence),Non-Substrate,0.001,Non-Substrate  (High Confidence),Non-Inhibitor,0.004,Non-Inhibitor  (High Confidence),Non-Inhibitor,0.128,Non-Inhibitor  (High Confidence),6.25,,Non-Inhibitor,0.078,Non-Inhibitor  (High Confidence),Half-Life >= 3hs,0.549,Half-Life >= 3hs  (Low Confidence),Safe,0.0,Safe  (High Confidence),Safe,0.009,Safe  (High Confidence),Safe,0.348,Safe  (Low Confidence),0.6,,Toxic,0.919,Toxic  (High Confidence),Safe,0.106,Safe  (High Confidence),Toxic,0.96,Toxic  (High Confidence),Safe,0.332,Safe  (Medium Confidence),Safe,0.163,Safe  (High Confidence),Toxic,0.77,Toxic  (Medium Confidence),2.12,MTRD <= 0.477: Low<br/>&nbsp;&nbsp;<br/>&nbsp;&nbsp;MTRD > 0.477: High,Safe,0.291,Safe  (Medium Confidence),Safe,0.284,Safe  (Medium Confidence),4.18,,Safe,0.0,Safe  (High Confidence),Safe,0.001,Safe  (High Confidence),Safe,0.064,Safe  (High Confidence),Safe,0.0,Safe  (High Confidence),Safe,0.0,Safe  (High Confidence),Safe,0.063,Safe  (High Confidence),Safe,0.002,Safe  (High Confidence),Safe,0.164,Safe  (High Confidence),Safe,0.03,Safe  (High Confidence),Safe,0.0,Safe  (High Confidence),5.6,PIGC50% > -0.5 log ug/L: toxic,1.32,,2.74,,3.92,LC50% < 0.5mM <br/>&nbsp;&nbsp;<br/>&nbsp;&nbsp; (log LC50% < -0.3) = <br/>&nbsp;&nbsp;<br/>&nbsp;&nbsp; High Acute Toxicity,Safe,0.06,Safe  (High Confidence),Toxic,0.719,Toxic  (Medium Confidence),Safe,0.012,Safe  (High Confidence),Safe,0.0,Safe  (High Confidence),Safe,0.071,Safe  (High Confidence),Safe,0.002,Safe  (High Confidence),Safe,0.0,Safe  (High Confidence),394.99,BP<25: gas,-7.95,,3.63,Proper Value: 1 to 3 log mol/L,6.1,Proper Value: 0 to 3 log mol/L,-5.68,Proper Value: -4 to 0.5 log mol/L,-7.3,Vapor (Gas) Phase: log vp < 4; Vapor and Particulate Phase: 5 =< log vp < 8; Solid Phase: log vp > 8 ,56.74,MP<25: liquid; MP>25:solid,9.8,,5.09,,330.51,4.36,66.76,2.0,4.0,17.0,False,False,False
CC(C)=CCCC1=C2C(CC3(C)OC3C2O)OC1=O,63,Paniculide A,Paniculide A,Andrographis paniculata,Andrographis paniculata,11821485,11821485,C15H20O4,False,0.9697807,CC(C)=CCCC1=C2C(CC3(C)OC3C2O)OC1=O,-5.06,,Bioavailable,0.737,Bioavailable  (Medium Confidence),Absorbed,0.938,Absorbed  (High Confidence),-4.31,Proper Value:  > 2 x 10-6cm/s,Non-Bioavailable,0.419,Non-Bioavailable  (Low Confidence),Non-Inhibitor,0.0,Non-Inhibitor  (High Confidence),Non-Substrate,0.185,Non-Substrate  (Medium Confidence),-3.06,Low Skin Permeability: log KP > -2.5,-2.62,- ,Penetrable,0.709,Penetrable  (Medium Confidence),0.21,,-7.88,Proper Value: therapeutic index < 90 perc; Poor Value value > 90 perc,1.5,Low Value: < 0.71 L/kg (log VDss < -0.15); High Value > 2.81 L/kg (log VDss > 0.45).,Non-Inhibitor,0.116,Non-Inhibitor  (High Confidence),Non-Inhibitor,0.008,Non-Inhibitor  (High Confidence),Non-Substrate,0.05,Non-Substrate  (High Confidence),Non-Inhibitor,0.001,Non-Inhibitor  (High Confidence),Non-Substrate,0.424,Non-Substrate  (Low Confidence),Non-Inhibitor,0.005,Non-Inhibitor  (High Confidence),Non-Substrate,0.003,Non-Substrate  (High Confidence),Non-Inhibitor,0.0,Non-Inhibitor  (High Confidence),Non-Substrate,0.379,Non-Substrate  (Low Confidence),Non-Inhibitor,0.12,Non-Inhibitor  (High Confidence),Non-Substrate,0.246,Non-Substrate  (Medium Confidence),Non-Inhibitor,0.044,Non-Inhibitor  (High Confidence),Non-Inhibitor,0.052,Non-Inhibitor  (High Confidence),14.43,,Inhibitor,0.546,Inhibitor  (Low Confidence),Half-Life < 3hs,0.309,Half-Life < 3hs  (Medium Confidence),Toxic,0.961,Toxic  (High Confidence),Safe,0.111,Safe  (High Confidence),Toxic,0.978,Toxic  (High Confidence),0.88,,Safe,0.434,Safe  (Low Confidence),Safe,0.407,Safe  (Low Confidence),Safe,0.444,Safe  (Low Confidence),Safe,0.147,Safe  (High Confidence),Safe,0.0,Safe  (High Confidence),Toxic,0.537,Toxic  (Low Confidence),-0.74,MTRD <= 0.477: Low<br/>&nbsp;&nbsp;<br/>&nbsp;&nbsp;MTRD > 0.477: High,Safe,0.41,Safe  (Low Confidence),Safe,0.0,Safe  (High Confidence),5.34,,Toxic,0.562,Toxic  (Low Confidence),Safe,0.001,Safe  (High Confidence),Safe,0.012,Safe  (High Confidence),Safe,0.079,Safe  (High Confidence),Safe,0.03,Safe  (High Confidence),Safe,0.04,Safe  (High Confidence),Safe,0.0,Safe  (High Confidence),Toxic,0.511,Toxic  (Low Confidence),Safe,0.134,Safe  (High Confidence),Safe,0.044,Safe  (High Confidence),2.37,PIGC50% > -0.5 log ug/L: toxic,2.09,,1.62,,4.45,LC50% < 0.5mM <br/>&nbsp;&nbsp;<br/>&nbsp;&nbsp; (log LC50% < -0.3) = <br/>&nbsp;&nbsp;<br/>&nbsp;&nbsp; High Acute Toxicity,Toxic,0.878,Toxic  (High Confidence),Toxic,0.734,Toxic  (Medium Confidence),Safe,0.349,Safe  (Low Confidence),Safe,0.0,Safe  (High Confidence),Safe,0.127,Safe  (High Confidence),Safe,0.0,Safe  (High Confidence),Safe,0.222,Safe  (Medium Confidence),333.5,BP<25: gas,-6.91,,1.4,Proper Value: 1 to 3 log mol/L,1.98,Proper Value: 0 to 3 log mol/L,-2.52,Proper Value: -4 to 0.5 log mol/L,-4.73,Vapor (Gas) Phase: log vp < 4; Vapor and Particulate Phase: 5 =< log vp < 8; Solid Phase: log vp > 8 ,50.14,MP<25: liquid; MP>25:solid,6.04,,4.78,,264.32,1.88,59.06,1.0,4.0,3.0,False,False,False
COc1cc(O)c2c(c1OC)OC(c1ccccc1O)CC2=O,64,Dihydroskullcap flavone I,Dihydroskullcap flavone I,Andrographis paniculata,Andrographis paniculata,12098358,12098358,C17H16O6,False,0.9695318,COc1cc(O)c2c(c1OC)OC(c1ccccc1O)CC2=O,-4.37,,Bioavailable,0.602,Bioavailable  (Low Confidence),Absorbed,0.989,Absorbed  (High Confidence),-4.74,Proper Value:  > 2 x 10-6cm/s,Bioavailable,0.637,Bioavailable  (Low Confidence),Inhibitor,0.797,Inhibitor  (Medium Confidence),Non-Substrate,0.132,Non-Substrate  (High Confidence),-1.55,Low Skin Permeability: log KP > -2.5,-3.24,- ,Penetrable,0.569,Penetrable  (Low Confidence),1.22,,50.13,Proper Value: therapeutic index < 90 perc; Poor Value value > 90 perc,0.81,Low Value: < 0.71 L/kg (log VDss < -0.15); High Value > 2.81 L/kg (log VDss > 0.45).,Non-Inhibitor,0.312,Non-Inhibitor  (Medium Confidence),Inhibitor,0.931,Inhibitor  (High Confidence),Substrate,0.78,Substrate  (Medium Confidence),Inhibitor,0.995,Inhibitor  (High Confidence),Non-Substrate,0.424,Non-Substrate  (Low Confidence),Inhibitor,0.725,Inhibitor  (Medium Confidence),Substrate,0.997,Substrate  (High Confidence),Inhibitor,0.91,Inhibitor  (High Confidence),Non-Substrate,0.408,Non-Substrate  (Low Confidence),Non-Inhibitor,0.492,Non-Inhibitor  (Low Confidence),Non-Substrate,0.171,Non-Substrate  (Medium Confidence),Non-Inhibitor,0.17,Non-Inhibitor  (Medium Confidence),Non-Inhibitor,0.079,Non-Inhibitor  (High Confidence),9.24,,Non-Inhibitor,0.346,Non-Inhibitor  (Low Confidence),Half-Life < 3hs,0.238,Half-Life < 3hs  (Medium Confidence),Safe,0.011,Safe  (High Confidence),Safe,0.054,Safe  (High Confidence),Toxic,0.812,Toxic  (Medium Confidence),1.53,,Safe,0.126,Safe  (High Confidence),Safe,0.276,Safe  (Medium Confidence),Toxic,0.657,Toxic  (Low Confidence),Safe,0.466,Safe  (Low Confidence),Safe,0.0,Safe  (High Confidence),Toxic,0.661,Toxic  (Low Confidence),1.28,MTRD <= 0.477: Low<br/>&nbsp;&nbsp;<br/>&nbsp;&nbsp;MTRD > 0.477: High,Toxic,0.59,Toxic  (Low Confidence),Safe,0.007,Safe  (High Confidence),5.99,,Toxic,0.894,Toxic  (High Confidence),Toxic,0.755,Toxic  (Medium Confidence),Safe,0.04,Safe  (High Confidence),Safe,0.011,Safe  (High Confidence),Safe,0.449,Safe  (Low Confidence),Safe,0.135,Safe  (High Confidence),Safe,0.013,Safe  (High Confidence),Safe,0.354,Safe  (Low Confidence),Safe,0.025,Safe  (High Confidence),Toxic,0.615,Toxic  (Low Confidence),3.93,PIGC50% > -0.5 log ug/L: toxic,2.05,,2.59,,4.63,LC50% < 0.5mM <br/>&nbsp;&nbsp;<br/>&nbsp;&nbsp; (log LC50% < -0.3) = <br/>&nbsp;&nbsp;<br/>&nbsp;&nbsp; High Acute Toxicity,Safe,0.349,Safe  (Low Confidence),Safe,0.332,Safe  (Medium Confidence),Toxic,0.602,Toxic  (Low Confidence),Safe,0.228,Safe  (Medium Confidence),Safe,0.053,Safe  (High Confidence),Toxic,0.894,Toxic  (High Confidence),Safe,0.244,Safe  (Medium Confidence),409.33,BP<25: gas,-8.54,,2.59,Proper Value: 1 to 3 log mol/L,2.7,Proper Value: 0 to 3 log mol/L,-5.27,Proper Value: -4 to 0.5 log mol/L,-7.19,Vapor (Gas) Phase: log vp < 4; Vapor and Particulate Phase: 5 =< log vp < 8; Solid Phase: log vp > 8 ,136.02,MP<25: liquid; MP>25:solid,7.38,,3.77,,316.31,2.82,85.22,2.0,6.0,3.0,False,False,False
COc1cccc(-c2cc(=O)c3c(OC4OC(CO)C(O)C(O)C4O)cc(OC)c(OC)c3o2)c1OC,65,"5-Hydroxy-7,8,2',3'-tetramethoxyflavone 5-glucoside","5-Hydroxy-7,8,2',3'-tetramethoxyflavone 5-glucoside",Andrographis paniculata,Andrographis paniculata,44258544,44258544,C25H28O12,False,0.96939445,COc1cccc(-c2cc(=O)c3c(OC4OC(CO)C(O)C(O)C4O)cc(OC)c(OC)c3o2)c1OC,-6.15,,Bioavailable,0.706,Bioavailable  (Medium Confidence),Absorbed,0.558,Absorbed  (Low Confidence),-4.78,Proper Value:  > 2 x 10-6cm/s,Non-Bioavailable,0.347,Non-Bioavailable  (Low Confidence),Non-Inhibitor,0.298,Non-Inhibitor  (Medium Confidence),Substrate,0.583,Substrate  (Low Confidence),-0.2,Low Skin Permeability: log KP > -2.5,-4.28,- ,Non-Penetrable,0.008,Non-Penetrable  (High Confidence),1.06,,31.42,Proper Value: therapeutic index < 90 perc; Poor Value value > 90 perc,0.84,Low Value: < 0.71 L/kg (log VDss < -0.15); High Value > 2.81 L/kg (log VDss > 0.45).,Non-Inhibitor,0.366,Non-Inhibitor  (Low Confidence),Non-Inhibitor,0.072,Non-Inhibitor  (High Confidence),Non-Substrate,0.082,Non-Substrate  (High Confidence),Non-Inhibitor,0.004,Non-Inhibitor  (High Confidence),Non-Substrate,0.243,Non-Substrate  (Medium Confidence),Non-Inhibitor,0.066,Non-Inhibitor  (High Confidence),Non-Substrate,0.012,Non-Substrate  (High Confidence),Non-Inhibitor,0.007,Non-Inhibitor  (High Confidence),Non-Substrate,0.252,Non-Substrate  (Medium Confidence),Non-Inhibitor,0.206,Non-Inhibitor  (Medium Confidence),Non-Substrate,0.329,Non-Substrate  (Medium Confidence),Non-Inhibitor,0.191,Non-Inhibitor  (Medium Confidence),Non-Inhibitor,0.241,Non-Inhibitor  (Medium Confidence),2.92,,Non-Inhibitor,0.095,Non-Inhibitor  (High Confidence),Half-Life < 3hs,0.312,Half-Life < 3hs  (Medium Confidence),Safe,0.217,Safe  (Medium Confidence),Safe,0.005,Safe  (High Confidence),Toxic,0.745,Toxic  (Medium Confidence),0.44,,Safe,0.129,Safe  (High Confidence),Safe,0.011,Safe  (High Confidence),Safe,0.256,Safe  (Medium Confidence),Safe,0.266,Safe  (Medium Confidence),Safe,0.0,Safe  (High Confidence),Safe,0.022,Safe  (High Confidence),0.83,MTRD <= 0.477: Low<br/>&nbsp;&nbsp;<br/>&nbsp;&nbsp;MTRD > 0.477: High,Toxic,0.646,Toxic  (Low Confidence),Safe,0.002,Safe  (High Confidence),5.84,,Toxic,0.976,Toxic  (High Confidence),Toxic,0.574,Toxic  (Low Confidence),Safe,0.232,Safe  (Medium Confidence),Safe,0.006,Safe  (High Confidence),Safe,0.0,Safe  (High Confidence),Safe,0.014,Safe  (High Confidence),Safe,0.0,Safe  (High Confidence),Safe,0.3,Safe  (Medium Confidence),Safe,0.001,Safe  (High Confidence),Safe,0.001,Safe  (High Confidence),-950.73,PIGC50% > -0.5 log ug/L: toxic,2.66,,3.82,,6.41,LC50% < 0.5mM <br/>&nbsp;&nbsp;<br/>&nbsp;&nbsp; (log LC50% < -0.3) = <br/>&nbsp;&nbsp;<br/>&nbsp;&nbsp; High Acute Toxicity,Safe,0.297,Safe  (Medium Confidence),Safe,0.186,Safe  (Medium Confidence),Toxic,0.664,Toxic  (Low Confidence),Safe,0.093,Safe  (High Confidence),Safe,0.001,Safe  (High Confidence),Safe,0.008,Safe  (High Confidence),Safe,0.028,Safe  (High Confidence),517.55,BP<25: gas,-2.89,,1.2,Proper Value: 1 to 3 log mol/L,0.31,Proper Value: 0 to 3 log mol/L,-4.08,Proper Value: -4 to 0.5 log mol/L,-9.36,Vapor (Gas) Phase: log vp < 4; Vapor and Particulate Phase: 5 =< log vp < 8; Solid Phase: log vp > 8 ,192.52,MP<25: liquid; MP>25:solid,7.2,,1.1,,520.49,0.67,166.51,4.0,12.0,8.0,False,False,False
O=C(O)C1OC(Oc2cc(-c3cc(=O)c4c(O)cc(OC5OC(CO)C(O)C(O)C5O)cc4o3)ccc2O)C(O)C(O)C1O,66,Luteolin 7-glucoside-3'-glucuronide,Luteolin 7-glucoside-3'-glucuronide,Melissa officinalis,Melissa officinalis,44258136,44258136,C27H28O17,False,0.9693149,O=C(O)C1OC(Oc2cc(-c3cc(=O)c4c(O)cc(OC5OC(CO)C(O)C(O)C5O)cc4o3)ccc2O)C(O)C(O)C1O,-6.62,,Non-Bioavailable,0.171,Non-Bioavailable  (Medium Confidence),Non-Absorbed,0.012,Non-Absorbed  (High Confidence),-5.49,Proper Value:  > 2 x 10-6cm/s,Non-Bioavailable,0.076,Non-Bioavailable  (High Confidence),Non-Inhibitor,0.0,Non-Inhibitor  (High Confidence),Non-Substrate,0.447,Non-Substrate  (Low Confidence),13.51,Low Skin Permeability: log KP > -2.5,-4.55,- ,Non-Penetrable,0.0,Non-Penetrable  (High Confidence),0.86,,-5.19,Proper Value: therapeutic index < 90 perc; Poor Value value > 90 perc,0.84,Low Value: < 0.71 L/kg (log VDss < -0.15); High Value > 2.81 L/kg (log VDss > 0.45).,Non-Inhibitor,0.072,Non-Inhibitor  (High Confidence),Non-Inhibitor,0.17,Non-Inhibitor  (Medium Confidence),Non-Substrate,0.0,Non-Substrate  (High Confidence),Non-Inhibitor,0.0,Non-Inhibitor  (High Confidence),Non-Substrate,0.111,Non-Substrate  (High Confidence),Non-Inhibitor,0.006,Non-Inhibitor  (High Confidence),Non-Substrate,0.0,Non-Substrate  (High Confidence),Non-Inhibitor,0.0,Non-Inhibitor  (High Confidence),Non-Substrate,0.08,Non-Substrate  (High Confidence),Non-Inhibitor,0.005,Non-Inhibitor  (High Confidence),Non-Substrate,0.0,Non-Substrate  (High Confidence),Non-Inhibitor,0.095,Non-Inhibitor  (High Confidence),Non-Inhibitor,0.274,Non-Inhibitor  (Medium Confidence),4.31,,Non-Inhibitor,0.015,Non-Inhibitor  (High Confidence),Half-Life < 3hs,0.426,Half-Life < 3hs  (Low Confidence),Toxic,0.781,Toxic  (Medium Confidence),Safe,0.0,Safe  (High Confidence),Toxic,0.52,Toxic  (Low Confidence),-3.86,,Safe,0.106,Safe  (High Confidence),Safe,0.007,Safe  (High Confidence),Safe,0.001,Safe  (High Confidence),Safe,0.361,Safe  (Low Confidence),Safe,0.0,Safe  (High Confidence),Safe,0.023,Safe  (High Confidence),0.96,MTRD <= 0.477: Low<br/>&nbsp;&nbsp;<br/>&nbsp;&nbsp;MTRD > 0.477: High,Toxic,0.711,Toxic  (Medium Confidence),Safe,0.0,Safe  (High Confidence),5.47,,Toxic,1.0,Toxic  (High Confidence),Safe,0.005,Safe  (High Confidence),Safe,0.16,Safe  (High Confidence),Safe,0.001,Safe  (High Confidence),Safe,0.0,Safe  (High Confidence),Safe,0.048,Safe  (High Confidence),Safe,0.0,Safe  (High Confidence),Safe,0.012,Safe  (High Confidence),Safe,0.0,Safe  (High Confidence),Safe,0.0,Safe  (High Confidence),-21904.48,PIGC50% > -0.5 log ug/L: toxic,2.13,,4.93,,44.98,LC50% < 0.5mM <br/>&nbsp;&nbsp;<br/>&nbsp;&nbsp; (log LC50% < -0.3) = <br/>&nbsp;&nbsp;<br/>&nbsp;&nbsp; High Acute Toxicity,Safe,0.49,Safe  (Low Confidence),Safe,0.302,Safe  (Medium Confidence),Safe,0.186,Safe  (Medium Confidence),Safe,0.0,Safe  (High Confidence),Safe,0.0,Safe  (High Confidence),Safe,0.0,Safe  (High Confidence),Safe,0.058,Safe  (High Confidence),401.27,BP<25: gas,-2.93,,-2.74,Proper Value: 1 to 3 log mol/L,-1.44,Proper Value: 0 to 3 log mol/L,-4.22,Proper Value: -4 to 0.5 log mol/L,-17.45,Vapor (Gas) Phase: log vp < 4; Vapor and Particulate Phase: 5 =< log vp < 8; Solid Phase: log vp > 8 ,261.13,MP<25: liquid; MP>25:solid,1.7,,7.55,,624.5,-2.68,286.5,10.0,16.0,7.0,False,False,False
CC(C)=CCCC1=C2C(CC3(CO)OC3C2O)OC1=O,67,Paniculide B,Paniculide B,Andrographis paniculata,Andrographis paniculata,101289823,101289823,C15H20O5,False,0.9688205,CC(C)=CCCC1=C2C(CC3(CO)OC3C2O)OC1=O,-5.19,,Bioavailable,0.656,Bioavailable  (Low Confidence),Absorbed,0.902,Absorbed  (High Confidence),-4.33,Proper Value:  > 2 x 10-6cm/s,Non-Bioavailable,0.483,Non-Bioavailable  (Low Confidence),Non-Inhibitor,0.0,Non-Inhibitor  (High Confidence),Non-Substrate,0.243,Non-Substrate  (Medium Confidence),-3.01,Low Skin Permeability: log KP > -2.5,-2.7,- ,Non-Penetrable,0.339,Non-Penetrable  (Low Confidence),0.28,,-12.1,Proper Value: therapeutic index < 90 perc; Poor Value value > 90 perc,1.33,Low Value: < 0.71 L/kg (log VDss < -0.15); High Value > 2.81 L/kg (log VDss > 0.45).,Non-Inhibitor,0.067,Non-Inhibitor  (High Confidence),Non-Inhibitor,0.004,Non-Inhibitor  (High Confidence),Non-Substrate,0.029,Non-Substrate  (High Confidence),Non-Inhibitor,0.001,Non-Inhibitor  (High Confidence),Non-Substrate,0.366,Non-Substrate  (Low Confidence),Non-Inhibitor,0.0,Non-Inhibitor  (High Confidence),Non-Substrate,0.0,Non-Substrate  (High Confidence),Non-Inhibitor,0.0,Non-Inhibitor  (High Confidence),Non-Substrate,0.343,Non-Substrate  (Low Confidence),Non-Inhibitor,0.081,Non-Inhibitor  (High Confidence),Non-Substrate,0.173,Non-Substrate  (Medium Confidence),Non-Inhibitor,0.058,Non-Inhibitor  (High Confidence),Non-Inhibitor,0.056,Non-Inhibitor  (High Confidence),12.52,,Non-Inhibitor,0.427,Non-Inhibitor  (Low Confidence),Half-Life < 3hs,0.345,Half-Life < 3hs  (Low Confidence),Toxic,0.959,Toxic  (High Confidence),Safe,0.093,Safe  (High Confidence),Toxic,0.977,Toxic  (High Confidence),0.57,,Safe,0.433,Safe  (Low Confidence),Safe,0.398,Safe  (Low Confidence),Safe,0.151,Safe  (High Confidence),Safe,0.168,Safe  (Medium Confidence),Safe,0.0,Safe  (High Confidence),Safe,0.45,Safe  (Low Confidence),-0.7,MTRD <= 0.477: Low<br/>&nbsp;&nbsp;<br/>&nbsp;&nbsp;MTRD > 0.477: High,Safe,0.388,Safe  (Low Confidence),Safe,0.0,Safe  (High Confidence),5.08,,Toxic,0.631,Toxic  (Low Confidence),Safe,0.001,Safe  (High Confidence),Safe,0.017,Safe  (High Confidence),Safe,0.086,Safe  (High Confidence),Safe,0.018,Safe  (High Confidence),Safe,0.045,Safe  (High Confidence),Safe,0.0,Safe  (High Confidence),Toxic,0.715,Toxic  (Medium Confidence),Safe,0.135,Safe  (High Confidence),Safe,0.033,Safe  (High Confidence),1.93,PIGC50% > -0.5 log ug/L: toxic,2.43,,1.88,,4.32,LC50% < 0.5mM <br/>&nbsp;&nbsp;<br/>&nbsp;&nbsp; (log LC50% < -0.3) = <br/>&nbsp;&nbsp;<br/>&nbsp;&nbsp; High Acute Toxicity,Toxic,0.941,Toxic  (High Confidence),Toxic,0.68,Toxic  (Medium Confidence),Safe,0.4,Safe  (Low Confidence),Safe,0.001,Safe  (High Confidence),Safe,0.098,Safe  (High Confidence),Safe,0.0,Safe  (High Confidence),Safe,0.242,Safe  (Medium Confidence),358.11,BP<25: gas,-9.37,,0.15,Proper Value: 1 to 3 log mol/L,0.88,Proper Value: 0 to 3 log mol/L,-2.03,Proper Value: -4 to 0.5 log mol/L,-6.14,Vapor (Gas) Phase: log vp < 4; Vapor and Particulate Phase: 5 =< log vp < 8; Solid Phase: log vp > 8 ,85.1,MP<25: liquid; MP>25:solid,5.9,,4.48,,280.32,0.85,79.29,2.0,5.0,4.0,False,False,False
C=C1CCC2C(C)(COC3OC(CO)C(O)C(O)C3O)CCCC2(C)C1CCC1=CCOC1=O,68,Neoandrographolide,Neoandrographolide,Andrographis paniculata,Andrographis paniculata,9848024,9848024,C26H40O8,False,0.9688105,C=C1CCC2C(C)(COC3OC(CO)C(O)C(O)C3O)CCCC2(C)C1CCC1=CCOC1=O,-5.48,,Bioavailable,0.59,Bioavailable  (Low Confidence),Absorbed,0.911,Absorbed  (High Confidence),-5.04,Proper Value:  > 2 x 10-6cm/s,Non-Bioavailable,0.367,Non-Bioavailable  (Low Confidence),Inhibitor,0.969,Inhibitor  (High Confidence),Non-Substrate,0.41,Non-Substrate  (Low Confidence),-1.95,Low Skin Permeability: log KP > -2.5,-3.1,- ,Penetrable,0.623,Penetrable  (Low Confidence),1.05,,17.41,Proper Value: therapeutic index < 90 perc; Poor Value value > 90 perc,0.51,Low Value: < 0.71 L/kg (log VDss < -0.15); High Value > 2.81 L/kg (log VDss > 0.45).,Non-Inhibitor,0.039,Non-Inhibitor  (High Confidence),Non-Inhibitor,0.271,Non-Inhibitor  (Medium Confidence),Non-Substrate,0.046,Non-Substrate  (High Confidence),Non-Inhibitor,0.056,Non-Inhibitor  (High Confidence),Non-Substrate,0.369,Non-Substrate  (Low Confidence),Non-Inhibitor,0.14,Non-Inhibitor  (High Confidence),Non-Substrate,0.0,Non-Substrate  (High Confidence),Non-Inhibitor,0.0,Non-Inhibitor  (High Confidence),Non-Substrate,0.249,Non-Substrate  (Medium Confidence),Non-Inhibitor,0.391,Non-Inhibitor  (Low Confidence),Substrate,0.735,Substrate  (Medium Confidence),Non-Inhibitor,0.405,Non-Inhibitor  (Low Confidence),Non-Inhibitor,0.42,Non-Inhibitor  (Low Confidence),3.26,,Non-Inhibitor,0.012,Non-Inhibitor  (High Confidence),Half-Life < 3hs,0.244,Half-Life < 3hs  (Medium Confidence),Toxic,0.664,Toxic  (Low Confidence),Safe,0.001,Safe  (High Confidence),Toxic,0.841,Toxic  (High Confidence),-1.85,,Safe,0.056,Safe  (High Confidence),Safe,0.067,Safe  (High Confidence),Safe,0.003,Safe  (High Confidence),Safe,0.498,Safe  (Low Confidence),Safe,0.0,Safe  (High Confidence),Safe,0.003,Safe  (High Confidence),-1.47,MTRD <= 0.477: Low<br/>&nbsp;&nbsp;<br/>&nbsp;&nbsp;MTRD > 0.477: High,Toxic,0.556,Toxic  (Low Confidence),Safe,0.0,Safe  (High Confidence),5.7,,Safe,0.385,Safe  (Low Confidence),Safe,0.0,Safe  (High Confidence),Safe,0.195,Safe  (Medium Confidence),Safe,0.005,Safe  (High Confidence),Safe,0.103,Safe  (High Confidence),Safe,0.068,Safe  (High Confidence),Safe,0.002,Safe  (High Confidence),Safe,0.458,Safe  (Low Confidence),Safe,0.01,Safe  (High Confidence),Safe,0.001,Safe  (High Confidence),-210.71,PIGC50% > -0.5 log ug/L: toxic,3.53,,3.16,,4.0,LC50% < 0.5mM <br/>&nbsp;&nbsp;<br/>&nbsp;&nbsp; (log LC50% < -0.3) = <br/>&nbsp;&nbsp;<br/>&nbsp;&nbsp; High Acute Toxicity,Toxic,0.988,Toxic  (High Confidence),Toxic,0.528,Toxic  (Low Confidence),Safe,0.026,Safe  (High Confidence),Safe,0.0,Safe  (High Confidence),Safe,0.049,Safe  (High Confidence),Toxic,0.758,Toxic  (Medium Confidence),Safe,0.024,Safe  (High Confidence),485.93,BP<25: gas,-3.22,,3.02,Proper Value: 1 to 3 log mol/L,1.78,Proper Value: 0 to 3 log mol/L,-3.0,Proper Value: -4 to 0.5 log mol/L,-11.04,Vapor (Gas) Phase: log vp < 4; Vapor and Particulate Phase: 5 =< log vp < 8; Solid Phase: log vp > 8 ,176.43,MP<25: liquid; MP>25:solid,5.98,,6.47,,480.6,1.85,125.68,4.0,8.0,7.0,False,False,False
O=C1OC2COC(=O)c3cc(O)c(O)c(O)c3-c3c(cc(O)c(O)c3O)C(=O)OC2C2=C1OC(=O)c1cc(O)c(O)c(O)c1-c1c(cc(O)c(O)c1O)C(=O)O2,69,Emblicanin B,Emblicanin B,Phyllanthus niruri,Phyllanthus niruri,119058017,119058017,C34H20O22,False,0.9685769,O=C1OC2COC(=O)c3cc(O)c(O)c(O)c3-c3c(cc(O)c(O)c3O)C(=O)OC2C2=C1OC(=O)c1cc(O)c(O)c(O)c1-c1c(cc(O)c(O)c1O)C(=O)O2,-6.46,,Non-Bioavailable,0.005,Non-Bioavailable  (High Confidence),Non-Absorbed,0.007,Non-Absorbed  (High Confidence),22.71,Proper Value:  > 2 x 10-6cm/s,Bioavailable,0.723,Bioavailable  (Medium Confidence),Inhibitor,0.915,Inhibitor  (High Confidence),Non-Substrate,0.365,Non-Substrate  (Low Confidence),3870.65,Low Skin Permeability: log KP > -2.5,-4.27,- ,Non-Penetrable,0.0,Non-Penetrable  (High Confidence),0.49,,22.2,Proper Value: therapeutic index < 90 perc; Poor Value value > 90 perc,0.16,Low Value: < 0.71 L/kg (log VDss < -0.15); High Value > 2.81 L/kg (log VDss > 0.45).,Non-Inhibitor,0.345,Non-Inhibitor  (Low Confidence),Non-Inhibitor,0.008,Non-Inhibitor  (High Confidence),Non-Substrate,0.0,Non-Substrate  (High Confidence),Inhibitor,1.0,Inhibitor  (High Confidence),Non-Substrate,0.03,Non-Substrate  (High Confidence),Non-Inhibitor,0.467,Non-Inhibitor  (Low Confidence),Non-Substrate,0.003,Non-Substrate  (High Confidence),Non-Inhibitor,0.0,Non-Inhibitor  (High Confidence),Non-Substrate,0.017,Non-Substrate  (High Confidence),Non-Inhibitor,0.007,Non-Inhibitor  (High Confidence),Non-Substrate,0.0,Non-Substrate  (High Confidence),Non-Inhibitor,0.46,Non-Inhibitor  (Low Confidence),Inhibitor,0.564,Inhibitor  (Low Confidence),11.18,,Inhibitor,0.991,Inhibitor  (High Confidence),Half-Life < 3hs,0.308,Half-Life < 3hs  (Medium Confidence),Safe,0.0,Safe  (High Confidence),Safe,0.0,Safe  (High Confidence),Safe,0.101,Safe  (High Confidence),-90.47,,Safe,0.001,Safe  (High Confidence),Safe,0.009,Safe  (High Confidence),Toxic,0.5,Toxic  (Low Confidence),Toxic,0.957,Toxic  (High Confidence),Safe,0.0,Safe  (High Confidence),Toxic,0.574,Toxic  (Low Confidence),1.12,MTRD <= 0.477: Low<br/>&nbsp;&nbsp;<br/>&nbsp;&nbsp;MTRD > 0.477: High,Toxic,0.838,Toxic  (High Confidence),Safe,0.0,Safe  (High Confidence),5.97,,Toxic,1.0,Toxic  (High Confidence),Toxic,0.999,Toxic  (High Confidence),Safe,0.086,Safe  (High Confidence),Toxic,0.517,Toxic  (Low Confidence),Safe,0.0,Safe  (High Confidence),Safe,0.019,Safe  (High Confidence),Safe,0.0,Safe  (High Confidence),Safe,0.0,Safe  (High Confidence),Safe,0.0,Safe  (High Confidence),Safe,0.0,Safe  (High Confidence),-7016642.05,PIGC50% > -0.5 log ug/L: toxic,2.56,,4.18,,8867.33,LC50% < 0.5mM <br/>&nbsp;&nbsp;<br/>&nbsp;&nbsp; (log LC50% < -0.3) = <br/>&nbsp;&nbsp;<br/>&nbsp;&nbsp; High Acute Toxicity,Toxic,0.999,Toxic  (High Confidence),Safe,0.219,Safe  (Medium Confidence),Toxic,0.998,Toxic  (High Confidence),Safe,0.0,Safe  (High Confidence),Safe,0.0,Safe  (High Confidence),Toxic,0.994,Toxic  (High Confidence),Toxic,1.0,Toxic  (High Confidence),777924.82,BP<25: gas,-2.92,,-1.69,Proper Value: 1 to 3 log mol/L,-0.37,Proper Value: 0 to 3 log mol/L,-5.95,Proper Value: -4 to 0.5 log mol/L,-25701.96,Vapor (Gas) Phase: log vp < 4; Vapor and Particulate Phase: 5 =< log vp < 8; Solid Phase: log vp > 8 ,449.3,MP<25: liquid; MP>25:solid,-167.62,,6.19,,780.51,1.35,374.26,12.0,22.0,0.0,False,False,False
COc1cc(O)c2c(=O)cc(-c3ccc(O)c(OC)c3OC)oc2c1OC,70,"5,4'-Dihidroxy-7,8,2',3'-tetramethoxyflavone","5,4'-Dihidroxy-7,8,2',3'-tetramethoxyflavone",Andrographis paniculata,Andrographis paniculata,13963777,13963777,C19H18O8,False,0.9682863,COc1cc(O)c2c(=O)cc(-c3ccc(O)c(OC)c3OC)oc2c1OC,-4.69,,Bioavailable,0.702,Bioavailable  (Medium Confidence),Absorbed,0.968,Absorbed  (High Confidence),-4.85,Proper Value:  > 2 x 10-6cm/s,Bioavailable,0.674,Bioavailable  (Medium Confidence),Inhibitor,0.999,Inhibitor  (High Confidence),Non-Substrate,0.206,Non-Substrate  (Medium Confidence),-1.34,Low Skin Permeability: log KP > -2.5,-3.51,- ,Non-Penetrable,0.202,Non-Penetrable  (Medium Confidence),1.34,,77.35,Proper Value: therapeutic index < 90 perc; Poor Value value > 90 perc,0.61,Low Value: < 0.71 L/kg (log VDss < -0.15); High Value > 2.81 L/kg (log VDss > 0.45).,Inhibitor,0.831,Inhibitor  (Medium Confidence),Non-Inhibitor,0.486,Non-Inhibitor  (Low Confidence),Substrate,0.625,Substrate  (Low Confidence),Inhibitor,0.753,Inhibitor  (Medium Confidence),Non-Substrate,0.315,Non-Substrate  (Medium Confidence),Inhibitor,0.586,Inhibitor  (Low Confidence),Substrate,0.999,Substrate  (High Confidence),Inhibitor,0.582,Inhibitor  (Low Confidence),Non-Substrate,0.388,Non-Substrate  (Low Confidence),Non-Inhibitor,0.368,Non-Inhibitor  (Low Confidence),Non-Substrate,0.013,Non-Substrate  (High Confidence),Non-Inhibitor,0.179,Non-Inhibitor  (Medium Confidence),Non-Inhibitor,0.094,Non-Inhibitor  (High Confidence),9.41,,Inhibitor,0.54,Inhibitor  (Low Confidence),Half-Life < 3hs,0.258,Half-Life < 3hs  (Medium Confidence),Safe,0.002,Safe  (High Confidence),Safe,0.075,Safe  (High Confidence),Toxic,0.7,Toxic  (Medium Confidence),1.79,,Safe,0.045,Safe  (High Confidence),Safe,0.121,Safe  (High Confidence),Toxic,0.862,Toxic  (High Confidence),Toxic,0.51,Toxic  (Low Confidence),Safe,0.0,Safe  (High Confidence),Toxic,0.562,Toxic  (Low Confidence),1.29,MTRD <= 0.477: Low<br/>&nbsp;&nbsp;<br/>&nbsp;&nbsp;MTRD > 0.477: High,Toxic,0.545,Toxic  (Low Confidence),Safe,0.185,Safe  (Medium Confidence),7.59,,Toxic,0.948,Toxic  (High Confidence),Toxic,0.819,Toxic  (Medium Confidence),Safe,0.071,Safe  (High Confidence),Safe,0.009,Safe  (High Confidence),Safe,0.007,Safe  (High Confidence),Safe,0.049,Safe  (High Confidence),Safe,0.002,Safe  (High Confidence),Safe,0.381,Safe  (Low Confidence),Safe,0.01,Safe  (High Confidence),Safe,0.055,Safe  (High Confidence),-2.19,PIGC50% > -0.5 log ug/L: toxic,2.32,,2.69,,5.11,LC50% < 0.5mM <br/>&nbsp;&nbsp;<br/>&nbsp;&nbsp; (log LC50% < -0.3) = <br/>&nbsp;&nbsp;<br/>&nbsp;&nbsp; High Acute Toxicity,Toxic,0.91,Toxic  (High Confidence),Safe,0.351,Safe  (Low Confidence),Toxic,0.812,Toxic  (Medium Confidence),Safe,0.214,Safe  (Medium Confidence),Safe,0.015,Safe  (High Confidence),Toxic,0.795,Toxic  (Medium Confidence),Toxic,0.579,Toxic  (Low Confidence),473.75,BP<25: gas,-8.4,,3.09,Proper Value: 1 to 3 log mol/L,2.94,Proper Value: 0 to 3 log mol/L,-5.26,Proper Value: -4 to 0.5 log mol/L,-7.97,Vapor (Gas) Phase: log vp < 4; Vapor and Particulate Phase: 5 =< log vp < 8; Solid Phase: log vp > 8 ,176.08,MP<25: liquid; MP>25:solid,8.17,,2.03,,374.35,2.91,107.59,2.0,8.0,5.0,False,False,False
C=C1CCC2C(C)(CO)C(O)CCC2(C)C1C=CC1=CC(C2(CCC3=CCOC3=O)C(=C)CCC3C(C)(CO)C(O)CCC32C)OC1=O,71,Bisandrographolide B,Bisandrographolide B,Andrographis paniculata,Andrographis paniculata,44575280,44575280,C40H56O8,False,0.96780616,C=C1CCC2C(C)(CO)C(O)CCC2(C)C1C=CC1=CC(C2(CCC3=CCOC3=O)C(=C)CCC3C(C)(CO)C(O)CCC32C)OC1=O,-5.07,,Bioavailable,0.505,Bioavailable  (Low Confidence),Absorbed,0.96,Absorbed  (High Confidence),-4.42,Proper Value:  > 2 x 10-6cm/s,Non-Bioavailable,0.391,Non-Bioavailable  (Low Confidence),Non-Inhibitor,0.005,Non-Inhibitor  (High Confidence),Substrate,0.636,Substrate  (Low Confidence),110.59,Low Skin Permeability: log KP > -2.5,-1.69,- ,Penetrable,0.987,Penetrable  (High Confidence),1.48,,22.34,Proper Value: therapeutic index < 90 perc; Poor Value value > 90 perc,0.93,Low Value: < 0.71 L/kg (log VDss < -0.15); High Value > 2.81 L/kg (log VDss > 0.45).,Non-Inhibitor,0.296,Non-Inhibitor  (Medium Confidence),Non-Inhibitor,0.009,Non-Inhibitor  (High Confidence),Non-Substrate,0.162,Non-Substrate  (High Confidence),Non-Inhibitor,0.0,Non-Inhibitor  (High Confidence),Non-Substrate,0.225,Non-Substrate  (Medium Confidence),Non-Inhibitor,0.191,Non-Inhibitor  (Medium Confidence),Non-Substrate,0.0,Non-Substrate  (High Confidence),Non-Inhibitor,0.0,Non-Inhibitor  (High Confidence),Non-Substrate,0.198,Non-Substrate  (Medium Confidence),Inhibitor,0.573,Inhibitor  (Low Confidence),Substrate,0.886,Substrate  (High Confidence),Inhibitor,0.736,Inhibitor  (Medium Confidence),Inhibitor,0.764,Inhibitor  (Medium Confidence),3.3,,Non-Inhibitor,0.008,Non-Inhibitor  (High Confidence),Half-Life < 3hs,0.128,Half-Life < 3hs  (High Confidence),Safe,0.022,Safe  (High Confidence),Safe,0.001,Safe  (High Confidence),Toxic,0.898,Toxic  (High Confidence),-1.32,,Safe,0.001,Safe  (High Confidence),Safe,0.248,Safe  (Medium Confidence),Safe,0.24,Safe  (Medium Confidence),Toxic,0.645,Toxic  (Low Confidence),Safe,0.0,Safe  (High Confidence),Safe,0.006,Safe  (High Confidence),-1.82,MTRD <= 0.477: Low<br/>&nbsp;&nbsp;<br/>&nbsp;&nbsp;MTRD > 0.477: High,Toxic,0.67,Toxic  (Medium Confidence),Safe,0.0,Safe  (High Confidence),7.1,,Safe,0.465,Safe  (Low Confidence),Safe,0.0,Safe  (High Confidence),Safe,0.296,Safe  (Medium Confidence),Safe,0.087,Safe  (High Confidence),Toxic,0.53,Toxic  (Low Confidence),Safe,0.071,Safe  (High Confidence),Safe,0.0,Safe  (High Confidence),Toxic,0.998,Toxic  (High Confidence),Safe,0.035,Safe  (High Confidence),Toxic,0.845,Toxic  (High Confidence),-206194.42,PIGC50% > -0.5 log ug/L: toxic,4.68,,2.3,,273.28,LC50% < 0.5mM <br/>&nbsp;&nbsp;<br/>&nbsp;&nbsp; (log LC50% < -0.3) = <br/>&nbsp;&nbsp;<br/>&nbsp;&nbsp; High Acute Toxicity,Toxic,1.0,Toxic  (High Confidence),Toxic,0.551,Toxic  (Low Confidence),Toxic,0.923,Toxic  (High Confidence),Safe,0.0,Safe  (High Confidence),Safe,0.301,Safe  (Medium Confidence),Toxic,0.938,Toxic  (High Confidence),Toxic,0.971,Toxic  (High Confidence),19908.34,BP<25: gas,-2.92,,3.68,Proper Value: 1 to 3 log mol/L,3.33,Proper Value: 0 to 3 log mol/L,-5.43,Proper Value: -4 to 0.5 log mol/L,-631.77,Vapor (Gas) Phase: log vp < 4; Vapor and Particulate Phase: 5 =< log vp < 8; Solid Phase: log vp > 8 ,255.54,MP<25: liquid; MP>25:solid,5.41,,5.77,,664.88,5.51,133.52,4.0,8.0,8.0,False,False,False
COc1cc(CCC(=O)O)ccc1O,72,Dihydroferulic acid,Dihydroferulic acid,Zingiber officinale,Zingiber officinale,14340,14340,C10H12O4,False,0.96748227,COc1cc(CCC(=O)O)ccc1O,-4.95,,Bioavailable,0.645,Bioavailable  (Low Confidence),Absorbed,0.992,Absorbed  (High Confidence),-4.5,Proper Value:  > 2 x 10-6cm/s,Non-Bioavailable,0.5,Non-Bioavailable  (Low Confidence),Non-Inhibitor,0.0,Non-Inhibitor  (High Confidence),Non-Substrate,0.061,Non-Substrate  (High Confidence),-2.66,Low Skin Permeability: log KP > -2.5,-2.95,- ,Non-Penetrable,0.283,Non-Penetrable  (Medium Confidence),0.8,,30.56,Proper Value: therapeutic index < 90 perc; Poor Value value > 90 perc,0.26,Low Value: < 0.71 L/kg (log VDss < -0.15); High Value > 2.81 L/kg (log VDss > 0.45).,Non-Inhibitor,0.091,Non-Inhibitor  (High Confidence),Non-Inhibitor,0.052,Non-Inhibitor  (High Confidence),Non-Substrate,0.196,Non-Substrate  (Medium Confidence),Non-Inhibitor,0.056,Non-Inhibitor  (High Confidence),Non-Substrate,0.347,Non-Substrate  (Low Confidence),Non-Inhibitor,0.013,Non-Inhibitor  (High Confidence),Substrate,0.996,Substrate  (High Confidence),Non-Inhibitor,0.0,Non-Inhibitor  (High Confidence),Non-Substrate,0.238,Non-Substrate  (Medium Confidence),Non-Inhibitor,0.003,Non-Inhibitor  (High Confidence),Non-Substrate,0.04,Non-Substrate  (High Confidence),Non-Inhibitor,0.053,Non-Inhibitor  (High Confidence),Non-Inhibitor,0.061,Non-Inhibitor  (High Confidence),10.96,,Non-Inhibitor,0.01,Non-Inhibitor  (High Confidence),Half-Life < 3hs,0.311,Half-Life < 3hs  (Medium Confidence),Safe,0.044,Safe  (High Confidence),Safe,0.064,Safe  (High Confidence),Safe,0.422,Safe  (Low Confidence),0.42,,Toxic,0.889,Toxic  (High Confidence),Safe,0.09,Safe  (High Confidence),Safe,0.016,Safe  (High Confidence),Toxic,0.509,Toxic  (Low Confidence),Safe,0.018,Safe  (High Confidence),Toxic,0.949,Toxic  (High Confidence),0.76,MTRD <= 0.477: Low<br/>&nbsp;&nbsp;<br/>&nbsp;&nbsp;MTRD > 0.477: High,Toxic,0.556,Toxic  (Low Confidence),Safe,0.017,Safe  (High Confidence),3.17,,Toxic,0.552,Toxic  (Low Confidence),Safe,0.02,Safe  (High Confidence),Safe,0.006,Safe  (High Confidence),Safe,0.007,Safe  (High Confidence),Safe,0.0,Safe  (High Confidence),Safe,0.045,Safe  (High Confidence),Safe,0.073,Safe  (High Confidence),Safe,0.025,Safe  (High Confidence),Safe,0.065,Safe  (High Confidence),Safe,0.011,Safe  (High Confidence),3.01,PIGC50% > -0.5 log ug/L: toxic,1.69,,2.46,,3.9,LC50% < 0.5mM <br/>&nbsp;&nbsp;<br/>&nbsp;&nbsp; (log LC50% < -0.3) = <br/>&nbsp;&nbsp;<br/>&nbsp;&nbsp; High Acute Toxicity,Safe,0.06,Safe  (High Confidence),Safe,0.484,Safe  (Low Confidence),Safe,0.004,Safe  (High Confidence),Safe,0.0,Safe  (High Confidence),Safe,0.051,Safe  (High Confidence),Safe,0.001,Safe  (High Confidence),Safe,0.0,Safe  (High Confidence),299.77,BP<25: gas,-9.96,,-0.95,Proper Value: 1 to 3 log mol/L,0.85,Proper Value: 0 to 3 log mol/L,-1.76,Proper Value: -4 to 0.5 log mol/L,-6.15,Vapor (Gas) Phase: log vp < 4; Vapor and Particulate Phase: 5 =< log vp < 8; Solid Phase: log vp > 8 ,127.35,MP<25: liquid; MP>25:solid,5.66,,4.69,,196.2,1.42,66.76,2.0,3.0,4.0,False,False,False
COc1ccccc1-c1cc(=O)c2c(OC3OC(CO)C(O)C(O)C3O)cc(OC)c(OC)c2o1,73,"5-Hydroxy-7,8,2'-trimethoxyflavone 5-glucoside","5-Hydroxy-7,8,2'-trimethoxyflavone 5-glucoside",Andrographis paniculata,Andrographis paniculata,5318498,5318498,C24H26O11,False,0.9661018,COc1ccccc1-c1cc(=O)c2c(OC3OC(CO)C(O)C(O)C3O)cc(OC)c(OC)c2o1,-6.22,,Bioavailable,0.735,Bioavailable  (Medium Confidence),Absorbed,0.576,Absorbed  (Low Confidence),-4.79,Proper Value:  > 2 x 10-6cm/s,Non-Bioavailable,0.334,Non-Bioavailable  (Low Confidence),Non-Inhibitor,0.068,Non-Inhibitor  (High Confidence),Substrate,0.527,Substrate  (Low Confidence),-0.52,Low Skin Permeability: log KP > -2.5,-4.15,- ,Non-Penetrable,0.018,Non-Penetrable  (High Confidence),1.14,,31.42,Proper Value: therapeutic index < 90 perc; Poor Value value > 90 perc,0.82,Low Value: < 0.71 L/kg (log VDss < -0.15); High Value > 2.81 L/kg (log VDss > 0.45).,Non-Inhibitor,0.335,Non-Inhibitor  (Low Confidence),Non-Inhibitor,0.201,Non-Inhibitor  (Medium Confidence),Non-Substrate,0.061,Non-Substrate  (High Confidence),Non-Inhibitor,0.006,Non-Inhibitor  (High Confidence),Non-Substrate,0.255,Non-Substrate  (Medium Confidence),Non-Inhibitor,0.073,Non-Inhibitor  (High Confidence),Non-Substrate,0.035,Non-Substrate  (High Confidence),Non-Inhibitor,0.007,Non-Inhibitor  (High Confidence),Non-Substrate,0.242,Non-Substrate  (Medium Confidence),Non-Inhibitor,0.198,Non-Inhibitor  (Medium Confidence),Non-Substrate,0.326,Non-Substrate  (Medium Confidence),Non-Inhibitor,0.184,Non-Inhibitor  (Medium Confidence),Non-Inhibitor,0.226,Non-Inhibitor  (Medium Confidence),2.82,,Non-Inhibitor,0.08,Non-Inhibitor  (High Confidence),Half-Life < 3hs,0.322,Half-Life < 3hs  (Medium Confidence),Safe,0.475,Safe  (Low Confidence),Safe,0.006,Safe  (High Confidence),Toxic,0.675,Toxic  (Medium Confidence),0.21,,Safe,0.195,Safe  (Medium Confidence),Safe,0.015,Safe  (High Confidence),Safe,0.464,Safe  (Low Confidence),Safe,0.299,Safe  (Medium Confidence),Safe,0.0,Safe  (High Confidence),Safe,0.018,Safe  (High Confidence),0.85,MTRD <= 0.477: Low<br/>&nbsp;&nbsp;<br/>&nbsp;&nbsp;MTRD > 0.477: High,Toxic,0.68,Toxic  (Medium Confidence),Safe,0.002,Safe  (High Confidence),5.76,,Toxic,0.974,Toxic  (High Confidence),Toxic,0.594,Toxic  (Low Confidence),Safe,0.261,Safe  (Medium Confidence),Safe,0.005,Safe  (High Confidence),Safe,0.0,Safe  (High Confidence),Safe,0.031,Safe  (High Confidence),Safe,0.0,Safe  (High Confidence),Safe,0.383,Safe  (Low Confidence),Safe,0.001,Safe  (High Confidence),Safe,0.001,Safe  (High Confidence),-383.25,PIGC50% > -0.5 log ug/L: toxic,2.57,,3.83,,5.0,LC50% < 0.5mM <br/>&nbsp;&nbsp;<br/>&nbsp;&nbsp; (log LC50% < -0.3) = <br/>&nbsp;&nbsp;<br/>&nbsp;&nbsp; High Acute Toxicity,Safe,0.194,Safe  (Medium Confidence),Safe,0.227,Safe  (Medium Confidence),Toxic,0.63,Toxic  (Low Confidence),Safe,0.102,Safe  (High Confidence),Safe,0.001,Safe  (High Confidence),Safe,0.013,Safe  (High Confidence),Safe,0.018,Safe  (High Confidence),525.27,BP<25: gas,-3.04,,1.3,Proper Value: 1 to 3 log mol/L,0.52,Proper Value: 0 to 3 log mol/L,-3.98,Proper Value: -4 to 0.5 log mol/L,-9.91,Vapor (Gas) Phase: log vp < 4; Vapor and Particulate Phase: 5 =< log vp < 8; Solid Phase: log vp > 8 ,190.94,MP<25: liquid; MP>25:solid,7.02,,1.53,,490.46,0.66,157.28,4.0,11.0,7.0,False,False,False
CC(C)(COP(=O)(O)OP(=O)(O)OCC1OC(n2cnc3c(N)ncnc32)C(O)C1OP(=O)(O)O)C(O)C(=O)NCCC(=O)NCCSC(=O)C=Cc1ccc(O)cc1,74,p-Coumaroyl CoA,p-Coumaroyl CoA,Melissa officinalis,Melissa officinalis | Zingiber officinale,6440013,6440013,C30H42N7O18P3S,False,0.9647104,CC(C)(COP(=O)(O)OP(=O)(O)OCC1OC(n2cnc3c(N)ncnc32)C(O)C1OP(=O)(O)O)C(O)C(=O)NCCC(=O)NCCSC(=O)C=Cc1ccc(O)cc1,-5.54,,Non-Bioavailable,0.001,Non-Bioavailable  (High Confidence),Absorbed,0.987,Absorbed  (High Confidence),45.69,Proper Value:  > 2 x 10-6cm/s,Non-Bioavailable,0.001,Non-Bioavailable  (High Confidence),Non-Inhibitor,0.0,Non-Inhibitor  (High Confidence),Non-Substrate,0.019,Non-Substrate  (High Confidence),6811.57,Low Skin Permeability: log KP > -2.5,-3.56,- ,Non-Penetrable,0.0,Non-Penetrable  (High Confidence),1.6,,22.24,Proper Value: therapeutic index < 90 perc; Poor Value value > 90 perc,0.97,Low Value: < 0.71 L/kg (log VDss < -0.15); High Value > 2.81 L/kg (log VDss > 0.45).,Non-Inhibitor,0.0,Non-Inhibitor  (High Confidence),Non-Inhibitor,0.031,Non-Inhibitor  (High Confidence),Non-Substrate,0.0,Non-Substrate  (High Confidence),Non-Inhibitor,0.0,Non-Inhibitor  (High Confidence),Substrate,0.525,Substrate  (Low Confidence),Non-Inhibitor,0.156,Non-Inhibitor  (High Confidence),Non-Substrate,0.0,Non-Substrate  (High Confidence),Non-Inhibitor,0.001,Non-Inhibitor  (High Confidence),Non-Substrate,0.0,Non-Substrate  (High Confidence),Inhibitor,0.871,Inhibitor  (High Confidence),Non-Substrate,0.0,Non-Substrate  (High Confidence),Inhibitor,0.985,Inhibitor  (High Confidence),Non-Inhibitor,0.037,Non-Inhibitor  (High Confidence),2.55,,Non-Inhibitor,0.0,Non-Inhibitor  (High Confidence),Half-Life >= 3hs,0.982,Half-Life >= 3hs  (High Confidence),Safe,0.0,Safe  (High Confidence),Toxic,0.607,Toxic  (Low Confidence),Toxic,0.699,Toxic  (Medium Confidence),-161.18,,Safe,0.348,Safe  (Low Confidence),Safe,0.128,Safe  (High Confidence),Safe,0.383,Safe  (Low Confidence),Safe,0.228,Safe  (Medium Confidence),Safe,0.0,Safe  (High Confidence),Safe,0.002,Safe  (High Confidence),-0.34,MTRD <= 0.477: Low<br/>&nbsp;&nbsp;<br/>&nbsp;&nbsp;MTRD > 0.477: High,Safe,0.411,Safe  (Low Confidence),Safe,0.0,Safe  (High Confidence),9.39,,Toxic,1.0,Toxic  (High Confidence),Safe,0.0,Safe  (High Confidence),Safe,0.045,Safe  (High Confidence),Safe,0.0,Safe  (High Confidence),Safe,0.0,Safe  (High Confidence),Safe,0.086,Safe  (High Confidence),Safe,0.002,Safe  (High Confidence),Safe,0.001,Safe  (High Confidence),Safe,0.0,Safe  (High Confidence),Safe,0.008,Safe  (High Confidence),-12361868.9,PIGC50% > -0.5 log ug/L: toxic,2.17,,1.34,,15609.37,LC50% < 0.5mM <br/>&nbsp;&nbsp;<br/>&nbsp;&nbsp; (log LC50% < -0.3) = <br/>&nbsp;&nbsp;<br/>&nbsp;&nbsp; High Acute Toxicity,Toxic,1.0,Toxic  (High Confidence),Safe,0.196,Safe  (Medium Confidence),Safe,0.0,Safe  (High Confidence),Safe,0.0,Safe  (High Confidence),Safe,0.0,Safe  (High Confidence),Safe,0.0,Safe  (High Confidence),Safe,0.0,Safe  (High Confidence),1379829.72,BP<25: gas,-2.92,,-20.25,Proper Value: 1 to 3 log mol/L,-2.29,Proper Value: 0 to 3 log mol/L,-1.17,Proper Value: -4 to 0.5 log mol/L,-45491.73,Vapor (Gas) Phase: log vp < 4; Vapor and Particulate Phase: 5 =< log vp < 8; Solid Phase: log vp > 8 ,297.59,MP<25: liquid; MP>25:solid,-293.07,,3.13,,913.69,0.08,383.86,10.0,19.0,21.0,False,False,False
CCCCCC(O)CC(CCc1ccc(O)c(OC)c1)OC(C)=O,75,[6]-Gingerdiol 3-acetate,[6]-Gingerdiol 3-acetate,Zingiber officinale,Zingiber officinale,131752857,131752857,C19H30O5,False,0.9646237,CCCCCC(O)CC(CCc1ccc(O)c(OC)c1)OC(C)=O,-4.73,,Non-Bioavailable,0.456,Non-Bioavailable  (Low Confidence),Absorbed,0.965,Absorbed  (High Confidence),-4.44,Proper Value:  > 2 x 10-6cm/s,Non-Bioavailable,0.394,Non-Bioavailable  (Low Confidence),Inhibitor,0.994,Inhibitor  (High Confidence),Non-Substrate,0.356,Non-Substrate  (Low Confidence),-3.02,Low Skin Permeability: log KP > -2.5,-2.37,- ,Non-Penetrable,0.07,Non-Penetrable  (High Confidence),0.67,,11.13,Proper Value: therapeutic index < 90 perc; Poor Value value > 90 perc,1.98,Low Value: < 0.71 L/kg (log VDss < -0.15); High Value > 2.81 L/kg (log VDss > 0.45).,Non-Inhibitor,0.132,Non-Inhibitor  (High Confidence),Inhibitor,0.81,Inhibitor  (Medium Confidence),Non-Substrate,0.456,Non-Substrate  (Low Confidence),Inhibitor,0.519,Inhibitor  (Low Confidence),Substrate,0.522,Substrate  (Low Confidence),Non-Inhibitor,0.497,Non-Inhibitor  (Low Confidence),Substrate,0.781,Substrate  (Medium Confidence),Non-Inhibitor,0.138,Non-Inhibitor  (High Confidence),Non-Substrate,0.496,Non-Substrate  (Low Confidence),Inhibitor,0.629,Inhibitor  (Low Confidence),Non-Substrate,0.272,Non-Substrate  (Medium Confidence),Non-Inhibitor,0.265,Non-Inhibitor  (Medium Confidence),Non-Inhibitor,0.116,Non-Inhibitor  (High Confidence),10.78,,Non-Inhibitor,0.283,Non-Inhibitor  (Medium Confidence),Half-Life < 3hs,0.391,Half-Life < 3hs  (Low Confidence),Safe,0.03,Safe  (High Confidence),Safe,0.032,Safe  (High Confidence),Toxic,0.696,Toxic  (Medium Confidence),0.91,,Safe,0.488,Safe  (Low Confidence),Toxic,0.772,Toxic  (Medium Confidence),Safe,0.194,Safe  (Medium Confidence),Safe,0.224,Safe  (Medium Confidence),Safe,0.0,Safe  (High Confidence),Safe,0.069,Safe  (High Confidence),-0.58,MTRD <= 0.477: Low<br/>&nbsp;&nbsp;<br/>&nbsp;&nbsp;MTRD > 0.477: High,Safe,0.465,Safe  (Low Confidence),Safe,0.068,Safe  (High Confidence),5.91,,Safe,0.321,Safe  (Medium Confidence),Safe,0.066,Safe  (High Confidence),Safe,0.05,Safe  (High Confidence),Safe,0.001,Safe  (High Confidence),Toxic,0.518,Toxic  (Low Confidence),Safe,0.043,Safe  (High Confidence),Safe,0.005,Safe  (High Confidence),Toxic,0.556,Toxic  (Low Confidence),Safe,0.027,Safe  (High Confidence),Safe,0.185,Safe  (Medium Confidence),3.02,PIGC50% > -0.5 log ug/L: toxic,1.86,,2.19,,4.03,LC50% < 0.5mM <br/>&nbsp;&nbsp;<br/>&nbsp;&nbsp; (log LC50% < -0.3) = <br/>&nbsp;&nbsp;<br/>&nbsp;&nbsp; High Acute Toxicity,Toxic,0.772,Toxic  (Medium Confidence),Safe,0.491,Safe  (Low Confidence),Safe,0.048,Safe  (High Confidence),Safe,0.002,Safe  (High Confidence),Safe,0.165,Safe  (High Confidence),Toxic,0.527,Toxic  (Low Confidence),Safe,0.005,Safe  (High Confidence),366.55,BP<25: gas,-8.38,,2.78,Proper Value: 1 to 3 log mol/L,3.42,Proper Value: 0 to 3 log mol/L,-3.31,Proper Value: -4 to 0.5 log mol/L,-6.47,Vapor (Gas) Phase: log vp < 4; Vapor and Particulate Phase: 5 =< log vp < 8; Solid Phase: log vp > 8 ,35.16,MP<25: liquid; MP>25:solid,8.96,,5.4,,338.44,3.6,75.99,2.0,5.0,11.0,False,False,False
CCCCCC(CC(O)CCc1ccc(O)c(OC)c1)OC(C)=O,76,[6]-Gingerdiol 5-acetate,[6]-Gingerdiol 5-acetate,Zingiber officinale,Zingiber officinale,101419545,101419545,C19H30O5,False,0.9646237,CCCCCC(CC(O)CCc1ccc(O)c(OC)c1)OC(C)=O,-4.78,,Non-Bioavailable,0.456,Non-Bioavailable  (Low Confidence),Absorbed,0.956,Absorbed  (High Confidence),-4.49,Proper Value:  > 2 x 10-6cm/s,Non-Bioavailable,0.426,Non-Bioavailable  (Low Confidence),Inhibitor,0.989,Inhibitor  (High Confidence),Non-Substrate,0.368,Non-Substrate  (Low Confidence),-3.07,Low Skin Permeability: log KP > -2.5,-2.33,- ,Non-Penetrable,0.07,Non-Penetrable  (High Confidence),0.61,,9.22,Proper Value: therapeutic index < 90 perc; Poor Value value > 90 perc,2.12,Low Value: < 0.71 L/kg (log VDss < -0.15); High Value > 2.81 L/kg (log VDss > 0.45).,Non-Inhibitor,0.138,Non-Inhibitor  (High Confidence),Inhibitor,0.82,Inhibitor  (Medium Confidence),Non-Substrate,0.467,Non-Substrate  (Low Confidence),Non-Inhibitor,0.408,Non-Inhibitor  (Low Confidence),Substrate,0.523,Substrate  (Low Confidence),Non-Inhibitor,0.216,Non-Inhibitor  (Medium Confidence),Substrate,0.77,Substrate  (Medium Confidence),Non-Inhibitor,0.199,Non-Inhibitor  (Medium Confidence),Non-Substrate,0.474,Non-Substrate  (Low Confidence),Inhibitor,0.623,Inhibitor  (Low Confidence),Non-Substrate,0.233,Non-Substrate  (Medium Confidence),Non-Inhibitor,0.271,Non-Inhibitor  (Medium Confidence),Non-Inhibitor,0.116,Non-Inhibitor  (High Confidence),10.39,,Non-Inhibitor,0.31,Non-Inhibitor  (Medium Confidence),Half-Life < 3hs,0.409,Half-Life < 3hs  (Low Confidence),Safe,0.025,Safe  (High Confidence),Safe,0.029,Safe  (High Confidence),Toxic,0.714,Toxic  (Medium Confidence),0.83,,Toxic,0.504,Toxic  (Low Confidence),Toxic,0.716,Toxic  (Medium Confidence),Safe,0.169,Safe  (Medium Confidence),Safe,0.217,Safe  (Medium Confidence),Safe,0.0,Safe  (High Confidence),Safe,0.082,Safe  (High Confidence),-0.82,MTRD <= 0.477: Low<br/>&nbsp;&nbsp;<br/>&nbsp;&nbsp;MTRD > 0.477: High,Safe,0.469,Safe  (Low Confidence),Safe,0.085,Safe  (High Confidence),5.91,,Safe,0.326,Safe  (Medium Confidence),Safe,0.068,Safe  (High Confidence),Safe,0.053,Safe  (High Confidence),Safe,0.001,Safe  (High Confidence),Safe,0.414,Safe  (Low Confidence),Safe,0.047,Safe  (High Confidence),Safe,0.006,Safe  (High Confidence),Toxic,0.552,Toxic  (Low Confidence),Safe,0.025,Safe  (High Confidence),Safe,0.182,Safe  (Medium Confidence),3.17,PIGC50% > -0.5 log ug/L: toxic,1.83,,2.16,,4.03,LC50% < 0.5mM <br/>&nbsp;&nbsp;<br/>&nbsp;&nbsp; (log LC50% < -0.3) = <br/>&nbsp;&nbsp;<br/>&nbsp;&nbsp; High Acute Toxicity,Toxic,0.85,Toxic  (High Confidence),Safe,0.462,Safe  (Low Confidence),Safe,0.031,Safe  (High Confidence),Safe,0.003,Safe  (High Confidence),Safe,0.15,Safe  (High Confidence),Toxic,0.544,Toxic  (Low Confidence),Safe,0.004,Safe  (High Confidence),365.88,BP<25: gas,-8.09,,2.88,Proper Value: 1 to 3 log mol/L,3.33,Proper Value: 0 to 3 log mol/L,-3.36,Proper Value: -4 to 0.5 log mol/L,-6.41,Vapor (Gas) Phase: log vp < 4; Vapor and Particulate Phase: 5 =< log vp < 8; Solid Phase: log vp > 8 ,38.84,MP<25: liquid; MP>25:solid,8.95,,5.47,,338.44,3.6,75.99,2.0,5.0,11.0,False,False,False
O=C(O)CCCCCCCCCCC1CCCC1,77,Cyclopentaneundecanoic acid,Cyclopentaneundecanoic acid,Zingiber officinale,Zingiber officinale,534549,534549,C16H30O2,False,0.96381044,O=C(O)CCCCCCCCCCC1CCCC1,-4.97,,Non-Bioavailable,0.303,Non-Bioavailable  (Medium Confidence),Absorbed,0.926,Absorbed  (High Confidence),-3.86,Proper Value:  > 2 x 10-6cm/s,Non-Bioavailable,0.419,Non-Bioavailable  (Low Confidence),Non-Inhibitor,0.0,Non-Inhibitor  (High Confidence),Non-Substrate,0.239,Non-Substrate  (Medium Confidence),-3.23,Low Skin Permeability: log KP > -2.5,-1.89,- ,Penetrable,0.775,Penetrable  (Medium Confidence),1.3,,45.91,Proper Value: therapeutic index < 90 perc; Poor Value value > 90 perc,0.63,Low Value: < 0.71 L/kg (log VDss < -0.15); High Value > 2.81 L/kg (log VDss > 0.45).,Non-Inhibitor,0.482,Non-Inhibitor  (Low Confidence),Inhibitor,0.59,Inhibitor  (Low Confidence),Non-Substrate,0.159,Non-Substrate  (High Confidence),Non-Inhibitor,0.03,Non-Inhibitor  (High Confidence),Non-Substrate,0.36,Non-Substrate  (Low Confidence),Non-Inhibitor,0.053,Non-Inhibitor  (High Confidence),Non-Substrate,0.314,Non-Substrate  (Medium Confidence),Non-Inhibitor,0.001,Non-Inhibitor  (High Confidence),Non-Substrate,0.428,Non-Substrate  (Low Confidence),Non-Inhibitor,0.03,Non-Inhibitor  (High Confidence),Non-Substrate,0.004,Non-Substrate  (High Confidence),Non-Inhibitor,0.013,Non-Inhibitor  (High Confidence),Non-Inhibitor,0.137,Non-Inhibitor  (High Confidence),3.39,,Non-Inhibitor,0.127,Non-Inhibitor  (High Confidence),Half-Life >= 3hs,0.543,Half-Life >= 3hs  (Low Confidence),Safe,0.0,Safe  (High Confidence),Safe,0.009,Safe  (High Confidence),Toxic,0.729,Toxic  (Medium Confidence),1.29,,Toxic,0.83,Toxic  (Medium Confidence),Safe,0.087,Safe  (High Confidence),Toxic,0.983,Toxic  (High Confidence),Safe,0.368,Safe  (Low Confidence),Safe,0.344,Safe  (Low Confidence),Toxic,0.975,Toxic  (High Confidence),1.05,MTRD <= 0.477: Low<br/>&nbsp;&nbsp;<br/>&nbsp;&nbsp;MTRD > 0.477: High,Safe,0.42,Safe  (Low Confidence),Safe,0.047,Safe  (High Confidence),2.97,,Safe,0.0,Safe  (High Confidence),Safe,0.001,Safe  (High Confidence),Safe,0.051,Safe  (High Confidence),Safe,0.001,Safe  (High Confidence),Safe,0.0,Safe  (High Confidence),Safe,0.076,Safe  (High Confidence),Safe,0.027,Safe  (High Confidence),Safe,0.066,Safe  (High Confidence),Safe,0.042,Safe  (High Confidence),Safe,0.021,Safe  (High Confidence),5.45,PIGC50% > -0.5 log ug/L: toxic,1.66,,2.36,,3.92,LC50% < 0.5mM <br/>&nbsp;&nbsp;<br/>&nbsp;&nbsp; (log LC50% < -0.3) = <br/>&nbsp;&nbsp;<br/>&nbsp;&nbsp; High Acute Toxicity,Safe,0.469,Safe  (Low Confidence),Toxic,0.716,Toxic  (Medium Confidence),Safe,0.014,Safe  (High Confidence),Safe,0.0,Safe  (High Confidence),Safe,0.111,Safe  (High Confidence),Safe,0.078,Safe  (High Confidence),Safe,0.0,Safe  (High Confidence),340.74,BP<25: gas,-1.25,,3.39,Proper Value: 1 to 3 log mol/L,6.29,Proper Value: 0 to 3 log mol/L,-5.04,Proper Value: -4 to 0.5 log mol/L,-5.54,Vapor (Gas) Phase: log vp < 4; Vapor and Particulate Phase: 5 =< log vp < 8; Solid Phase: log vp > 8 ,59.83,MP<25: liquid; MP>25:solid,5.75,,6.98,,254.41,5.16,37.3,1.0,1.0,11.0,False,False,False
C=C1CCC2C(C)(COC3OC(CO)C(O)C(O)C3O)C(O)CCC2(C)C1CC=C1C(=O)OCC1O,78,Andrographiside,Andrographiside,Andrographis paniculata,Andrographis paniculata,44593583,44593583,C26H40O10,False,0.9636803,C=C1CCC2C(C)(COC3OC(CO)C(O)C(O)C3O)C(O)CCC2(C)C1CC=C1C(=O)OCC1O,-6.08,,Bioavailable,0.612,Bioavailable  (Low Confidence),Absorbed,0.814,Absorbed  (Medium Confidence),-5.2,Proper Value:  > 2 x 10-6cm/s,Non-Bioavailable,0.258,Non-Bioavailable  (Medium Confidence),Non-Inhibitor,0.051,Non-Inhibitor  (High Confidence),Non-Substrate,0.422,Non-Substrate  (Low Confidence),-1.39,Low Skin Permeability: log KP > -2.5,-3.59,- ,Non-Penetrable,0.039,Non-Penetrable  (High Confidence),0.96,,7.02,Proper Value: therapeutic index < 90 perc; Poor Value value > 90 perc,0.36,Low Value: < 0.71 L/kg (log VDss < -0.15); High Value > 2.81 L/kg (log VDss > 0.45).,Non-Inhibitor,0.023,Non-Inhibitor  (High Confidence),Non-Inhibitor,0.428,Non-Inhibitor  (Low Confidence),Non-Substrate,0.013,Non-Substrate  (High Confidence),Non-Inhibitor,0.015,Non-Inhibitor  (High Confidence),Non-Substrate,0.311,Non-Substrate  (Medium Confidence),Non-Inhibitor,0.011,Non-Inhibitor  (High Confidence),Non-Substrate,0.0,Non-Substrate  (High Confidence),Non-Inhibitor,0.0,Non-Inhibitor  (High Confidence),Non-Substrate,0.175,Non-Substrate  (Medium Confidence),Non-Inhibitor,0.132,Non-Inhibitor  (High Confidence),Substrate,0.763,Substrate  (Medium Confidence),Non-Inhibitor,0.353,Non-Inhibitor  (Low Confidence),Non-Inhibitor,0.277,Non-Inhibitor  (Medium Confidence),2.56,,Non-Inhibitor,0.007,Non-Inhibitor  (High Confidence),Half-Life < 3hs,0.322,Half-Life < 3hs  (Medium Confidence),Toxic,0.637,Toxic  (Low Confidence),Safe,0.0,Safe  (High Confidence),Toxic,0.732,Toxic  (Medium Confidence),-2.48,,Safe,0.204,Safe  (Medium Confidence),Safe,0.034,Safe  (High Confidence),Safe,0.001,Safe  (High Confidence),Safe,0.487,Safe  (Low Confidence),Safe,0.0,Safe  (High Confidence),Safe,0.004,Safe  (High Confidence),-1.28,MTRD <= 0.477: Low<br/>&nbsp;&nbsp;<br/>&nbsp;&nbsp;MTRD > 0.477: High,Toxic,0.506,Toxic  (Low Confidence),Safe,0.0,Safe  (High Confidence),5.51,,Safe,0.496,Safe  (Low Confidence),Safe,0.0,Safe  (High Confidence),Safe,0.121,Safe  (High Confidence),Safe,0.004,Safe  (High Confidence),Toxic,0.777,Toxic  (Medium Confidence),Safe,0.056,Safe  (High Confidence),Safe,0.004,Safe  (High Confidence),Safe,0.31,Safe  (Medium Confidence),Safe,0.002,Safe  (High Confidence),Safe,0.003,Safe  (High Confidence),-454.84,PIGC50% > -0.5 log ug/L: toxic,3.81,,3.45,,3.5,LC50% < 0.5mM <br/>&nbsp;&nbsp;<br/>&nbsp;&nbsp; (log LC50% < -0.3) = <br/>&nbsp;&nbsp;<br/>&nbsp;&nbsp; High Acute Toxicity,Toxic,0.821,Toxic  (Medium Confidence),Toxic,0.508,Toxic  (Low Confidence),Safe,0.018,Safe  (High Confidence),Safe,0.0,Safe  (High Confidence),Safe,0.016,Safe  (High Confidence),Safe,0.42,Safe  (Low Confidence),Safe,0.0,Safe  (High Confidence),527.81,BP<25: gas,-3.09,,1.7,Proper Value: 1 to 3 log mol/L,-0.24,Proper Value: 0 to 3 log mol/L,-2.27,Proper Value: -4 to 0.5 log mol/L,-12.9,Vapor (Gas) Phase: log vp < 4; Vapor and Particulate Phase: 5 =< log vp < 8; Solid Phase: log vp > 8 ,190.41,MP<25: liquid; MP>25:solid,5.29,,6.54,,512.6,-0.21,166.14,6.0,10.0,6.0,False,False,False
C=C1CCC2C(C)(CO)C(OC3OC(CO)C(O)C(O)C3O)CCC2(C)C1CC=C1C(=O)OCC1O,79,3-O-beta-D-Glucopyranosylandrographolide,3-O-beta-D-Glucopyranosylandrographolide,Andrographis paniculata,Andrographis paniculata,11519131,11519131,C26H40O10,False,0.9636803,C=C1CCC2C(C)(CO)C(OC3OC(CO)C(O)C(O)C3O)CCC2(C)C1CC=C1C(=O)OCC1O,-6.05,,Bioavailable,0.617,Bioavailable  (Low Confidence),Absorbed,0.827,Absorbed  (Medium Confidence),-5.2,Proper Value:  > 2 x 10-6cm/s,Non-Bioavailable,0.262,Non-Bioavailable  (Medium Confidence),Non-Inhibitor,0.062,Non-Inhibitor  (High Confidence),Non-Substrate,0.431,Non-Substrate  (Low Confidence),-1.37,Low Skin Permeability: log KP > -2.5,-3.55,- ,Non-Penetrable,0.052,Non-Penetrable  (High Confidence),0.96,,6.82,Proper Value: therapeutic index < 90 perc; Poor Value value > 90 perc,0.37,Low Value: < 0.71 L/kg (log VDss < -0.15); High Value > 2.81 L/kg (log VDss > 0.45).,Non-Inhibitor,0.021,Non-Inhibitor  (High Confidence),Non-Inhibitor,0.453,Non-Inhibitor  (Low Confidence),Non-Substrate,0.014,Non-Substrate  (High Confidence),Non-Inhibitor,0.014,Non-Inhibitor  (High Confidence),Non-Substrate,0.298,Non-Substrate  (Medium Confidence),Non-Inhibitor,0.006,Non-Inhibitor  (High Confidence),Non-Substrate,0.0,Non-Substrate  (High Confidence),Non-Inhibitor,0.0,Non-Inhibitor  (High Confidence),Non-Substrate,0.19,Non-Substrate  (Medium Confidence),Non-Inhibitor,0.114,Non-Inhibitor  (High Confidence),Substrate,0.773,Substrate  (Medium Confidence),Non-Inhibitor,0.364,Non-Inhibitor  (Low Confidence),Non-Inhibitor,0.293,Non-Inhibitor  (Medium Confidence),2.77,,Non-Inhibitor,0.006,Non-Inhibitor  (High Confidence),Half-Life < 3hs,0.303,Half-Life < 3hs  (Medium Confidence),Toxic,0.655,Toxic  (Low Confidence),Safe,0.0,Safe  (High Confidence),Toxic,0.767,Toxic  (Medium Confidence),-2.48,,Safe,0.158,Safe  (High Confidence),Safe,0.044,Safe  (High Confidence),Safe,0.001,Safe  (High Confidence),Toxic,0.5,Toxic  (Low Confidence),Safe,0.0,Safe  (High Confidence),Safe,0.004,Safe  (High Confidence),-1.25,MTRD <= 0.477: Low<br/>&nbsp;&nbsp;<br/>&nbsp;&nbsp;MTRD > 0.477: High,Toxic,0.509,Toxic  (Low Confidence),Safe,0.0,Safe  (High Confidence),5.65,,Toxic,0.517,Toxic  (Low Confidence),Safe,0.0,Safe  (High Confidence),Safe,0.124,Safe  (High Confidence),Safe,0.004,Safe  (High Confidence),Toxic,0.846,Toxic  (High Confidence),Safe,0.052,Safe  (High Confidence),Safe,0.004,Safe  (High Confidence),Safe,0.38,Safe  (Low Confidence),Safe,0.003,Safe  (High Confidence),Safe,0.002,Safe  (High Confidence),-471.53,PIGC50% > -0.5 log ug/L: toxic,3.84,,3.49,,3.5,LC50% < 0.5mM <br/>&nbsp;&nbsp;<br/>&nbsp;&nbsp; (log LC50% < -0.3) = <br/>&nbsp;&nbsp;<br/>&nbsp;&nbsp; High Acute Toxicity,Toxic,0.825,Toxic  (Medium Confidence),Toxic,0.502,Toxic  (Low Confidence),Safe,0.022,Safe  (High Confidence),Safe,0.0,Safe  (High Confidence),Safe,0.017,Safe  (High Confidence),Toxic,0.539,Toxic  (Low Confidence),Safe,0.0,Safe  (High Confidence),524.72,BP<25: gas,-3.09,,1.84,Proper Value: 1 to 3 log mol/L,-0.2,Proper Value: 0 to 3 log mol/L,-2.36,Proper Value: -4 to 0.5 log mol/L,-12.79,Vapor (Gas) Phase: log vp < 4; Vapor and Particulate Phase: 5 =< log vp < 8; Solid Phase: log vp > 8 ,189.75,MP<25: liquid; MP>25:solid,5.51,,6.59,,512.6,-0.21,166.14,6.0,10.0,6.0,False,False,False
COc1cc(CC2COC(=O)C2Cc2ccc(OC3OC(CO)C(O)C(O)C3O)c(OC)c2)ccc1O,80,Matairesinoside,Matairesinoside,Forsythia suspensa,Forsythia suspensa,486612,486612,C26H32O11,False,0.96329576,COc1cc(CC2COC(=O)C2Cc2ccc(OC3OC(CO)C(O)C(O)C3O)c(OC)c2)ccc1O,-6.39,,Non-Bioavailable,0.434,Non-Bioavailable  (Low Confidence),Absorbed,0.639,Absorbed  (Low Confidence),-5.02,Proper Value:  > 2 x 10-6cm/s,Non-Bioavailable,0.309,Non-Bioavailable  (Medium Confidence),Inhibitor,0.757,Inhibitor  (Medium Confidence),Substrate,0.611,Substrate  (Low Confidence),-0.83,Low Skin Permeability: log KP > -2.5,-4.13,- ,Non-Penetrable,0.0,Non-Penetrable  (High Confidence),1.0,,8.99,Proper Value: therapeutic index < 90 perc; Poor Value value > 90 perc,0.5,Low Value: < 0.71 L/kg (log VDss < -0.15); High Value > 2.81 L/kg (log VDss > 0.45).,Non-Inhibitor,0.111,Non-Inhibitor  (High Confidence),Non-Inhibitor,0.073,Non-Inhibitor  (High Confidence),Non-Substrate,0.068,Non-Substrate  (High Confidence),Non-Inhibitor,0.017,Non-Inhibitor  (High Confidence),Non-Substrate,0.208,Non-Substrate  (Medium Confidence),Non-Inhibitor,0.209,Non-Inhibitor  (Medium Confidence),Non-Substrate,0.01,Non-Substrate  (High Confidence),Non-Inhibitor,0.037,Non-Inhibitor  (High Confidence),Non-Substrate,0.222,Non-Substrate  (Medium Confidence),Inhibitor,0.511,Inhibitor  (Low Confidence),Substrate,0.871,Substrate  (High Confidence),Non-Inhibitor,0.434,Non-Inhibitor  (Low Confidence),Non-Inhibitor,0.374,Non-Inhibitor  (Low Confidence),6.4,,Non-Inhibitor,0.137,Non-Inhibitor  (High Confidence),Half-Life < 3hs,0.351,Half-Life < 3hs  (Low Confidence),Safe,0.125,Safe  (High Confidence),Safe,0.001,Safe  (High Confidence),Toxic,0.734,Toxic  (Medium Confidence),-1.09,,Safe,0.291,Safe  (Medium Confidence),Safe,0.02,Safe  (High Confidence),Safe,0.005,Safe  (High Confidence),Safe,0.428,Safe  (Low Confidence),Safe,0.0,Safe  (High Confidence),Safe,0.017,Safe  (High Confidence),0.57,MTRD <= 0.477: Low<br/>&nbsp;&nbsp;<br/>&nbsp;&nbsp;MTRD > 0.477: High,Toxic,0.62,Toxic  (Low Confidence),Safe,0.006,Safe  (High Confidence),5.84,,Toxic,0.919,Toxic  (High Confidence),Safe,0.07,Safe  (High Confidence),Safe,0.272,Safe  (Medium Confidence),Safe,0.006,Safe  (High Confidence),Safe,0.0,Safe  (High Confidence),Safe,0.035,Safe  (High Confidence),Safe,0.0,Safe  (High Confidence),Safe,0.34,Safe  (Low Confidence),Safe,0.001,Safe  (High Confidence),Safe,0.006,Safe  (High Confidence),-1083.1,PIGC50% > -0.5 log ug/L: toxic,2.47,,3.81,,6.14,LC50% < 0.5mM <br/>&nbsp;&nbsp;<br/>&nbsp;&nbsp; (log LC50% < -0.3) = <br/>&nbsp;&nbsp;<br/>&nbsp;&nbsp; High Acute Toxicity,Safe,0.177,Safe  (Medium Confidence),Safe,0.236,Safe  (Medium Confidence),Safe,0.056,Safe  (High Confidence),Safe,0.001,Safe  (High Confidence),Safe,0.005,Safe  (High Confidence),Safe,0.035,Safe  (High Confidence),Safe,0.023,Safe  (High Confidence),517.07,BP<25: gas,-2.82,,1.12,Proper Value: 1 to 3 log mol/L,-0.72,Proper Value: 0 to 3 log mol/L,-3.48,Proper Value: -4 to 0.5 log mol/L,-10.24,Vapor (Gas) Phase: log vp < 4; Vapor and Particulate Phase: 5 =< log vp < 8; Solid Phase: log vp > 8 ,202.22,MP<25: liquid; MP>25:solid,6.24,,3.37,,520.53,0.16,164.37,5.0,11.0,9.0,False,False,False
O=c1c(OC2OC(CO)C(O)C(O)C2O)c(-c2ccc(O)cc2)oc2cc(O)cc(O)c12,81,Astragalin,Astragalin,Phyllanthus niruri,Phyllanthus niruri,5282102,5282102,C21H20O11,False,0.96263903,O=c1c(OC2OC(CO)C(O)C(O)C2O)c(-c2ccc(O)cc2)oc2cc(O)cc(O)c12,-6.31,,Non-Bioavailable,0.391,Non-Bioavailable  (Low Confidence),Non-Absorbed,0.22,Non-Absorbed  (Medium Confidence),-5.54,Proper Value:  > 2 x 10-6cm/s,Non-Bioavailable,0.253,Non-Bioavailable  (Medium Confidence),Inhibitor,0.551,Inhibitor  (Low Confidence),Non-Substrate,0.408,Non-Substrate  (Low Confidence),1.71,Low Skin Permeability: log KP > -2.5,-4.18,- ,Non-Penetrable,0.0,Non-Penetrable  (High Confidence),0.9,,32.52,Proper Value: therapeutic index < 90 perc; Poor Value value > 90 perc,1.01,Low Value: < 0.71 L/kg (log VDss < -0.15); High Value > 2.81 L/kg (log VDss > 0.45).,Non-Inhibitor,0.188,Non-Inhibitor  (Medium Confidence),Inhibitor,0.518,Inhibitor  (Low Confidence),Non-Substrate,0.008,Non-Substrate  (High Confidence),Non-Inhibitor,0.0,Non-Inhibitor  (High Confidence),Non-Substrate,0.189,Non-Substrate  (Medium Confidence),Non-Inhibitor,0.058,Non-Inhibitor  (High Confidence),Non-Substrate,0.085,Non-Substrate  (High Confidence),Non-Inhibitor,0.0,Non-Inhibitor  (High Confidence),Non-Substrate,0.16,Non-Substrate  (High Confidence),Non-Inhibitor,0.103,Non-Inhibitor  (High Confidence),Non-Substrate,0.0,Non-Substrate  (High Confidence),Non-Inhibitor,0.226,Non-Inhibitor  (Medium Confidence),Non-Inhibitor,0.226,Non-Inhibitor  (Medium Confidence),11.57,,Non-Inhibitor,0.352,Non-Inhibitor  (Low Confidence),Half-Life < 3hs,0.301,Half-Life < 3hs  (Medium Confidence),Toxic,0.821,Toxic  (Medium Confidence),Safe,0.002,Safe  (High Confidence),Safe,0.451,Safe  (Low Confidence),-1.49,,Safe,0.012,Safe  (High Confidence),Safe,0.014,Safe  (High Confidence),Safe,0.121,Safe  (High Confidence),Toxic,0.556,Toxic  (Low Confidence),Safe,0.0,Safe  (High Confidence),Safe,0.04,Safe  (High Confidence),1.08,MTRD <= 0.477: Low<br/>&nbsp;&nbsp;<br/>&nbsp;&nbsp;MTRD > 0.477: High,Toxic,0.662,Toxic  (Low Confidence),Safe,0.005,Safe  (High Confidence),4.61,,Toxic,0.999,Toxic  (High Confidence),Safe,0.432,Safe  (Low Confidence),Safe,0.277,Safe  (Medium Confidence),Safe,0.005,Safe  (High Confidence),Safe,0.001,Safe  (High Confidence),Safe,0.209,Safe  (Medium Confidence),Safe,0.01,Safe  (High Confidence),Safe,0.05,Safe  (High Confidence),Safe,0.0,Safe  (High Confidence),Safe,0.005,Safe  (High Confidence),-71.08,PIGC50% > -0.5 log ug/L: toxic,2.41,,3.76,,4.02,LC50% < 0.5mM <br/>&nbsp;&nbsp;<br/>&nbsp;&nbsp; (log LC50% < -0.3) = <br/>&nbsp;&nbsp;<br/>&nbsp;&nbsp; High Acute Toxicity,Safe,0.141,Safe  (High Confidence),Safe,0.404,Safe  (Low Confidence),Safe,0.418,Safe  (Low Confidence),Safe,0.001,Safe  (High Confidence),Safe,0.0,Safe  (High Confidence),Safe,0.009,Safe  (High Confidence),Safe,0.377,Safe  (Low Confidence),598.48,BP<25: gas,-5.35,,0.26,Proper Value: 1 to 3 log mol/L,1.04,Proper Value: 0 to 3 log mol/L,-4.1,Proper Value: -4 to 0.5 log mol/L,-10.72,Vapor (Gas) Phase: log vp < 4; Vapor and Particulate Phase: 5 =< log vp < 8; Solid Phase: log vp > 8 ,207.84,MP<25: liquid; MP>25:solid,5.79,,7.03,,448.38,-0.24,190.28,7.0,11.0,4.0,False,False,False
COc1cc(O)c2c(=O)cc(-c3ccccc3)oc2c1OC,82,7-O-Methylwogonin,7-O-Methylwogonin,Andrographis paniculata,Andrographis paniculata,188316,188316,C17H14O5,False,0.96132976,COc1cc(O)c2c(=O)cc(-c3ccccc3)oc2c1OC,-4.7,,Bioavailable,0.79,Bioavailable  (Medium Confidence),Absorbed,0.996,Absorbed  (High Confidence),-4.39,Proper Value:  > 2 x 10-6cm/s,Bioavailable,0.686,Bioavailable  (Medium Confidence),Inhibitor,1.0,Inhibitor  (High Confidence),Non-Substrate,0.081,Non-Substrate  (High Confidence),-1.52,Low Skin Permeability: log KP > -2.5,-2.48,- ,Penetrable,0.807,Penetrable  (Medium Confidence),1.43,,86.33,Proper Value: therapeutic index < 90 perc; Poor Value value > 90 perc,0.71,Low Value: < 0.71 L/kg (log VDss < -0.15); High Value > 2.81 L/kg (log VDss > 0.45).,Inhibitor,0.815,Inhibitor  (Medium Confidence),Inhibitor,0.954,Inhibitor  (High Confidence),Substrate,0.561,Substrate  (Low Confidence),Inhibitor,0.945,Inhibitor  (High Confidence),Non-Substrate,0.36,Non-Substrate  (Low Confidence),Inhibitor,0.658,Inhibitor  (Low Confidence),Substrate,0.993,Substrate  (High Confidence),Non-Inhibitor,0.161,Non-Inhibitor  (High Confidence),Non-Substrate,0.472,Non-Substrate  (Low Confidence),Inhibitor,0.542,Inhibitor  (Low Confidence),Non-Substrate,0.045,Non-Substrate  (High Confidence),Non-Inhibitor,0.088,Non-Inhibitor  (High Confidence),Non-Inhibitor,0.07,Non-Inhibitor  (High Confidence),8.19,,Non-Inhibitor,0.273,Non-Inhibitor  (Medium Confidence),Half-Life < 3hs,0.226,Half-Life < 3hs  (Medium Confidence),Safe,0.1,Safe  (High Confidence),Safe,0.167,Safe  (Medium Confidence),Safe,0.44,Safe  (Low Confidence),2.07,,Safe,0.105,Safe  (High Confidence),Safe,0.253,Safe  (Medium Confidence),Toxic,0.969,Toxic  (High Confidence),Toxic,0.63,Toxic  (Low Confidence),Safe,0.0,Safe  (High Confidence),Safe,0.313,Safe  (Medium Confidence),1.22,MTRD <= 0.477: Low<br/>&nbsp;&nbsp;<br/>&nbsp;&nbsp;MTRD > 0.477: High,Toxic,0.664,Toxic  (Low Confidence),Safe,0.092,Safe  (High Confidence),6.08,,Toxic,0.844,Toxic  (High Confidence),Toxic,0.898,Toxic  (High Confidence),Safe,0.065,Safe  (High Confidence),Safe,0.011,Safe  (High Confidence),Safe,0.003,Safe  (High Confidence),Safe,0.249,Safe  (Medium Confidence),Safe,0.01,Safe  (High Confidence),Safe,0.236,Safe  (Medium Confidence),Safe,0.018,Safe  (High Confidence),Safe,0.037,Safe  (High Confidence),3.55,PIGC50% > -0.5 log ug/L: toxic,2.24,,2.06,,5.0,LC50% < 0.5mM <br/>&nbsp;&nbsp;<br/>&nbsp;&nbsp; (log LC50% < -0.3) = <br/>&nbsp;&nbsp;<br/>&nbsp;&nbsp; High Acute Toxicity,Toxic,0.814,Toxic  (Medium Confidence),Safe,0.421,Safe  (Low Confidence),Toxic,0.803,Toxic  (Medium Confidence),Toxic,0.533,Toxic  (Low Confidence),Safe,0.019,Safe  (High Confidence),Toxic,0.739,Toxic  (Medium Confidence),Safe,0.126,Safe  (High Confidence),416.83,BP<25: gas,-10.15,,3.16,Proper Value: 1 to 3 log mol/L,3.67,Proper Value: 0 to 3 log mol/L,-4.93,Proper Value: -4 to 0.5 log mol/L,-7.3,Vapor (Gas) Phase: log vp < 4; Vapor and Particulate Phase: 5 =< log vp < 8; Solid Phase: log vp > 8 ,159.28,MP<25: liquid; MP>25:solid,7.82,,1.65,,298.29,3.18,68.9,1.0,5.0,3.0,False,False,False
O=c1c(OC2OC(CO)C(O)C(O)C2O)c(-c2ccc(O)c(O)c2)oc2cc(O)cc(O)c12,83,Hirsutrin,Hirsutrin,Phyllanthus niruri,Phyllanthus niruri,5280804,5280804,C21H20O12,False,0.9610099,O=c1c(OC2OC(CO)C(O)C(O)C2O)c(-c2ccc(O)c(O)c2)oc2cc(O)cc(O)c12,-6.25,,Non-Bioavailable,0.281,Non-Bioavailable  (Medium Confidence),Non-Absorbed,0.156,Non-Absorbed  (High Confidence),-5.83,Proper Value:  > 2 x 10-6cm/s,Non-Bioavailable,0.193,Non-Bioavailable  (Medium Confidence),Non-Inhibitor,0.221,Non-Inhibitor  (Medium Confidence),Non-Substrate,0.387,Non-Substrate  (Low Confidence),2.14,Low Skin Permeability: log KP > -2.5,-4.21,- ,Non-Penetrable,0.0,Non-Penetrable  (High Confidence),0.82,,32.55,Proper Value: therapeutic index < 90 perc; Poor Value value > 90 perc,0.91,Low Value: < 0.71 L/kg (log VDss < -0.15); High Value > 2.81 L/kg (log VDss > 0.45).,Non-Inhibitor,0.108,Non-Inhibitor  (High Confidence),Inhibitor,0.546,Inhibitor  (Low Confidence),Non-Substrate,0.005,Non-Substrate  (High Confidence),Non-Inhibitor,0.0,Non-Inhibitor  (High Confidence),Non-Substrate,0.175,Non-Substrate  (Medium Confidence),Non-Inhibitor,0.043,Non-Inhibitor  (High Confidence),Non-Substrate,0.006,Non-Substrate  (High Confidence),Non-Inhibitor,0.0,Non-Inhibitor  (High Confidence),Non-Substrate,0.158,Non-Substrate  (High Confidence),Non-Inhibitor,0.055,Non-Inhibitor  (High Confidence),Non-Substrate,0.0,Non-Substrate  (High Confidence),Non-Inhibitor,0.188,Non-Inhibitor  (Medium Confidence),Non-Inhibitor,0.198,Non-Inhibitor  (Medium Confidence),13.18,,Non-Inhibitor,0.447,Non-Inhibitor  (Low Confidence),Half-Life < 3hs,0.293,Half-Life < 3hs  (Medium Confidence),Toxic,0.835,Toxic  (High Confidence),Safe,0.001,Safe  (High Confidence),Safe,0.391,Safe  (Low Confidence),-2.2,,Safe,0.01,Safe  (High Confidence),Safe,0.014,Safe  (High Confidence),Safe,0.039,Safe  (High Confidence),Toxic,0.615,Toxic  (Low Confidence),Safe,0.0,Safe  (High Confidence),Safe,0.059,Safe  (High Confidence),1.15,MTRD <= 0.477: Low<br/>&nbsp;&nbsp;<br/>&nbsp;&nbsp;MTRD > 0.477: High,Toxic,0.646,Toxic  (Low Confidence),Safe,0.007,Safe  (High Confidence),4.92,,Toxic,1.0,Toxic  (High Confidence),Toxic,0.563,Toxic  (Low Confidence),Safe,0.211,Safe  (Medium Confidence),Safe,0.005,Safe  (High Confidence),Safe,0.0,Safe  (High Confidence),Safe,0.146,Safe  (High Confidence),Safe,0.005,Safe  (High Confidence),Safe,0.015,Safe  (High Confidence),Safe,0.0,Safe  (High Confidence),Safe,0.001,Safe  (High Confidence),-105.12,PIGC50% > -0.5 log ug/L: toxic,2.41,,3.88,,3.88,LC50% < 0.5mM <br/>&nbsp;&nbsp;<br/>&nbsp;&nbsp; (log LC50% < -0.3) = <br/>&nbsp;&nbsp;<br/>&nbsp;&nbsp; High Acute Toxicity,Safe,0.249,Safe  (Medium Confidence),Safe,0.482,Safe  (Low Confidence),Safe,0.414,Safe  (Low Confidence),Safe,0.001,Safe  (High Confidence),Safe,0.0,Safe  (High Confidence),Safe,0.007,Safe  (High Confidence),Safe,0.071,Safe  (High Confidence),639.87,BP<25: gas,-4.69,,-0.22,Proper Value: 1 to 3 log mol/L,0.67,Proper Value: 0 to 3 log mol/L,-4.12,Proper Value: -4 to 0.5 log mol/L,-11.09,Vapor (Gas) Phase: log vp < 4; Vapor and Particulate Phase: 5 =< log vp < 8; Solid Phase: log vp > 8 ,210.32,MP<25: liquid; MP>25:solid,5.46,,8.42,,464.38,-0.54,210.51,8.0,12.0,4.0,False,False,False
O=C(O)C=Cc1ccccc1,84,Cinnamic acid,Cinnamic acid,Andrographis paniculata,Andrographis paniculata | Melissa officinalis,444539,444539,C9H8O2,False,0.9599891,O=C(O)C=Cc1ccccc1,-4.61,,Bioavailable,0.781,Bioavailable  (Medium Confidence),Absorbed,0.973,Absorbed  (High Confidence),-3.77,Proper Value:  > 2 x 10-6cm/s,Bioavailable,0.633,Bioavailable  (Low Confidence),Non-Inhibitor,0.0,Non-Inhibitor  (High Confidence),Non-Substrate,0.094,Non-Substrate  (High Confidence),-2.91,Low Skin Permeability: log KP > -2.5,-1.65,- ,Penetrable,0.953,Penetrable  (High Confidence),0.78,,23.57,Proper Value: therapeutic index < 90 perc; Poor Value value > 90 perc,0.56,Low Value: < 0.71 L/kg (log VDss < -0.15); High Value > 2.81 L/kg (log VDss > 0.45).,Non-Inhibitor,0.377,Non-Inhibitor  (Low Confidence),Non-Inhibitor,0.079,Non-Inhibitor  (High Confidence),Non-Substrate,0.319,Non-Substrate  (Medium Confidence),Non-Inhibitor,0.002,Non-Inhibitor  (High Confidence),Non-Substrate,0.432,Non-Substrate  (Low Confidence),Non-Inhibitor,0.014,Non-Inhibitor  (High Confidence),Non-Substrate,0.036,Non-Substrate  (High Confidence),Non-Inhibitor,0.012,Non-Inhibitor  (High Confidence),Non-Substrate,0.465,Non-Substrate  (Low Confidence),Non-Inhibitor,0.002,Non-Inhibitor  (High Confidence),Non-Substrate,0.016,Non-Substrate  (High Confidence),Non-Inhibitor,0.017,Non-Inhibitor  (High Confidence),Non-Inhibitor,0.045,Non-Inhibitor  (High Confidence),4.84,,Non-Inhibitor,0.026,Non-Inhibitor  (High Confidence),Half-Life < 3hs,0.393,Half-Life < 3hs  (Low Confidence),Safe,0.0,Safe  (High Confidence),Safe,0.092,Safe  (High Confidence),Safe,0.239,Safe  (Medium Confidence),0.06,,Toxic,0.861,Toxic  (High Confidence),Safe,0.348,Safe  (Low Confidence),Safe,0.455,Safe  (Low Confidence),Toxic,0.667,Toxic  (Medium Confidence),Safe,0.491,Safe  (Low Confidence),Toxic,0.996,Toxic  (High Confidence),1.36,MTRD <= 0.477: Low<br/>&nbsp;&nbsp;<br/>&nbsp;&nbsp;MTRD > 0.477: High,Safe,0.49,Safe  (Low Confidence),Safe,0.036,Safe  (High Confidence),3.28,,Safe,0.402,Safe  (Low Confidence),Safe,0.006,Safe  (High Confidence),Safe,0.014,Safe  (High Confidence),Safe,0.016,Safe  (High Confidence),Safe,0.0,Safe  (High Confidence),Safe,0.059,Safe  (High Confidence),Safe,0.0,Safe  (High Confidence),Safe,0.011,Safe  (High Confidence),Safe,0.06,Safe  (High Confidence),Safe,0.011,Safe  (High Confidence),-0.66,PIGC50% > -0.5 log ug/L: toxic,1.84,,2.34,,3.96,LC50% < 0.5mM <br/>&nbsp;&nbsp;<br/>&nbsp;&nbsp; (log LC50% < -0.3) = <br/>&nbsp;&nbsp;<br/>&nbsp;&nbsp; High Acute Toxicity,Safe,0.009,Safe  (High Confidence),Toxic,0.651,Toxic  (Low Confidence),Safe,0.058,Safe  (High Confidence),Safe,0.001,Safe  (High Confidence),Safe,0.027,Safe  (High Confidence),Safe,0.002,Safe  (High Confidence),Safe,0.001,Safe  (High Confidence),287.64,BP<25: gas,-5.73,,-0.64,Proper Value: 1 to 3 log mol/L,2.26,Proper Value: 0 to 3 log mol/L,-2.61,Proper Value: -4 to 0.5 log mol/L,-3.17,Vapor (Gas) Phase: log vp < 4; Vapor and Particulate Phase: 5 =< log vp < 8; Solid Phase: log vp > 8 ,162.04,MP<25: liquid; MP>25:solid,4.05,,-0.74,,148.16,1.78,37.3,1.0,1.0,2.0,False,False,False
CC1OC(OCC2OC(OCC(O)c3ccc(O)c(O)c3)C(O)C(O)C2O)C(O)C(O)C1O,85,Forsythoside D,Forsythoside D,Forsythia suspensa,Forsythia suspensa,5317383,5317383,C20H30O13,False,0.9591587,CC1OC(OCC2OC(OCC(O)c3ccc(O)c(O)c3)C(O)C(O)C2O)C(O)C(O)C1O,-6.6,,Non-Bioavailable,0.371,Non-Bioavailable  (Low Confidence),Non-Absorbed,0.029,Non-Absorbed  (High Confidence),-5.88,Proper Value:  > 2 x 10-6cm/s,Non-Bioavailable,0.105,Non-Bioavailable  (High Confidence),Non-Inhibitor,0.0,Non-Inhibitor  (High Confidence),Non-Substrate,0.304,Non-Substrate  (Medium Confidence),-0.69,Low Skin Permeability: log KP > -2.5,-4.16,- ,Non-Penetrable,0.0,Non-Penetrable  (High Confidence),0.59,,-9.63,Proper Value: therapeutic index < 90 perc; Poor Value value > 90 perc,0.43,Low Value: < 0.71 L/kg (log VDss < -0.15); High Value > 2.81 L/kg (log VDss > 0.45).,Non-Inhibitor,0.004,Non-Inhibitor  (High Confidence),Non-Inhibitor,0.107,Non-Inhibitor  (High Confidence),Non-Substrate,0.001,Non-Substrate  (High Confidence),Non-Inhibitor,0.0,Non-Inhibitor  (High Confidence),Non-Substrate,0.334,Non-Substrate  (Low Confidence),Non-Inhibitor,0.004,Non-Inhibitor  (High Confidence),Non-Substrate,0.0,Non-Substrate  (High Confidence),Non-Inhibitor,0.0,Non-Inhibitor  (High Confidence),Non-Substrate,0.11,Non-Substrate  (High Confidence),Non-Inhibitor,0.012,Non-Inhibitor  (High Confidence),Non-Substrate,0.004,Non-Substrate  (High Confidence),Non-Inhibitor,0.017,Non-Inhibitor  (High Confidence),Non-Inhibitor,0.068,Non-Inhibitor  (High Confidence),8.49,,Non-Inhibitor,0.007,Non-Inhibitor  (High Confidence),Half-Life >= 3hs,0.689,Half-Life >= 3hs  (Medium Confidence),Safe,0.013,Safe  (High Confidence),Safe,0.0,Safe  (High Confidence),Safe,0.397,Safe  (Low Confidence),-3.11,,Toxic,0.992,Toxic  (High Confidence),Safe,0.012,Safe  (High Confidence),Safe,0.0,Safe  (High Confidence),Safe,0.302,Safe  (Medium Confidence),Safe,0.0,Safe  (High Confidence),Safe,0.007,Safe  (High Confidence),0.73,MTRD <= 0.477: Low<br/>&nbsp;&nbsp;<br/>&nbsp;&nbsp;MTRD > 0.477: High,Safe,0.35,Safe  (Low Confidence),Safe,0.0,Safe  (High Confidence),5.57,,Toxic,0.729,Toxic  (Medium Confidence),Safe,0.003,Safe  (High Confidence),Safe,0.049,Safe  (High Confidence),Safe,0.001,Safe  (High Confidence),Safe,0.0,Safe  (High Confidence),Safe,0.043,Safe  (High Confidence),Safe,0.024,Safe  (High Confidence),Safe,0.02,Safe  (High Confidence),Safe,0.0,Safe  (High Confidence),Safe,0.0,Safe  (High Confidence),-77.68,PIGC50% > -0.5 log ug/L: toxic,1.82,,4.17,,3.03,LC50% < 0.5mM <br/>&nbsp;&nbsp;<br/>&nbsp;&nbsp; (log LC50% < -0.3) = <br/>&nbsp;&nbsp;<br/>&nbsp;&nbsp; High Acute Toxicity,Safe,0.035,Safe  (High Confidence),Toxic,0.537,Toxic  (Low Confidence),Safe,0.009,Safe  (High Confidence),Safe,0.0,Safe  (High Confidence),Safe,0.0,Safe  (High Confidence),Safe,0.0,Safe  (High Confidence),Safe,0.0,Safe  (High Confidence),566.84,BP<25: gas,-4.8,,-1.98,Proper Value: 1 to 3 log mol/L,-2.47,Proper Value: 0 to 3 log mol/L,-1.76,Proper Value: -4 to 0.5 log mol/L,-15.84,Vapor (Gas) Phase: log vp < 4; Vapor and Particulate Phase: 5 =< log vp < 8; Solid Phase: log vp > 8 ,163.18,MP<25: liquid; MP>25:solid,4.38,,7.21,,478.45,-3.2,218.99,9.0,13.0,7.0,False,True,True
O=C(C=Cc1ccc(O)c(O)c1)OC=Cc1ccc(O)c(O)c1,86,Nepetoidin B,Nepetoidin B,Melissa officinalis,Melissa officinalis,5316819,5316819,C17H14O6,False,0.9589326,O=C(C=Cc1ccc(O)c(O)c1)OC=Cc1ccc(O)c(O)c1,-4.73,,Non-Bioavailable,0.481,Non-Bioavailable  (Low Confidence),Absorbed,0.983,Absorbed  (High Confidence),-4.76,Proper Value:  > 2 x 10-6cm/s,Bioavailable,0.585,Bioavailable  (Low Confidence),Non-Inhibitor,0.0,Non-Inhibitor  (High Confidence),Non-Substrate,0.129,Non-Substrate  (High Confidence),-1.91,Low Skin Permeability: log KP > -2.5,-1.91,- ,Non-Penetrable,0.0,Non-Penetrable  (High Confidence),0.99,,22.1,Proper Value: therapeutic index < 90 perc; Poor Value value > 90 perc,0.41,Low Value: < 0.71 L/kg (log VDss < -0.15); High Value > 2.81 L/kg (log VDss > 0.45).,Non-Inhibitor,0.276,Non-Inhibitor  (Medium Confidence),Non-Inhibitor,0.001,Non-Inhibitor  (High Confidence),Non-Substrate,0.402,Non-Substrate  (Low Confidence),Non-Inhibitor,0.007,Non-Inhibitor  (High Confidence),Non-Substrate,0.442,Non-Substrate  (Low Confidence),Non-Inhibitor,0.008,Non-Inhibitor  (High Confidence),Substrate,0.76,Substrate  (Medium Confidence),Non-Inhibitor,0.0,Non-Inhibitor  (High Confidence),Non-Substrate,0.353,Non-Substrate  (Low Confidence),Non-Inhibitor,0.136,Non-Inhibitor  (High Confidence),Non-Substrate,0.018,Non-Substrate  (High Confidence),Non-Inhibitor,0.298,Non-Inhibitor  (Medium Confidence),Non-Inhibitor,0.074,Non-Inhibitor  (High Confidence),9.16,,Non-Inhibitor,0.019,Non-Inhibitor  (High Confidence),Half-Life >= 3hs,0.555,Half-Life >= 3hs  (Low Confidence),Safe,0.128,Safe  (High Confidence),Safe,0.064,Safe  (High Confidence),Safe,0.213,Safe  (Medium Confidence),0.0,,Toxic,0.528,Toxic  (Low Confidence),Toxic,0.876,Toxic  (High Confidence),Safe,0.438,Safe  (Low Confidence),Toxic,0.872,Toxic  (High Confidence),Safe,0.0,Safe  (High Confidence),Toxic,0.941,Toxic  (High Confidence),1.31,MTRD <= 0.477: Low<br/>&nbsp;&nbsp;<br/>&nbsp;&nbsp;MTRD > 0.477: High,Toxic,0.616,Toxic  (Low Confidence),Safe,0.471,Safe  (Low Confidence),4.47,,Toxic,0.949,Toxic  (High Confidence),Safe,0.008,Safe  (High Confidence),Safe,0.048,Safe  (High Confidence),Safe,0.033,Safe  (High Confidence),Safe,0.0,Safe  (High Confidence),Toxic,0.809,Toxic  (Medium Confidence),Safe,0.005,Safe  (High Confidence),Safe,0.024,Safe  (High Confidence),Safe,0.002,Safe  (High Confidence),Safe,0.211,Safe  (Medium Confidence),1.35,PIGC50% > -0.5 log ug/L: toxic,2.18,,3.14,,4.38,LC50% < 0.5mM <br/>&nbsp;&nbsp;<br/>&nbsp;&nbsp; (log LC50% < -0.3) = <br/>&nbsp;&nbsp;<br/>&nbsp;&nbsp; High Acute Toxicity,Toxic,0.992,Toxic  (High Confidence),Toxic,0.732,Toxic  (Medium Confidence),Toxic,0.734,Toxic  (Medium Confidence),Safe,0.002,Safe  (High Confidence),Safe,0.029,Safe  (High Confidence),Toxic,0.83,Toxic  (Medium Confidence),Safe,0.022,Safe  (High Confidence),473.54,BP<25: gas,-10.86,,1.45,Proper Value: 1 to 3 log mol/L,2.84,Proper Value: 0 to 3 log mol/L,-3.1,Proper Value: -4 to 0.5 log mol/L,-8.66,Vapor (Gas) Phase: log vp < 4; Vapor and Particulate Phase: 5 =< log vp < 8; Solid Phase: log vp > 8 ,242.95,MP<25: liquid; MP>25:solid,7.27,,6.41,,314.29,2.74,107.22,4.0,6.0,4.0,False,False,False
CC(C)(COP(=O)(O)OP(=O)(O)OCC1OC(n2cnc3c(N)ncnc32)C(O)C1OP(=O)(O)O)C(O)C(=O)NCCC(=O)NCCSC(=O)C=Cc1ccc(O)c(O)c1,87,caffeoyl-CoA,caffeoyl-CoA,Zingiber officinale,Zingiber officinale,11966126,11966126,C30H42N7O19P3S,False,0.9589208,CC(C)(COP(=O)(O)OP(=O)(O)OCC1OC(n2cnc3c(N)ncnc32)C(O)C1OP(=O)(O)O)C(O)C(=O)NCCC(=O)NCCSC(=O)C=Cc1ccc(O)c(O)c1,-5.58,,Non-Bioavailable,0.001,Non-Bioavailable  (High Confidence),Absorbed,0.98,Absorbed  (High Confidence),69.43,Proper Value:  > 2 x 10-6cm/s,Non-Bioavailable,0.0,Non-Bioavailable  (High Confidence),Non-Inhibitor,0.0,Non-Inhibitor  (High Confidence),Non-Substrate,0.018,Non-Substrate  (High Confidence),9927.87,Low Skin Permeability: log KP > -2.5,-3.64,- ,Non-Penetrable,0.0,Non-Penetrable  (High Confidence),1.57,,22.17,Proper Value: therapeutic index < 90 perc; Poor Value value > 90 perc,0.92,Low Value: < 0.71 L/kg (log VDss < -0.15); High Value > 2.81 L/kg (log VDss > 0.45).,Non-Inhibitor,0.0,Non-Inhibitor  (High Confidence),Non-Inhibitor,0.08,Non-Inhibitor  (High Confidence),Non-Substrate,0.0,Non-Substrate  (High Confidence),Non-Inhibitor,0.0,Non-Inhibitor  (High Confidence),Non-Substrate,0.495,Non-Substrate  (Low Confidence),Non-Inhibitor,0.087,Non-Inhibitor  (High Confidence),Non-Substrate,0.0,Non-Substrate  (High Confidence),Non-Inhibitor,0.001,Non-Inhibitor  (High Confidence),Non-Substrate,0.0,Non-Substrate  (High Confidence),Inhibitor,0.83,Inhibitor  (Medium Confidence),Non-Substrate,0.0,Non-Substrate  (High Confidence),Inhibitor,0.978,Inhibitor  (High Confidence),Non-Inhibitor,0.031,Non-Inhibitor  (High Confidence),4.38,,Non-Inhibitor,0.0,Non-Inhibitor  (High Confidence),Half-Life >= 3hs,0.982,Half-Life >= 3hs  (High Confidence),Safe,0.0,Safe  (High Confidence),Toxic,0.901,Toxic  (High Confidence),Toxic,0.629,Toxic  (Low Confidence),-232.34,,Toxic,0.528,Toxic  (Low Confidence),Safe,0.109,Safe  (High Confidence),Safe,0.13,Safe  (High Confidence),Safe,0.251,Safe  (Medium Confidence),Safe,0.0,Safe  (High Confidence),Safe,0.002,Safe  (High Confidence),-0.33,MTRD <= 0.477: Low<br/>&nbsp;&nbsp;<br/>&nbsp;&nbsp;MTRD > 0.477: High,Safe,0.4,Safe  (Low Confidence),Safe,0.0,Safe  (High Confidence),8.65,,Toxic,1.0,Toxic  (High Confidence),Safe,0.0,Safe  (High Confidence),Safe,0.041,Safe  (High Confidence),Safe,0.0,Safe  (High Confidence),Safe,0.0,Safe  (High Confidence),Safe,0.063,Safe  (High Confidence),Safe,0.002,Safe  (High Confidence),Safe,0.0,Safe  (High Confidence),Safe,0.0,Safe  (High Confidence),Safe,0.005,Safe  (High Confidence),-18017243.34,PIGC50% > -0.5 log ug/L: toxic,2.03,,1.46,,22748.42,LC50% < 0.5mM <br/>&nbsp;&nbsp;<br/>&nbsp;&nbsp; (log LC50% < -0.3) = <br/>&nbsp;&nbsp;<br/>&nbsp;&nbsp; High Acute Toxicity,Toxic,1.0,Toxic  (High Confidence),Safe,0.259,Safe  (Medium Confidence),Safe,0.0,Safe  (High Confidence),Safe,0.0,Safe  (High Confidence),Safe,0.0,Safe  (High Confidence),Safe,0.0,Safe  (High Confidence),Safe,0.0,Safe  (High Confidence),2015468.75,BP<25: gas,-2.92,,-21.11,Proper Value: 1 to 3 log mol/L,-2.74,Proper Value: 0 to 3 log mol/L,-1.32,Proper Value: -4 to 0.5 log mol/L,-66428.52,Vapor (Gas) Phase: log vp < 4; Vapor and Particulate Phase: 5 =< log vp < 8; Solid Phase: log vp > 8 ,312.26,MP<25: liquid; MP>25:solid,-440.96,,4.26,,929.69,-0.21,404.09,11.0,20.0,21.0,False,False,False
CCCCCCCCCCCCCCCC(=O)OCCO,88,Ethylene glycol monohexadecanoate,Ethylene glycol monohexadecanoate,Zingiber officinale,Zingiber officinale,20201,20201,C18H36O3,False,0.95836157,CCCCCCCCCCCCCCCC(=O)OCCO,-5.01,,Non-Bioavailable,0.137,Non-Bioavailable  (High Confidence),Absorbed,0.883,Absorbed  (High Confidence),-3.64,Proper Value:  > 2 x 10-6cm/s,Non-Bioavailable,0.357,Non-Bioavailable  (Low Confidence),Non-Inhibitor,0.076,Non-Inhibitor  (High Confidence),Non-Substrate,0.398,Non-Substrate  (Low Confidence),-3.22,Low Skin Permeability: log KP > -2.5,-1.93,- ,Penetrable,0.998,Penetrable  (High Confidence),1.54,,24.65,Proper Value: therapeutic index < 90 perc; Poor Value value > 90 perc,1.47,Low Value: < 0.71 L/kg (log VDss < -0.15); High Value > 2.81 L/kg (log VDss > 0.45).,Non-Inhibitor,0.293,Non-Inhibitor  (Medium Confidence),Inhibitor,0.838,Inhibitor  (High Confidence),Non-Substrate,0.162,Non-Substrate  (High Confidence),Non-Inhibitor,0.061,Non-Inhibitor  (High Confidence),Non-Substrate,0.394,Non-Substrate  (Low Confidence),Non-Inhibitor,0.241,Non-Inhibitor  (Medium Confidence),Non-Substrate,0.047,Non-Substrate  (High Confidence),Non-Inhibitor,0.029,Non-Inhibitor  (High Confidence),Non-Substrate,0.403,Non-Substrate  (Low Confidence),Non-Inhibitor,0.03,Non-Inhibitor  (High Confidence),Non-Substrate,0.002,Non-Substrate  (High Confidence),Non-Inhibitor,0.001,Non-Inhibitor  (High Confidence),Non-Inhibitor,0.104,Non-Inhibitor  (High Confidence),6.99,,Non-Inhibitor,0.104,Non-Inhibitor  (High Confidence),Half-Life >= 3hs,0.537,Half-Life >= 3hs  (Low Confidence),Safe,0.0,Safe  (High Confidence),Safe,0.012,Safe  (High Confidence),Safe,0.433,Safe  (Low Confidence),1.39,,Toxic,0.937,Toxic  (High Confidence),Safe,0.17,Safe  (Medium Confidence),Toxic,0.994,Toxic  (High Confidence),Safe,0.298,Safe  (Medium Confidence),Toxic,0.812,Toxic  (Medium Confidence),Toxic,0.97,Toxic  (High Confidence),2.25,MTRD <= 0.477: Low<br/>&nbsp;&nbsp;<br/>&nbsp;&nbsp;MTRD > 0.477: High,Safe,0.288,Safe  (Medium Confidence),Toxic,0.638,Toxic  (Low Confidence),4.51,,Safe,0.0,Safe  (High Confidence),Safe,0.0,Safe  (High Confidence),Safe,0.047,Safe  (High Confidence),Safe,0.001,Safe  (High Confidence),Safe,0.0,Safe  (High Confidence),Safe,0.071,Safe  (High Confidence),Safe,0.002,Safe  (High Confidence),Safe,0.104,Safe  (High Confidence),Safe,0.028,Safe  (High Confidence),Safe,0.01,Safe  (High Confidence),5.93,PIGC50% > -0.5 log ug/L: toxic,1.66,,2.42,,3.92,LC50% < 0.5mM <br/>&nbsp;&nbsp;<br/>&nbsp;&nbsp; (log LC50% < -0.3) = <br/>&nbsp;&nbsp;<br/>&nbsp;&nbsp; High Acute Toxicity,Safe,0.032,Safe  (High Confidence),Toxic,0.739,Toxic  (Medium Confidence),Safe,0.007,Safe  (High Confidence),Safe,0.0,Safe  (High Confidence),Safe,0.1,Safe  (High Confidence),Safe,0.004,Safe  (High Confidence),Safe,0.0,Safe  (High Confidence),355.07,BP<25: gas,-4.22,,4.4,Proper Value: 1 to 3 log mol/L,6.51,Proper Value: 0 to 3 log mol/L,-5.74,Proper Value: -4 to 0.5 log mol/L,-6.15,Vapor (Gas) Phase: log vp < 4; Vapor and Particulate Phase: 5 =< log vp < 8; Solid Phase: log vp > 8 ,39.4,MP<25: liquid; MP>25:solid,10.71,,5.07,,300.48,5.0,46.53,1.0,3.0,16.0,False,False,False
COc1cc(C=CC(=O)SCCNC(=O)CCNC(=O)C(O)C(C)(C)COP(=O)(O)OP(=O)(O)OCC2OC(n3cnc4c(N)ncnc43)C(O)C2OP(=O)(O)O)ccc1O,89,Feruloyl-CoA,Feruloyl-CoA,Zingiber officinale,Zingiber officinale,139031281,139031281,C31H44N7O19P3S,False,0.9574885,COc1cc(C=CC(=O)SCCNC(=O)CCNC(=O)C(O)C(C)(C)COP(=O)(O)OP(=O)(O)OCC2OC(n3cnc4c(N)ncnc43)C(O)C2OP(=O)(O)O)ccc1O,-5.6,,Non-Bioavailable,0.001,Non-Bioavailable  (High Confidence),Absorbed,0.988,Absorbed  (High Confidence),122.51,Proper Value:  > 2 x 10-6cm/s,Non-Bioavailable,0.0,Non-Bioavailable  (High Confidence),Non-Inhibitor,0.0,Non-Inhibitor  (High Confidence),Non-Substrate,0.021,Non-Substrate  (High Confidence),16853.66,Low Skin Permeability: log KP > -2.5,-3.74,- ,Non-Penetrable,0.0,Non-Penetrable  (High Confidence),1.6,,22.08,Proper Value: therapeutic index < 90 perc; Poor Value value > 90 perc,0.99,Low Value: < 0.71 L/kg (log VDss < -0.15); High Value > 2.81 L/kg (log VDss > 0.45).,Non-Inhibitor,0.0,Non-Inhibitor  (High Confidence),Non-Inhibitor,0.029,Non-Inhibitor  (High Confidence),Non-Substrate,0.0,Non-Substrate  (High Confidence),Non-Inhibitor,0.0,Non-Inhibitor  (High Confidence),Non-Substrate,0.488,Non-Substrate  (Low Confidence),Non-Inhibitor,0.129,Non-Inhibitor  (High Confidence),Non-Substrate,0.004,Non-Substrate  (High Confidence),Non-Inhibitor,0.0,Non-Inhibitor  (High Confidence),Non-Substrate,0.0,Non-Substrate  (High Confidence),Inhibitor,0.867,Inhibitor  (High Confidence),Non-Substrate,0.0,Non-Substrate  (High Confidence),Inhibitor,0.978,Inhibitor  (High Confidence),Non-Inhibitor,0.042,Non-Inhibitor  (High Confidence),3.28,,Non-Inhibitor,0.0,Non-Inhibitor  (High Confidence),Half-Life >= 3hs,0.985,Half-Life >= 3hs  (High Confidence),Safe,0.0,Safe  (High Confidence),Toxic,0.999,Toxic  (High Confidence),Toxic,0.802,Toxic  (Medium Confidence),-392.43,,Safe,0.222,Safe  (Medium Confidence),Safe,0.118,Safe  (High Confidence),Safe,0.211,Safe  (Medium Confidence),Safe,0.218,Safe  (Medium Confidence),Safe,0.0,Safe  (High Confidence),Safe,0.001,Safe  (High Confidence),-0.37,MTRD <= 0.477: Low<br/>&nbsp;&nbsp;<br/>&nbsp;&nbsp;MTRD > 0.477: High,Safe,0.431,Safe  (Low Confidence),Safe,0.0,Safe  (High Confidence),7.27,,Toxic,1.0,Toxic  (High Confidence),Safe,0.0,Safe  (High Confidence),Safe,0.044,Safe  (High Confidence),Safe,0.0,Safe  (High Confidence),Safe,0.0,Safe  (High Confidence),Safe,0.034,Safe  (High Confidence),Safe,0.0,Safe  (High Confidence),Safe,0.001,Safe  (High Confidence),Safe,0.0,Safe  (High Confidence),Safe,0.01,Safe  (High Confidence),-30588064.02,PIGC50% > -0.5 log ug/L: toxic,2.06,,1.69,,38616.49,LC50% < 0.5mM <br/>&nbsp;&nbsp;<br/>&nbsp;&nbsp; (log LC50% < -0.3) = <br/>&nbsp;&nbsp;<br/>&nbsp;&nbsp; High Acute Toxicity,Toxic,1.0,Toxic  (High Confidence),Safe,0.186,Safe  (Medium Confidence),Safe,0.0,Safe  (High Confidence),Safe,0.0,Safe  (High Confidence),Safe,0.0,Safe  (High Confidence),Safe,0.0,Safe  (High Confidence),Safe,0.0,Safe  (High Confidence),3429646.65,BP<25: gas,-2.92,,-20.59,Proper Value: 1 to 3 log mol/L,-2.54,Proper Value: 0 to 3 log mol/L,-1.18,Proper Value: -4 to 0.5 log mol/L,-112984.76,Vapor (Gas) Phase: log vp < 4; Vapor and Particulate Phase: 5 =< log vp < 8; Solid Phase: log vp > 8 ,294.37,MP<25: liquid; MP>25:solid,-780.24,,2.85,,943.71,0.09,393.09,10.0,20.0,22.0,False,False,False
COc1ccc(-c2oc3cc(OC)cc(O)c3c(=O)c2OC)cc1,90,"3,7,4'-Tri-O-methylkaempferol","3,7,4'-Tri-O-methylkaempferol",Zingiber officinale,Zingiber officinale,5468749,5468749,C18H16O6,False,0.95697147,COc1ccc(-c2oc3cc(OC)cc(O)c3c(=O)c2OC)cc1,-4.64,,Bioavailable,0.785,Bioavailable  (Medium Confidence),Absorbed,0.994,Absorbed  (High Confidence),-4.56,Proper Value:  > 2 x 10-6cm/s,Bioavailable,0.597,Bioavailable  (Low Confidence),Inhibitor,0.997,Inhibitor  (High Confidence),Non-Substrate,0.132,Non-Substrate  (High Confidence),-1.07,Low Skin Permeability: log KP > -2.5,-2.75,- ,Penetrable,0.948,Penetrable  (High Confidence),1.45,,79.88,Proper Value: therapeutic index < 90 perc; Poor Value value > 90 perc,0.48,Low Value: < 0.71 L/kg (log VDss < -0.15); High Value > 2.81 L/kg (log VDss > 0.45).,Inhibitor,0.801,Inhibitor  (Medium Confidence),Inhibitor,0.955,Inhibitor  (High Confidence),Substrate,0.611,Substrate  (Low Confidence),Inhibitor,0.922,Inhibitor  (High Confidence),Non-Substrate,0.4,Non-Substrate  (Low Confidence),Inhibitor,0.858,Inhibitor  (High Confidence),Substrate,0.994,Substrate  (High Confidence),Inhibitor,0.726,Inhibitor  (Medium Confidence),Non-Substrate,0.497,Non-Substrate  (Low Confidence),Inhibitor,0.752,Inhibitor  (Medium Confidence),Non-Substrate,0.138,Non-Substrate  (High Confidence),Non-Inhibitor,0.091,Non-Inhibitor  (High Confidence),Non-Inhibitor,0.081,Non-Inhibitor  (High Confidence),6.07,,Non-Inhibitor,0.186,Non-Inhibitor  (Medium Confidence),Half-Life < 3hs,0.212,Half-Life < 3hs  (Medium Confidence),Safe,0.028,Safe  (High Confidence),Safe,0.194,Safe  (Medium Confidence),Toxic,0.548,Toxic  (Low Confidence),1.91,,Safe,0.101,Safe  (High Confidence),Safe,0.328,Safe  (Medium Confidence),Toxic,0.981,Toxic  (High Confidence),Toxic,0.549,Toxic  (Low Confidence),Safe,0.0,Safe  (High Confidence),Safe,0.306,Safe  (Medium Confidence),1.25,MTRD <= 0.477: Low<br/>&nbsp;&nbsp;<br/>&nbsp;&nbsp;MTRD > 0.477: High,Toxic,0.674,Toxic  (Medium Confidence),Safe,0.215,Safe  (Medium Confidence),6.7,,Toxic,0.793,Toxic  (Medium Confidence),Toxic,0.794,Toxic  (Medium Confidence),Safe,0.059,Safe  (High Confidence),Safe,0.007,Safe  (High Confidence),Safe,0.002,Safe  (High Confidence),Safe,0.26,Safe  (Medium Confidence),Safe,0.074,Safe  (High Confidence),Safe,0.499,Safe  (Low Confidence),Safe,0.017,Safe  (High Confidence),Safe,0.13,Safe  (High Confidence),2.78,PIGC50% > -0.5 log ug/L: toxic,2.15,,2.19,,5.03,LC50% < 0.5mM <br/>&nbsp;&nbsp;<br/>&nbsp;&nbsp; (log LC50% < -0.3) = <br/>&nbsp;&nbsp;<br/>&nbsp;&nbsp; High Acute Toxicity,Toxic,0.79,Toxic  (Medium Confidence),Safe,0.383,Safe  (Low Confidence),Toxic,0.823,Toxic  (Medium Confidence),Toxic,0.851,Toxic  (High Confidence),Safe,0.032,Safe  (High Confidence),Toxic,0.738,Toxic  (Medium Confidence),Toxic,0.577,Toxic  (Low Confidence),443.44,BP<25: gas,-10.53,,3.19,Proper Value: 1 to 3 log mol/L,3.73,Proper Value: 0 to 3 log mol/L,-4.85,Proper Value: -4 to 0.5 log mol/L,-7.43,Vapor (Gas) Phase: log vp < 4; Vapor and Particulate Phase: 5 =< log vp < 8; Solid Phase: log vp > 8 ,162.86,MP<25: liquid; MP>25:solid,7.95,,2.26,,328.32,3.19,78.13,1.0,6.0,4.0,False,False,False
CC1OC(OC2C(O)C(OCCc3ccc(O)c(O)c3)OC(COC3OCC(O)(CO)C3O)C2OC(=O)C=Cc2ccc(O)c(O)c2)C(O)C(O)C1O,91,Forsythoside B,Forsythoside B,Forsythia suspensa,Forsythia suspensa,23928102,23928102,C34H44O19,False,0.95662737,CC1OC(OC2C(O)C(OCCc3ccc(O)c(O)c3)OC(COC3OCC(O)(CO)C3O)C2OC(=O)C=Cc2ccc(O)c(O)c2)C(O)C(O)C1O,-6.68,,Non-Bioavailable,0.188,Non-Bioavailable  (Medium Confidence),Non-Absorbed,0.057,Non-Absorbed  (High Confidence),1.28,Proper Value:  > 2 x 10-6cm/s,Non-Bioavailable,0.042,Non-Bioavailable  (High Confidence),Non-Inhibitor,0.152,Non-Inhibitor  (High Confidence),Substrate,0.549,Substrate  (Low Confidence),931.81,Low Skin Permeability: log KP > -2.5,-4.1,- ,Non-Penetrable,0.0,Non-Penetrable  (High Confidence),0.69,,-13.73,Proper Value: therapeutic index < 90 perc; Poor Value value > 90 perc,0.63,Low Value: < 0.71 L/kg (log VDss < -0.15); High Value > 2.81 L/kg (log VDss > 0.45).,Non-Inhibitor,0.004,Non-Inhibitor  (High Confidence),Non-Inhibitor,0.031,Non-Inhibitor  (High Confidence),Non-Substrate,0.001,Non-Substrate  (High Confidence),Non-Inhibitor,0.0,Non-Inhibitor  (High Confidence),Non-Substrate,0.251,Non-Substrate  (Medium Confidence),Non-Inhibitor,0.016,Non-Inhibitor  (High Confidence),Non-Substrate,0.0,Non-Substrate  (High Confidence),Non-Inhibitor,0.0,Non-Inhibitor  (High Confidence),Non-Substrate,0.089,Non-Substrate  (High Confidence),Non-Inhibitor,0.05,Non-Inhibitor  (High Confidence),Non-Substrate,0.002,Non-Substrate  (High Confidence),Non-Inhibitor,0.142,Non-Inhibitor  (High Confidence),Non-Inhibitor,0.276,Non-Inhibitor  (Medium Confidence),10.06,,Non-Inhibitor,0.047,Non-Inhibitor  (High Confidence),Half-Life >= 3hs,0.543,Half-Life >= 3hs  (Low Confidence),Safe,0.153,Safe  (High Confidence),Safe,0.0,Safe  (High Confidence),Safe,0.433,Safe  (Low Confidence),-21.76,,Toxic,0.957,Toxic  (High Confidence),Safe,0.006,Safe  (High Confidence),Safe,0.0,Safe  (High Confidence),Toxic,0.539,Toxic  (Low Confidence),Safe,0.0,Safe  (High Confidence),Safe,0.011,Safe  (High Confidence),0.57,MTRD <= 0.477: Low<br/>&nbsp;&nbsp;<br/>&nbsp;&nbsp;MTRD > 0.477: High,Toxic,0.56,Toxic  (Low Confidence),Safe,0.0,Safe  (High Confidence),6.56,,Toxic,0.997,Toxic  (High Confidence),Safe,0.009,Safe  (High Confidence),Safe,0.08,Safe  (High Confidence),Safe,0.005,Safe  (High Confidence),Safe,0.0,Safe  (High Confidence),Safe,0.048,Safe  (High Confidence),Safe,0.0,Safe  (High Confidence),Safe,0.054,Safe  (High Confidence),Safe,0.0,Safe  (High Confidence),Safe,0.0,Safe  (High Confidence),-1692071.86,PIGC50% > -0.5 log ug/L: toxic,2.24,,5.03,,2144.87,LC50% < 0.5mM <br/>&nbsp;&nbsp;<br/>&nbsp;&nbsp; (log LC50% < -0.3) = <br/>&nbsp;&nbsp;<br/>&nbsp;&nbsp; High Acute Toxicity,Safe,0.014,Safe  (High Confidence),Safe,0.294,Safe  (Medium Confidence),Safe,0.297,Safe  (Medium Confidence),Safe,0.006,Safe  (High Confidence),Safe,0.001,Safe  (High Confidence),Safe,0.01,Safe  (High Confidence),Safe,0.0,Safe  (High Confidence),184381.56,BP<25: gas,-2.92,,-0.82,Proper Value: 1 to 3 log mol/L,-1.21,Proper Value: 0 to 3 log mol/L,-3.9,Proper Value: -4 to 0.5 log mol/L,-6057.42,Vapor (Gas) Phase: log vp < 4; Vapor and Particulate Phase: 5 =< log vp < 8; Solid Phase: log vp > 8 ,215.82,MP<25: liquid; MP>25:solid,-11.7,,3.86,,756.71,-2.55,304.21,11.0,19.0,13.0,False,False,False
O=c1c(O)c(-c2ccc(OC3OC(CO)C(O)C(O)C3O)c(O)c2)oc2cc(O)ccc12,92,Fisetin 4'-glucoside,Fisetin 4'-glucoside,Phyllanthus niruri,Phyllanthus niruri,44258681,44258681,C21H20O11,False,0.9556218,O=c1c(O)c(-c2ccc(OC3OC(CO)C(O)C(O)C3O)c(O)c2)oc2cc(O)ccc12,-6.44,,Non-Bioavailable,0.421,Non-Bioavailable  (Low Confidence),Non-Absorbed,0.241,Non-Absorbed  (Medium Confidence),-5.62,Proper Value:  > 2 x 10-6cm/s,Non-Bioavailable,0.439,Non-Bioavailable  (Low Confidence),Non-Inhibitor,0.003,Non-Inhibitor  (High Confidence),Substrate,0.569,Substrate  (Low Confidence),0.37,Low Skin Permeability: log KP > -2.5,-4.18,- ,Non-Penetrable,0.0,Non-Penetrable  (High Confidence),0.86,,34.57,Proper Value: therapeutic index < 90 perc; Poor Value value > 90 perc,0.93,Low Value: < 0.71 L/kg (log VDss < -0.15); High Value > 2.81 L/kg (log VDss > 0.45).,Non-Inhibitor,0.275,Non-Inhibitor  (Medium Confidence),Non-Inhibitor,0.391,Non-Inhibitor  (Low Confidence),Non-Substrate,0.009,Non-Substrate  (High Confidence),Non-Inhibitor,0.0,Non-Inhibitor  (High Confidence),Non-Substrate,0.223,Non-Substrate  (Medium Confidence),Non-Inhibitor,0.049,Non-Inhibitor  (High Confidence),Non-Substrate,0.018,Non-Substrate  (High Confidence),Non-Inhibitor,0.0,Non-Inhibitor  (High Confidence),Non-Substrate,0.202,Non-Substrate  (Medium Confidence),Non-Inhibitor,0.051,Non-Inhibitor  (High Confidence),Non-Substrate,0.001,Non-Substrate  (High Confidence),Non-Inhibitor,0.205,Non-Inhibitor  (Medium Confidence),Non-Inhibitor,0.224,Non-Inhibitor  (Medium Confidence),12.28,,Non-Inhibitor,0.218,Non-Inhibitor  (Medium Confidence),Half-Life < 3hs,0.38,Half-Life < 3hs  (Low Confidence),Toxic,0.953,Toxic  (High Confidence),Safe,0.003,Safe  (High Confidence),Safe,0.485,Safe  (Low Confidence),-1.45,,Safe,0.021,Safe  (High Confidence),Safe,0.031,Safe  (High Confidence),Safe,0.068,Safe  (High Confidence),Safe,0.405,Safe  (Low Confidence),Safe,0.0,Safe  (High Confidence),Safe,0.025,Safe  (High Confidence),0.81,MTRD <= 0.477: Low<br/>&nbsp;&nbsp;<br/>&nbsp;&nbsp;MTRD > 0.477: High,Toxic,0.681,Toxic  (Medium Confidence),Safe,0.01,Safe  (High Confidence),4.93,,Toxic,0.999,Toxic  (High Confidence),Safe,0.303,Safe  (Medium Confidence),Safe,0.293,Safe  (Medium Confidence),Safe,0.012,Safe  (High Confidence),Safe,0.0,Safe  (High Confidence),Safe,0.136,Safe  (High Confidence),Safe,0.007,Safe  (High Confidence),Safe,0.117,Safe  (High Confidence),Safe,0.0,Safe  (High Confidence),Safe,0.001,Safe  (High Confidence),-74.04,PIGC50% > -0.5 log ug/L: toxic,2.4,,4.02,,4.14,LC50% < 0.5mM <br/>&nbsp;&nbsp;<br/>&nbsp;&nbsp; (log LC50% < -0.3) = <br/>&nbsp;&nbsp;<br/>&nbsp;&nbsp; High Acute Toxicity,Safe,0.171,Safe  (Medium Confidence),Safe,0.456,Safe  (Low Confidence),Safe,0.344,Safe  (Low Confidence),Safe,0.005,Safe  (High Confidence),Safe,0.0,Safe  (High Confidence),Safe,0.003,Safe  (High Confidence),Safe,0.028,Safe  (High Confidence),598.45,BP<25: gas,-4.12,,-0.49,Proper Value: 1 to 3 log mol/L,-0.25,Proper Value: 0 to 3 log mol/L,-3.58,Proper Value: -4 to 0.5 log mol/L,-11.48,Vapor (Gas) Phase: log vp < 4; Vapor and Particulate Phase: 5 =< log vp < 8; Solid Phase: log vp > 8 ,212.64,MP<25: liquid; MP>25:solid,5.33,,6.76,,448.38,-0.24,190.28,7.0,11.0,4.0,False,False,False
CC1(CO)C(O)CCC2(C)C(CCC3=CCOC3=O)C(CO)CCC12,93,14-Deoxy-17-hydroxyandrographolide,14-Deoxy-17-hydroxyandrographolide,Andrographis paniculata,Andrographis paniculata,11631693,11631693,C20H32O5,False,0.95452666,CC1(CO)C(O)CCC2(C)C(CCC3=CCOC3=O)C(CO)CCC12,-4.59,,Bioavailable,0.707,Bioavailable  (Medium Confidence),Absorbed,0.976,Absorbed  (High Confidence),-4.97,Proper Value:  > 2 x 10-6cm/s,Bioavailable,0.64,Bioavailable  (Low Confidence),Non-Inhibitor,0.027,Non-Inhibitor  (High Confidence),Non-Substrate,0.399,Non-Substrate  (Low Confidence),-2.95,Low Skin Permeability: log KP > -2.5,-2.81,- ,Non-Penetrable,0.255,Non-Penetrable  (Medium Confidence),0.7,,8.91,Proper Value: therapeutic index < 90 perc; Poor Value value > 90 perc,1.19,Low Value: < 0.71 L/kg (log VDss < -0.15); High Value > 2.81 L/kg (log VDss > 0.45).,Non-Inhibitor,0.107,Non-Inhibitor  (High Confidence),Non-Inhibitor,0.056,Non-Inhibitor  (High Confidence),Non-Substrate,0.361,Non-Substrate  (Low Confidence),Non-Inhibitor,0.001,Non-Inhibitor  (High Confidence),Non-Substrate,0.416,Non-Substrate  (Low Confidence),Non-Inhibitor,0.047,Non-Inhibitor  (High Confidence),Non-Substrate,0.0,Non-Substrate  (High Confidence),Non-Inhibitor,0.0,Non-Inhibitor  (High Confidence),Non-Substrate,0.379,Non-Substrate  (Low Confidence),Non-Inhibitor,0.123,Non-Inhibitor  (High Confidence),Non-Substrate,0.434,Non-Substrate  (Low Confidence),Non-Inhibitor,0.344,Non-Inhibitor  (Low Confidence),Non-Inhibitor,0.203,Non-Inhibitor  (Medium Confidence),8.06,,Non-Inhibitor,0.097,Non-Inhibitor  (High Confidence),Half-Life < 3hs,0.24,Half-Life < 3hs  (Medium Confidence),Safe,0.103,Safe  (High Confidence),Safe,0.011,Safe  (High Confidence),Toxic,0.898,Toxic  (High Confidence),-0.72,,Safe,0.029,Safe  (High Confidence),Safe,0.479,Safe  (Low Confidence),Safe,0.026,Safe  (High Confidence),Safe,0.315,Safe  (Medium Confidence),Safe,0.0,Safe  (High Confidence),Safe,0.012,Safe  (High Confidence),-1.67,MTRD <= 0.477: Low<br/>&nbsp;&nbsp;<br/>&nbsp;&nbsp;MTRD > 0.477: High,Toxic,0.629,Toxic  (Low Confidence),Safe,0.0,Safe  (High Confidence),5.1,,Safe,0.429,Safe  (Low Confidence),Safe,0.001,Safe  (High Confidence),Safe,0.234,Safe  (Medium Confidence),Safe,0.031,Safe  (High Confidence),Safe,0.04,Safe  (High Confidence),Safe,0.095,Safe  (High Confidence),Safe,0.005,Safe  (High Confidence),Toxic,0.746,Toxic  (Medium Confidence),Safe,0.018,Safe  (High Confidence),Safe,0.054,Safe  (High Confidence),-0.42,PIGC50% > -0.5 log ug/L: toxic,2.77,,2.25,,3.94,LC50% < 0.5mM <br/>&nbsp;&nbsp;<br/>&nbsp;&nbsp; (log LC50% < -0.3) = <br/>&nbsp;&nbsp;<br/>&nbsp;&nbsp; High Acute Toxicity,Toxic,0.998,Toxic  (High Confidence),Safe,0.45,Safe  (Low Confidence),Safe,0.001,Safe  (High Confidence),Safe,0.0,Safe  (High Confidence),Safe,0.084,Safe  (High Confidence),Safe,0.053,Safe  (High Confidence),Safe,0.053,Safe  (High Confidence),420.16,BP<25: gas,-7.48,,1.37,Proper Value: 1 to 3 log mol/L,0.91,Proper Value: 0 to 3 log mol/L,-2.87,Proper Value: -4 to 0.5 log mol/L,-7.94,Vapor (Gas) Phase: log vp < 4; Vapor and Particulate Phase: 5 =< log vp < 8; Solid Phase: log vp > 8 ,158.7,MP<25: liquid; MP>25:solid,7.51,,6.97,,352.47,2.04,86.99,3.0,5.0,5.0,False,False,False
COc1cc(O)c2c(=O)c(OC)c(-c3ccccc3)oc2c1,94,"5-Hydroxy-3,7-dimethoxyflavone","5-Hydroxy-3,7-dimethoxyflavone",Zingiber officinale,Zingiber officinale,5748697,5748697,C17H14O5,False,0.95394546,COc1cc(O)c2c(=O)c(OC)c(-c3ccccc3)oc2c1,-4.56,,Bioavailable,0.796,Bioavailable  (Medium Confidence),Absorbed,0.992,Absorbed  (High Confidence),-4.34,Proper Value:  > 2 x 10-6cm/s,Bioavailable,0.751,Bioavailable  (Medium Confidence),Inhibitor,1.0,Inhibitor  (High Confidence),Non-Substrate,0.078,Non-Substrate  (High Confidence),-1.4,Low Skin Permeability: log KP > -2.5,-2.49,- ,Penetrable,0.978,Penetrable  (High Confidence),1.57,,86.44,Proper Value: therapeutic index < 90 perc; Poor Value value > 90 perc,0.68,Low Value: < 0.71 L/kg (log VDss < -0.15); High Value > 2.81 L/kg (log VDss > 0.45).,Inhibitor,0.832,Inhibitor  (Medium Confidence),Inhibitor,0.983,Inhibitor  (High Confidence),Non-Substrate,0.474,Non-Substrate  (Low Confidence),Inhibitor,0.978,Inhibitor  (High Confidence),Non-Substrate,0.343,Non-Substrate  (Low Confidence),Inhibitor,0.916,Inhibitor  (High Confidence),Substrate,0.992,Substrate  (High Confidence),Non-Inhibitor,0.052,Non-Inhibitor  (High Confidence),Non-Substrate,0.45,Non-Substrate  (Low Confidence),Inhibitor,0.661,Inhibitor  (Low Confidence),Non-Substrate,0.065,Non-Substrate  (High Confidence),Non-Inhibitor,0.097,Non-Inhibitor  (High Confidence),Non-Inhibitor,0.081,Non-Inhibitor  (High Confidence),6.49,,Non-Inhibitor,0.361,Non-Inhibitor  (Low Confidence),Half-Life < 3hs,0.252,Half-Life < 3hs  (Medium Confidence),Safe,0.16,Safe  (High Confidence),Safe,0.104,Safe  (High Confidence),Safe,0.467,Safe  (Low Confidence),1.93,,Safe,0.101,Safe  (High Confidence),Safe,0.153,Safe  (High Confidence),Toxic,0.975,Toxic  (High Confidence),Toxic,0.615,Toxic  (Low Confidence),Safe,0.0,Safe  (High Confidence),Safe,0.321,Safe  (Medium Confidence),0.94,MTRD <= 0.477: Low<br/>&nbsp;&nbsp;<br/>&nbsp;&nbsp;MTRD > 0.477: High,Toxic,0.662,Toxic  (Low Confidence),Safe,0.119,Safe  (High Confidence),6.1,,Toxic,0.812,Toxic  (Medium Confidence),Toxic,0.876,Toxic  (High Confidence),Safe,0.046,Safe  (High Confidence),Safe,0.012,Safe  (High Confidence),Safe,0.0,Safe  (High Confidence),Safe,0.213,Safe  (Medium Confidence),Safe,0.015,Safe  (High Confidence),Safe,0.168,Safe  (Medium Confidence),Safe,0.015,Safe  (High Confidence),Safe,0.041,Safe  (High Confidence),3.49,PIGC50% > -0.5 log ug/L: toxic,2.34,,2.15,,5.11,LC50% < 0.5mM <br/>&nbsp;&nbsp;<br/>&nbsp;&nbsp; (log LC50% < -0.3) = <br/>&nbsp;&nbsp;<br/>&nbsp;&nbsp; High Acute Toxicity,Toxic,0.633,Toxic  (Low Confidence),Safe,0.354,Safe  (Low Confidence),Toxic,0.812,Toxic  (Medium Confidence),Safe,0.068,Safe  (High Confidence),Safe,0.006,Safe  (High Confidence),Toxic,0.637,Toxic  (Low Confidence),Safe,0.448,Safe  (Low Confidence),410.23,BP<25: gas,-9.91,,3.18,Proper Value: 1 to 3 log mol/L,3.66,Proper Value: 0 to 3 log mol/L,-5.14,Proper Value: -4 to 0.5 log mol/L,-7.25,Vapor (Gas) Phase: log vp < 4; Vapor and Particulate Phase: 5 =< log vp < 8; Solid Phase: log vp > 8 ,158.11,MP<25: liquid; MP>25:solid,7.79,,0.14,,298.29,3.18,68.9,1.0,5.0,3.0,False,False,False
CC(C)(COP(=O)(O)OP(=O)(O)OCC1OC(n2cnc3c(N)ncnc32)C(O)C1OP(=O)(O)O)C(O)C(=O)NCCC(=O)NCCSC(=O)C=Cc1ccccc1,95,Cinnamoyl-CoA,Cinnamoyl-CoA,Zingiber officinale,Zingiber officinale,6444037,6444037,C30H42N7O17P3S,False,0.9533124,CC(C)(COP(=O)(O)OP(=O)(O)OCC1OC(n2cnc3c(N)ncnc32)C(O)C1OP(=O)(O)O)C(O)C(=O)NCCC(=O)NCCSC(=O)C=Cc1ccccc1,-5.5,,Non-Bioavailable,0.002,Non-Bioavailable  (High Confidence),Absorbed,0.988,Absorbed  (High Confidence),30.42,Proper Value:  > 2 x 10-6cm/s,Non-Bioavailable,0.001,Non-Bioavailable  (High Confidence),Non-Inhibitor,0.0,Non-Inhibitor  (High Confidence),Non-Substrate,0.019,Non-Substrate  (High Confidence),4798.16,Low Skin Permeability: log KP > -2.5,-3.39,- ,Non-Penetrable,0.02,Non-Penetrable  (High Confidence),1.67,,23.75,Proper Value: therapeutic index < 90 perc; Poor Value value > 90 perc,1.06,Low Value: < 0.71 L/kg (log VDss < -0.15); High Value > 2.81 L/kg (log VDss > 0.45).,Non-Inhibitor,0.0,Non-Inhibitor  (High Confidence),Non-Inhibitor,0.033,Non-Inhibitor  (High Confidence),Non-Substrate,0.0,Non-Substrate  (High Confidence),Non-Inhibitor,0.0,Non-Inhibitor  (High Confidence),Substrate,0.528,Substrate  (Low Confidence),Non-Inhibitor,0.235,Non-Inhibitor  (Medium Confidence),Non-Substrate,0.0,Non-Substrate  (High Confidence),Non-Inhibitor,0.002,Non-Inhibitor  (High Confidence),Non-Substrate,0.0,Non-Substrate  (High Confidence),Inhibitor,0.895,Inhibitor  (High Confidence),Non-Substrate,0.001,Non-Substrate  (High Confidence),Inhibitor,0.991,Inhibitor  (High Confidence),Non-Inhibitor,0.035,Non-Inhibitor  (High Confidence),1.35,,Non-Inhibitor,0.0,Non-Inhibitor  (High Confidence),Half-Life >= 3hs,0.978,Half-Life >= 3hs  (High Confidence),Safe,0.0,Safe  (High Confidence),Safe,0.356,Safe  (Low Confidence),Toxic,0.659,Toxic  (Low Confidence),-115.27,,Safe,0.24,Safe  (Medium Confidence),Safe,0.13,Safe  (High Confidence),Toxic,0.551,Toxic  (Low Confidence),Safe,0.225,Safe  (Medium Confidence),Safe,0.0,Safe  (High Confidence),Safe,0.002,Safe  (High Confidence),-0.31,MTRD <= 0.477: Low<br/>&nbsp;&nbsp;<br/>&nbsp;&nbsp;MTRD > 0.477: High,Safe,0.366,Safe  (Low Confidence),Safe,0.0,Safe  (High Confidence),8.45,,Toxic,1.0,Toxic  (High Confidence),Safe,0.0,Safe  (High Confidence),Safe,0.041,Safe  (High Confidence),Safe,0.0,Safe  (High Confidence),Safe,0.0,Safe  (High Confidence),Safe,0.059,Safe  (High Confidence),Safe,0.001,Safe  (High Confidence),Safe,0.001,Safe  (High Confidence),Safe,0.0,Safe  (High Confidence),Safe,0.004,Safe  (High Confidence),-8708096.63,PIGC50% > -0.5 log ug/L: toxic,2.34,,1.31,,10997.11,LC50% < 0.5mM <br/>&nbsp;&nbsp;<br/>&nbsp;&nbsp; (log LC50% < -0.3) = <br/>&nbsp;&nbsp;<br/>&nbsp;&nbsp; High Acute Toxicity,Toxic,1.0,Toxic  (High Confidence),Safe,0.206,Safe  (Medium Confidence),Safe,0.0,Safe  (High Confidence),Safe,0.0,Safe  (High Confidence),Safe,0.0,Safe  (High Confidence),Safe,0.0,Safe  (High Confidence),Safe,0.0,Safe  (High Confidence),969228.87,BP<25: gas,-2.92,,-19.19,Proper Value: 1 to 3 log mol/L,-1.97,Proper Value: 0 to 3 log mol/L,-0.79,Proper Value: -4 to 0.5 log mol/L,-31973.01,Vapor (Gas) Phase: log vp < 4; Vapor and Particulate Phase: 5 =< log vp < 8; Solid Phase: log vp > 8 ,265.68,MP<25: liquid; MP>25:solid,-198.01,,2.43,,897.69,0.38,363.63,9.0,18.0,21.0,False,False,False
O=C1C=CC(O)(CCOC2OC(COC(=O)Cc3ccc(O)cc3)C(O)C(O)C2O)C=C1,96,Forsythenside A,Forsythenside A,Forsythia suspensa,Forsythia suspensa,11797786,11797786,C22H26O10,False,0.9529347,O=C1C=CC(O)(CCOC2OC(COC(=O)Cc3ccc(O)cc3)C(O)C(O)C2O)C=C1,-6.16,,Non-Bioavailable,0.425,Non-Bioavailable  (Low Confidence),Non-Absorbed,0.453,Non-Absorbed  (Low Confidence),-4.92,Proper Value:  > 2 x 10-6cm/s,Non-Bioavailable,0.326,Non-Bioavailable  (Medium Confidence),Non-Inhibitor,0.025,Non-Inhibitor  (High Confidence),Substrate,0.516,Substrate  (Low Confidence),-1.88,Low Skin Permeability: log KP > -2.5,-3.69,- ,Non-Penetrable,0.321,Non-Penetrable  (Medium Confidence),0.77,,-1.24,Proper Value: therapeutic index < 90 perc; Poor Value value > 90 perc,0.7,Low Value: < 0.71 L/kg (log VDss < -0.15); High Value > 2.81 L/kg (log VDss > 0.45).,Non-Inhibitor,0.08,Non-Inhibitor  (High Confidence),Non-Inhibitor,0.459,Non-Inhibitor  (Low Confidence),Non-Substrate,0.041,Non-Substrate  (High Confidence),Non-Inhibitor,0.019,Non-Inhibitor  (High Confidence),Non-Substrate,0.346,Non-Substrate  (Low Confidence),Non-Inhibitor,0.024,Non-Inhibitor  (High Confidence),Non-Substrate,0.002,Non-Substrate  (High Confidence),Non-Inhibitor,0.002,Non-Inhibitor  (High Confidence),Non-Substrate,0.189,Non-Substrate  (Medium Confidence),Non-Inhibitor,0.179,Non-Inhibitor  (Medium Confidence),Non-Substrate,0.142,Non-Substrate  (High Confidence),Non-Inhibitor,0.253,Non-Inhibitor  (Medium Confidence),Non-Inhibitor,0.153,Non-Inhibitor  (High Confidence),7.53,,Non-Inhibitor,0.104,Non-Inhibitor  (High Confidence),Half-Life >= 3hs,0.632,Half-Life >= 3hs  (Low Confidence),Toxic,0.755,Toxic  (Medium Confidence),Safe,0.003,Safe  (High Confidence),Toxic,0.545,Toxic  (Low Confidence),-1.87,,Toxic,0.874,Toxic  (High Confidence),Safe,0.325,Safe  (Medium Confidence),Safe,0.003,Safe  (High Confidence),Safe,0.302,Safe  (Medium Confidence),Safe,0.0,Safe  (High Confidence),Safe,0.024,Safe  (High Confidence),0.93,MTRD <= 0.477: Low<br/>&nbsp;&nbsp;<br/>&nbsp;&nbsp;MTRD > 0.477: High,Safe,0.476,Safe  (Low Confidence),Safe,0.001,Safe  (High Confidence),5.51,,Toxic,0.933,Toxic  (High Confidence),Safe,0.012,Safe  (High Confidence),Safe,0.178,Safe  (Medium Confidence),Safe,0.031,Safe  (High Confidence),Safe,0.023,Safe  (High Confidence),Safe,0.102,Safe  (High Confidence),Safe,0.028,Safe  (High Confidence),Safe,0.414,Safe  (Low Confidence),Safe,0.003,Safe  (High Confidence),Safe,0.0,Safe  (High Confidence),-57.3,PIGC50% > -0.5 log ug/L: toxic,2.28,,3.62,,4.14,LC50% < 0.5mM <br/>&nbsp;&nbsp;<br/>&nbsp;&nbsp; (log LC50% < -0.3) = <br/>&nbsp;&nbsp;<br/>&nbsp;&nbsp; High Acute Toxicity,Safe,0.176,Safe  (Medium Confidence),Safe,0.412,Safe  (Low Confidence),Safe,0.151,Safe  (High Confidence),Safe,0.001,Safe  (High Confidence),Safe,0.016,Safe  (High Confidence),Safe,0.014,Safe  (High Confidence),Safe,0.0,Safe  (High Confidence),511.45,BP<25: gas,-4.12,,0.5,Proper Value: 1 to 3 log mol/L,-0.75,Proper Value: 0 to 3 log mol/L,-2.4,Proper Value: -4 to 0.5 log mol/L,-10.73,Vapor (Gas) Phase: log vp < 4; Vapor and Particulate Phase: 5 =< log vp < 8; Solid Phase: log vp > 8 ,167.51,MP<25: liquid; MP>25:solid,5.85,,5.07,,450.44,-0.88,162.98,5.0,10.0,8.0,False,False,False
O=c1c(O)c(-c2ccc(O)c(O)c2)oc2cc(O)cc(O)c12,97,Quercetin,Quercetin,Phyllanthus niruri,Phyllanthus niruri | Zingiber officinale,5280343,5280343,C15H10O7,False,0.95109755,O=c1c(O)c(-c2ccc(O)c(O)c2)oc2cc(O)cc(O)c12,-5.8,,Non-Bioavailable,0.419,Non-Bioavailable  (Low Confidence),Absorbed,0.866,Absorbed  (High Confidence),-5.36,Proper Value:  > 2 x 10-6cm/s,Non-Bioavailable,0.474,Non-Bioavailable  (Low Confidence),Non-Inhibitor,0.001,Non-Inhibitor  (High Confidence),Non-Substrate,0.18,Non-Substrate  (Medium Confidence),0.23,Low Skin Permeability: log KP > -2.5,-3.12,- ,Non-Penetrable,0.001,Non-Penetrable  (High Confidence),0.8,,97.17,Proper Value: therapeutic index < 90 perc; Poor Value value > 90 perc,0.14,Low Value: < 0.71 L/kg (log VDss < -0.15); High Value > 2.81 L/kg (log VDss > 0.45).,Inhibitor,0.597,Inhibitor  (Low Confidence),Inhibitor,0.974,Inhibitor  (High Confidence),Non-Substrate,0.175,Non-Substrate  (Medium Confidence),Non-Inhibitor,0.136,Non-Inhibitor  (High Confidence),Non-Substrate,0.297,Non-Substrate  (Medium Confidence),Inhibitor,0.738,Inhibitor  (Medium Confidence),Non-Substrate,0.122,Non-Substrate  (High Confidence),Non-Inhibitor,0.02,Non-Inhibitor  (High Confidence),Non-Substrate,0.265,Non-Substrate  (Medium Confidence),Non-Inhibitor,0.488,Non-Inhibitor  (Low Confidence),Non-Substrate,0.0,Non-Substrate  (High Confidence),Non-Inhibitor,0.295,Non-Inhibitor  (Medium Confidence),Non-Inhibitor,0.1,Non-Inhibitor  (High Confidence),8.91,,Non-Inhibitor,0.453,Non-Inhibitor  (Low Confidence),Half-Life < 3hs,0.326,Half-Life < 3hs  (Medium Confidence),Safe,0.282,Safe  (Medium Confidence),Safe,0.053,Safe  (High Confidence),Safe,0.448,Safe  (Low Confidence),0.38,,Safe,0.001,Safe  (High Confidence),Safe,0.288,Safe  (Medium Confidence),Toxic,0.728,Toxic  (Medium Confidence),Toxic,0.775,Toxic  (Medium Confidence),Safe,0.0,Safe  (High Confidence),Toxic,0.702,Toxic  (Medium Confidence),1.18,MTRD <= 0.477: Low<br/>&nbsp;&nbsp;<br/>&nbsp;&nbsp;MTRD > 0.477: High,Toxic,0.615,Toxic  (Low Confidence),Safe,0.469,Safe  (Low Confidence),5.12,,Toxic,0.998,Toxic  (High Confidence),Toxic,0.824,Toxic  (Medium Confidence),Safe,0.079,Safe  (High Confidence),Safe,0.011,Safe  (High Confidence),Safe,0.001,Safe  (High Confidence),Toxic,0.512,Toxic  (Low Confidence),Safe,0.364,Safe  (Low Confidence),Safe,0.273,Safe  (Medium Confidence),Safe,0.001,Safe  (High Confidence),Safe,0.036,Safe  (High Confidence),3.1,PIGC50% > -0.5 log ug/L: toxic,2.5,,3.46,,3.94,LC50% < 0.5mM <br/>&nbsp;&nbsp;<br/>&nbsp;&nbsp; (log LC50% < -0.3) = <br/>&nbsp;&nbsp;<br/>&nbsp;&nbsp; High Acute Toxicity,Safe,0.086,Safe  (High Confidence),Toxic,0.694,Toxic  (Medium Confidence),Toxic,0.554,Toxic  (Low Confidence),Safe,0.006,Safe  (High Confidence),Safe,0.003,Safe  (High Confidence),Toxic,0.944,Toxic  (High Confidence),Safe,0.032,Safe  (High Confidence),507.2,BP<25: gas,-11.02,,1.39,Proper Value: 1 to 3 log mol/L,1.69,Proper Value: 0 to 3 log mol/L,-3.12,Proper Value: -4 to 0.5 log mol/L,-8.26,Vapor (Gas) Phase: log vp < 4; Vapor and Particulate Phase: 5 =< log vp < 8; Solid Phase: log vp > 8 ,327.42,MP<25: liquid; MP>25:solid,6.94,,7.18,,302.24,1.99,131.36,5.0,7.0,1.0,False,False,False
O=c1c(O)c(-c2ccccc2)oc2cc(O)cc(O)c12,98,Galangin,Galangin,Zingiber officinale,Zingiber officinale,5281616,5281616,C15H10O5,False,0.94962496,O=c1c(O)c(-c2ccccc2)oc2cc(O)cc(O)c12,-4.96,,Bioavailable,0.635,Bioavailable  (Low Confidence),Absorbed,0.977,Absorbed  (High Confidence),-4.83,Proper Value:  > 2 x 10-6cm/s,Bioavailable,0.591,Bioavailable  (Low Confidence),Non-Inhibitor,0.001,Non-Inhibitor  (High Confidence),Non-Substrate,0.11,Non-Substrate  (High Confidence),-0.43,Low Skin Permeability: log KP > -2.5,-2.32,- ,Penetrable,0.841,Penetrable  (High Confidence),0.9,,96.49,Proper Value: therapeutic index < 90 perc; Poor Value value > 90 perc,0.27,Low Value: < 0.71 L/kg (log VDss < -0.15); High Value > 2.81 L/kg (log VDss > 0.45).,Inhibitor,0.723,Inhibitor  (Medium Confidence),Inhibitor,0.992,Inhibitor  (High Confidence),Non-Substrate,0.273,Non-Substrate  (Medium Confidence),Inhibitor,0.752,Inhibitor  (Medium Confidence),Non-Substrate,0.362,Non-Substrate  (Low Confidence),Inhibitor,0.93,Inhibitor  (High Confidence),Substrate,0.96,Substrate  (High Confidence),Inhibitor,0.756,Inhibitor  (Medium Confidence),Non-Substrate,0.386,Non-Substrate  (Low Confidence),Inhibitor,0.628,Inhibitor  (Low Confidence),Non-Substrate,0.017,Non-Substrate  (High Confidence),Non-Inhibitor,0.223,Non-Inhibitor  (Medium Confidence),Non-Inhibitor,0.091,Non-Inhibitor  (High Confidence),2.5,,Non-Inhibitor,0.234,Non-Inhibitor  (Medium Confidence),Half-Life < 3hs,0.298,Half-Life < 3hs  (Medium Confidence),Safe,0.128,Safe  (High Confidence),Safe,0.163,Safe  (High Confidence),Safe,0.407,Safe  (Low Confidence),1.37,,Safe,0.002,Safe  (High Confidence),Safe,0.419,Safe  (Low Confidence),Toxic,0.953,Toxic  (High Confidence),Toxic,0.715,Toxic  (Medium Confidence),Safe,0.0,Safe  (High Confidence),Toxic,0.662,Toxic  (Low Confidence),1.2,MTRD <= 0.477: Low<br/>&nbsp;&nbsp;<br/>&nbsp;&nbsp;MTRD > 0.477: High,Toxic,0.7,Toxic  (Medium Confidence),Safe,0.157,Safe  (High Confidence),4.53,,Toxic,0.976,Toxic  (High Confidence),Toxic,0.848,Toxic  (High Confidence),Safe,0.107,Safe  (High Confidence),Safe,0.006,Safe  (High Confidence),Safe,0.031,Safe  (High Confidence),Toxic,0.588,Toxic  (Low Confidence),Toxic,0.517,Toxic  (Low Confidence),Toxic,0.554,Toxic  (Low Confidence),Safe,0.015,Safe  (High Confidence),Safe,0.058,Safe  (High Confidence),3.45,PIGC50% > -0.5 log ug/L: toxic,2.47,,2.97,,4.36,LC50% < 0.5mM <br/>&nbsp;&nbsp;<br/>&nbsp;&nbsp; (log LC50% < -0.3) = <br/>&nbsp;&nbsp;<br/>&nbsp;&nbsp; High Acute Toxicity,Safe,0.049,Safe  (High Confidence),Toxic,0.583,Toxic  (Low Confidence),Toxic,0.769,Toxic  (Medium Confidence),Safe,0.121,Safe  (High Confidence),Safe,0.009,Safe  (High Confidence),Toxic,0.926,Toxic  (High Confidence),Safe,0.03,Safe  (High Confidence),434.48,BP<25: gas,-12.59,,2.02,Proper Value: 1 to 3 log mol/L,2.27,Proper Value: 0 to 3 log mol/L,-3.96,Proper Value: -4 to 0.5 log mol/L,-7.9,Vapor (Gas) Phase: log vp < 4; Vapor and Particulate Phase: 5 =< log vp < 8; Solid Phase: log vp > 8 ,255.11,MP<25: liquid; MP>25:solid,6.76,,4.83,,270.24,2.58,90.9,3.0,5.0,1.0,False,False,False
C=C1CCC2C(C)(CO)C(O)CCC2(C)C1CCC1=CCOC1=O,99,14-Deoxyandrographolide,14-Deoxyandrographolide,Andrographis paniculata,Andrographis paniculata,11624161,11624161,C20H30O4,False,0.9451406,C=C1CCC2C(C)(CO)C(O)CCC2(C)C1CCC1=CCOC1=O,-4.56,,Bioavailable,0.733,Bioavailable  (Medium Confidence),Absorbed,0.991,Absorbed  (High Confidence),-4.8,Proper Value:  > 2 x 10-6cm/s,Bioavailable,0.544,Bioavailable  (Low Confidence),Inhibitor,0.506,Inhibitor  (Low Confidence),Non-Substrate,0.24,Non-Substrate  (Medium Confidence),-2.92,Low Skin Permeability: log KP > -2.5,-2.41,- ,Penetrable,0.993,Penetrable  (High Confidence),0.97,,26.44,Proper Value: therapeutic index < 90 perc; Poor Value value > 90 perc,1.01,Low Value: < 0.71 L/kg (log VDss < -0.15); High Value > 2.81 L/kg (log VDss > 0.45).,Non-Inhibitor,0.139,Non-Inhibitor  (High Confidence),Non-Inhibitor,0.04,Non-Inhibitor  (High Confidence),Non-Substrate,0.367,Non-Substrate  (Low Confidence),Non-Inhibitor,0.024,Non-Inhibitor  (High Confidence),Non-Substrate,0.333,Non-Substrate  (Low Confidence),Non-Inhibitor,0.305,Non-Inhibitor  (Medium Confidence),Non-Substrate,0.03,Non-Substrate  (High Confidence),Non-Inhibitor,0.0,Non-Inhibitor  (High Confidence),Non-Substrate,0.474,Non-Substrate  (Low Confidence),Non-Inhibitor,0.392,Non-Inhibitor  (Low Confidence),Non-Substrate,0.348,Non-Substrate  (Low Confidence),Non-Inhibitor,0.284,Non-Inhibitor  (Medium Confidence),Non-Inhibitor,0.153,Non-Inhibitor  (High Confidence),6.51,,Non-Inhibitor,0.121,Non-Inhibitor  (High Confidence),Half-Life < 3hs,0.192,Half-Life < 3hs  (Medium Confidence),Safe,0.11,Safe  (High Confidence),Safe,0.023,Safe  (High Confidence),Toxic,0.88,Toxic  (High Confidence),-0.08,,Safe,0.091,Safe  (High Confidence),Toxic,0.54,Toxic  (Low Confidence),Safe,0.101,Safe  (High Confidence),Safe,0.378,Safe  (Low Confidence),Safe,0.0,Safe  (High Confidence),Safe,0.026,Safe  (High Confidence),-1.81,MTRD <= 0.477: Low<br/>&nbsp;&nbsp;<br/>&nbsp;&nbsp;MTRD > 0.477: High,Toxic,0.634,Toxic  (Low Confidence),Safe,0.0,Safe  (High Confidence),5.22,,Safe,0.272,Safe  (Medium Confidence),Safe,0.003,Safe  (High Confidence),Safe,0.19,Safe  (Medium Confidence),Safe,0.029,Safe  (High Confidence),Safe,0.113,Safe  (High Confidence),Safe,0.094,Safe  (High Confidence),Safe,0.007,Safe  (High Confidence),Toxic,0.75,Toxic  (Medium Confidence),Safe,0.034,Safe  (High Confidence),Safe,0.116,Safe  (High Confidence),1.02,PIGC50% > -0.5 log ug/L: toxic,2.91,,2.05,,4.13,LC50% < 0.5mM <br/>&nbsp;&nbsp;<br/>&nbsp;&nbsp; (log LC50% < -0.3) = <br/>&nbsp;&nbsp;<br/>&nbsp;&nbsp; High Acute Toxicity,Toxic,0.988,Toxic  (High Confidence),Toxic,0.664,Toxic  (Low Confidence),Safe,0.027,Safe  (High Confidence),Safe,0.0,Safe  (High Confidence),Safe,0.144,Safe  (High Confidence),Safe,0.251,Safe  (Medium Confidence),Safe,0.036,Safe  (High Confidence),396.62,BP<25: gas,-6.48,,2.38,Proper Value: 1 to 3 log mol/L,2.39,Proper Value: 0 to 3 log mol/L,-4.08,Proper Value: -4 to 0.5 log mol/L,-7.66,Vapor (Gas) Phase: log vp < 4; Vapor and Particulate Phase: 5 =< log vp < 8; Solid Phase: log vp > 8 ,148.89,MP<25: liquid; MP>25:solid,8.45,,7.07,,334.46,2.99,66.76,2.0,4.0,4.0,False,False,False
O=c1cc(-c2ccc(O)c(O)c2)oc2cc(O)cc(O)c12,100,"5,7,3',4'-Tetrahydroxyflavone","5,7,3',4'-Tetrahydroxyflavone",Melissa officinalis,Melissa officinalis,5280445,5280445,C15H10O6,False,0.94505876,O=c1cc(-c2ccc(O)c(O)c2)oc2cc(O)cc(O)c12,-5.15,,Non-Bioavailable,0.447,Non-Bioavailable  (Low Confidence),Absorbed,0.947,Absorbed  (High Confidence),-5.15,Proper Value:  > 2 x 10-6cm/s,Non-Bioavailable,0.39,Non-Bioavailable  (Low Confidence),Non-Inhibitor,0.0,Non-Inhibitor  (High Confidence),Non-Substrate,0.123,Non-Substrate  (High Confidence),-0.11,Low Skin Permeability: log KP > -2.5,-2.45,- ,Non-Penetrable,0.003,Non-Penetrable  (High Confidence),0.78,,90.2,Proper Value: therapeutic index < 90 perc; Poor Value value > 90 perc,0.17,Low Value: < 0.71 L/kg (log VDss < -0.15); High Value > 2.81 L/kg (log VDss > 0.45).,Inhibitor,0.58,Inhibitor  (Low Confidence),Inhibitor,0.981,Inhibitor  (High Confidence),Non-Substrate,0.332,Non-Substrate  (Medium Confidence),Non-Inhibitor,0.094,Non-Inhibitor  (High Confidence),Non-Substrate,0.383,Non-Substrate  (Low Confidence),Non-Inhibitor,0.411,Non-Inhibitor  (Low Confidence),Non-Substrate,0.277,Non-Substrate  (Medium Confidence),Non-Inhibitor,0.133,Non-Inhibitor  (High Confidence),Non-Substrate,0.357,Non-Substrate  (Low Confidence),Inhibitor,0.769,Inhibitor  (Medium Confidence),Non-Substrate,0.001,Non-Substrate  (High Confidence),Non-Inhibitor,0.181,Non-Inhibitor  (Medium Confidence),Non-Inhibitor,0.084,Non-Inhibitor  (High Confidence),7.95,,Non-Inhibitor,0.236,Non-Inhibitor  (Medium Confidence),Half-Life < 3hs,0.274,Half-Life < 3hs  (Medium Confidence),Safe,0.034,Safe  (High Confidence),Safe,0.145,Safe  (High Confidence),Safe,0.355,Safe  (Low Confidence),0.91,,Safe,0.001,Safe  (High Confidence),Toxic,0.501,Toxic  (Low Confidence),Toxic,0.804,Toxic  (Medium Confidence),Toxic,0.798,Toxic  (Medium Confidence),Safe,0.0,Safe  (High Confidence),Toxic,0.829,Toxic  (Medium Confidence),1.52,MTRD <= 0.477: Low<br/>&nbsp;&nbsp;<br/>&nbsp;&nbsp;MTRD > 0.477: High,Toxic,0.609,Toxic  (Low Confidence),Safe,0.498,Safe  (Low Confidence),5.05,,Toxic,0.995,Toxic  (High Confidence),Toxic,0.868,Toxic  (High Confidence),Safe,0.063,Safe  (High Confidence),Safe,0.004,Safe  (High Confidence),Safe,0.148,Safe  (High Confidence),Toxic,0.82,Toxic  (Medium Confidence),Toxic,0.912,Toxic  (High Confidence),Toxic,0.647,Toxic  (Low Confidence),Safe,0.006,Safe  (High Confidence),Safe,0.093,Safe  (High Confidence),3.63,PIGC50% > -0.5 log ug/L: toxic,2.3,,3.13,,4.25,LC50% < 0.5mM <br/>&nbsp;&nbsp;<br/>&nbsp;&nbsp; (log LC50% < -0.3) = <br/>&nbsp;&nbsp;<br/>&nbsp;&nbsp; High Acute Toxicity,Toxic,0.514,Toxic  (Low Confidence),Toxic,0.737,Toxic  (Medium Confidence),Safe,0.435,Safe  (Low Confidence),Safe,0.127,Safe  (High Confidence),Safe,0.036,Safe  (High Confidence),Toxic,0.969,Toxic  (High Confidence),Toxic,0.577,Toxic  (Low Confidence),489.65,BP<25: gas,-12.58,,2.64,Proper Value: 1 to 3 log mol/L,2.74,Proper Value: 0 to 3 log mol/L,-3.87,Proper Value: -4 to 0.5 log mol/L,-8.92,Vapor (Gas) Phase: log vp < 4; Vapor and Particulate Phase: 5 =< log vp < 8; Solid Phase: log vp > 8 ,342.36,MP<25: liquid; MP>25:solid,6.24,,7.74,,286.24,2.28,111.13,4.0,6.0,1.0,False,False,False
COc1cc(C=CCO)cc(OC)c1O,101,Sinapyl alcohol,Sinapyl alcohol,Forsythia suspensa,Forsythia suspensa,5280507,5280507,C11H14O4,False,0.9417798,COc1cc(C=CCO)cc(OC)c1O,-4.3,,Bioavailable,0.713,Bioavailable  (Medium Confidence),Absorbed,0.982,Absorbed  (High Confidence),-3.91,Proper Value:  > 2 x 10-6cm/s,Bioavailable,0.646,Bioavailable  (Low Confidence),Non-Inhibitor,0.0,Non-Inhibitor  (High Confidence),Non-Substrate,0.136,Non-Substrate  (High Confidence),-2.56,Low Skin Permeability: log KP > -2.5,-2.67,- ,Penetrable,0.747,Penetrable  (Medium Confidence),0.64,,7.61,Proper Value: therapeutic index < 90 perc; Poor Value value > 90 perc,0.63,Low Value: < 0.71 L/kg (log VDss < -0.15); High Value > 2.81 L/kg (log VDss > 0.45).,Non-Inhibitor,0.167,Non-Inhibitor  (Medium Confidence),Non-Inhibitor,0.06,Non-Inhibitor  (High Confidence),Substrate,0.543,Substrate  (Low Confidence),Non-Inhibitor,0.075,Non-Inhibitor  (High Confidence),Non-Substrate,0.462,Non-Substrate  (Low Confidence),Non-Inhibitor,0.051,Non-Inhibitor  (High Confidence),Substrate,0.938,Substrate  (High Confidence),Non-Inhibitor,0.0,Non-Inhibitor  (High Confidence),Substrate,0.508,Substrate  (Low Confidence),Non-Inhibitor,0.037,Non-Inhibitor  (High Confidence),Substrate,0.607,Substrate  (Low Confidence),Non-Inhibitor,0.044,Non-Inhibitor  (High Confidence),Non-Inhibitor,0.041,Non-Inhibitor  (High Confidence),7.56,,Non-Inhibitor,0.031,Non-Inhibitor  (High Confidence),Half-Life < 3hs,0.418,Half-Life < 3hs  (Low Confidence),Safe,0.021,Safe  (High Confidence),Safe,0.112,Safe  (High Confidence),Toxic,0.542,Toxic  (Low Confidence),1.09,,Toxic,0.792,Toxic  (Medium Confidence),Safe,0.352,Safe  (Low Confidence),Safe,0.121,Safe  (High Confidence),Safe,0.375,Safe  (Low Confidence),Safe,0.034,Safe  (High Confidence),Toxic,0.929,Toxic  (High Confidence),0.92,MTRD <= 0.477: Low<br/>&nbsp;&nbsp;<br/>&nbsp;&nbsp;MTRD > 0.477: High,Safe,0.326,Safe  (Medium Confidence),Safe,0.048,Safe  (High Confidence),5.12,,Safe,0.424,Safe  (Low Confidence),Safe,0.272,Safe  (Medium Confidence),Safe,0.008,Safe  (High Confidence),Safe,0.009,Safe  (High Confidence),Safe,0.056,Safe  (High Confidence),Safe,0.046,Safe  (High Confidence),Safe,0.001,Safe  (High Confidence),Safe,0.141,Safe  (High Confidence),Safe,0.026,Safe  (High Confidence),Safe,0.039,Safe  (High Confidence),0.91,PIGC50% > -0.5 log ug/L: toxic,2.05,,2.52,,3.96,LC50% < 0.5mM <br/>&nbsp;&nbsp;<br/>&nbsp;&nbsp; (log LC50% < -0.3) = <br/>&nbsp;&nbsp;<br/>&nbsp;&nbsp; High Acute Toxicity,Safe,0.055,Safe  (High Confidence),Toxic,0.573,Toxic  (Low Confidence),Safe,0.177,Safe  (Medium Confidence),Safe,0.01,Safe  (High Confidence),Safe,0.056,Safe  (High Confidence),Safe,0.034,Safe  (High Confidence),Safe,0.281,Safe  (Medium Confidence),315.75,BP<25: gas,-10.41,,0.83,Proper Value: 1 to 3 log mol/L,0.78,Proper Value: 0 to 3 log mol/L,-1.46,Proper Value: -4 to 0.5 log mol/L,-4.34,Vapor (Gas) Phase: log vp < 4; Vapor and Particulate Phase: 5 =< log vp < 8; Solid Phase: log vp > 8 ,102.01,MP<25: liquid; MP>25:solid,9.13,,1.96,,210.23,1.41,58.92,2.0,4.0,4.0,False,False,False
COc1ccc(-c2cc(=O)c3c(O)cc(OC)cc3o2)cc1,102,"5-Hydroxy-7,4'-dimethoxyflavone","5-Hydroxy-7,4'-dimethoxyflavone",Andrographis paniculata,Andrographis paniculata | Zingiber officinale,5281601,5281601,C17H14O5,False,0.9362564,COc1ccc(-c2cc(=O)c3c(O)cc(OC)cc3o2)cc1,-4.67,,Bioavailable,0.778,Bioavailable  (Medium Confidence),Absorbed,0.991,Absorbed  (High Confidence),-4.54,Proper Value:  > 2 x 10-6cm/s,Bioavailable,0.601,Bioavailable  (Low Confidence),Inhibitor,0.612,Inhibitor  (Low Confidence),Non-Substrate,0.084,Non-Substrate  (High Confidence),-1.62,Low Skin Permeability: log KP > -2.5,-2.62,- ,Penetrable,0.877,Penetrable  (High Confidence),1.46,,80.8,Proper Value: therapeutic index < 90 perc; Poor Value value > 90 perc,0.44,Low Value: < 0.71 L/kg (log VDss < -0.15); High Value > 2.81 L/kg (log VDss > 0.45).,Inhibitor,0.827,Inhibitor  (Medium Confidence),Inhibitor,0.985,Inhibitor  (High Confidence),Substrate,0.643,Substrate  (Low Confidence),Inhibitor,0.964,Inhibitor  (High Confidence),Non-Substrate,0.406,Non-Substrate  (Low Confidence),Inhibitor,0.797,Inhibitor  (Medium Confidence),Substrate,0.992,Substrate  (High Confidence),Non-Inhibitor,0.346,Non-Inhibitor  (Low Confidence),Non-Substrate,0.495,Non-Substrate  (Low Confidence),Inhibitor,0.889,Inhibitor  (High Confidence),Non-Substrate,0.057,Non-Substrate  (High Confidence),Non-Inhibitor,0.09,Non-Inhibitor  (High Confidence),Non-Inhibitor,0.075,Non-Inhibitor  (High Confidence),5.04,,Non-Inhibitor,0.266,Non-Inhibitor  (Medium Confidence),Half-Life < 3hs,0.283,Half-Life < 3hs  (Medium Confidence),Safe,0.303,Safe  (Medium Confidence),Safe,0.167,Safe  (High Confidence),Safe,0.405,Safe  (Low Confidence),1.86,,Safe,0.118,Safe  (High Confidence),Safe,0.238,Safe  (Medium Confidence),Toxic,0.96,Toxic  (High Confidence),Toxic,0.572,Toxic  (Low Confidence),Safe,0.0,Safe  (High Confidence),Toxic,0.57,Toxic  (Low Confidence),1.02,MTRD <= 0.477: Low<br/>&nbsp;&nbsp;<br/>&nbsp;&nbsp;MTRD > 0.477: High,Toxic,0.71,Toxic  (Medium Confidence),Safe,0.492,Safe  (Low Confidence),5.31,,Toxic,0.775,Toxic  (Medium Confidence),Toxic,0.84,Toxic  (High Confidence),Safe,0.066,Safe  (High Confidence),Safe,0.007,Safe  (High Confidence),Safe,0.002,Safe  (High Confidence),Safe,0.471,Safe  (Low Confidence),Safe,0.05,Safe  (High Confidence),Safe,0.365,Safe  (Low Confidence),Safe,0.017,Safe  (High Confidence),Safe,0.09,Safe  (High Confidence),3.84,PIGC50% > -0.5 log ug/L: toxic,2.08,,2.24,,4.94,LC50% < 0.5mM <br/>&nbsp;&nbsp;<br/>&nbsp;&nbsp; (log LC50% < -0.3) = <br/>&nbsp;&nbsp;<br/>&nbsp;&nbsp; High Acute Toxicity,Safe,0.434,Safe  (Low Confidence),Safe,0.407,Safe  (Low Confidence),Toxic,0.708,Toxic  (Medium Confidence),Safe,0.231,Safe  (Medium Confidence),Safe,0.015,Safe  (High Confidence),Toxic,0.595,Toxic  (Low Confidence),Safe,0.153,Safe  (High Confidence),428.1,BP<25: gas,-10.93,,3.74,Proper Value: 1 to 3 log mol/L,3.83,Proper Value: 0 to 3 log mol/L,-6.0,Proper Value: -4 to 0.5 log mol/L,-7.28,Vapor (Gas) Phase: log vp < 4; Vapor and Particulate Phase: 5 =< log vp < 8; Solid Phase: log vp > 8 ,202.18,MP<25: liquid; MP>25:solid,8.64,,3.21,,298.29,3.18,68.9,1.0,5.0,3.0,False,False,False
COc1cc(O)c2c(=O)cc(-c3ccccc3)oc2c1,103,Tectochrysin,Tectochrysin,Zingiber officinale,Zingiber officinale,5281954,5281954,C16H12O4,False,0.93323034,COc1cc(O)c2c(=O)cc(-c3ccccc3)oc2c1,-4.74,,Bioavailable,0.773,Bioavailable  (Medium Confidence),Absorbed,0.996,Absorbed  (High Confidence),-4.33,Proper Value:  > 2 x 10-6cm/s,Bioavailable,0.696,Bioavailable  (Medium Confidence),Inhibitor,0.997,Inhibitor  (High Confidence),Non-Substrate,0.066,Non-Substrate  (High Confidence),-1.43,Low Skin Permeability: log KP > -2.5,-2.08,- ,Penetrable,0.973,Penetrable  (High Confidence),1.4,,81.43,Proper Value: therapeutic index < 90 perc; Poor Value value > 90 perc,0.69,Low Value: < 0.71 L/kg (log VDss < -0.15); High Value > 2.81 L/kg (log VDss > 0.45).,Inhibitor,0.794,Inhibitor  (Medium Confidence),Inhibitor,0.99,Inhibitor  (High Confidence),Non-Substrate,0.486,Non-Substrate  (Low Confidence),Inhibitor,0.961,Inhibitor  (High Confidence),Non-Substrate,0.402,Non-Substrate  (Low Confidence),Inhibitor,0.853,Inhibitor  (High Confidence),Substrate,0.975,Substrate  (High Confidence),Non-Inhibitor,0.042,Non-Inhibitor  (High Confidence),Non-Substrate,0.484,Non-Substrate  (Low Confidence),Inhibitor,0.696,Inhibitor  (Medium Confidence),Non-Substrate,0.059,Non-Substrate  (High Confidence),Non-Inhibitor,0.087,Non-Inhibitor  (High Confidence),Non-Inhibitor,0.069,Non-Inhibitor  (High Confidence),5.68,,Non-Inhibitor,0.244,Non-Inhibitor  (Medium Confidence),Half-Life < 3hs,0.242,Half-Life < 3hs  (Medium Confidence),Safe,0.243,Safe  (Medium Confidence),Safe,0.174,Safe  (Medium Confidence),Safe,0.285,Safe  (Medium Confidence),1.92,,Safe,0.151,Safe  (High Confidence),Safe,0.271,Safe  (Medium Confidence),Toxic,0.967,Toxic  (High Confidence),Toxic,0.671,Toxic  (Medium Confidence),Safe,0.0,Safe  (High Confidence),Toxic,0.534,Toxic  (Low Confidence),0.98,MTRD <= 0.477: Low<br/>&nbsp;&nbsp;<br/>&nbsp;&nbsp;MTRD > 0.477: High,Toxic,0.699,Toxic  (Medium Confidence),Safe,0.162,Safe  (High Confidence),5.43,,Toxic,0.825,Toxic  (Medium Confidence),Toxic,0.925,Toxic  (High Confidence),Safe,0.068,Safe  (High Confidence),Safe,0.007,Safe  (High Confidence),Safe,0.011,Safe  (High Confidence),Toxic,0.544,Toxic  (Low Confidence),Safe,0.036,Safe  (High Confidence),Safe,0.211,Safe  (Medium Confidence),Safe,0.021,Safe  (High Confidence),Safe,0.038,Safe  (High Confidence),4.04,PIGC50% > -0.5 log ug/L: toxic,2.1,,2.01,,4.87,LC50% < 0.5mM <br/>&nbsp;&nbsp;<br/>&nbsp;&nbsp; (log LC50% < -0.3) = <br/>&nbsp;&nbsp;<br/>&nbsp;&nbsp; High Acute Toxicity,Toxic,0.539,Toxic  (Low Confidence),Safe,0.457,Safe  (Low Confidence),Toxic,0.848,Toxic  (High Confidence),Safe,0.327,Safe  (Medium Confidence),Safe,0.016,Safe  (High Confidence),Toxic,0.722,Toxic  (Medium Confidence),Safe,0.091,Safe  (High Confidence),403.37,BP<25: gas,-10.51,,3.73,Proper Value: 1 to 3 log mol/L,3.85,Proper Value: 0 to 3 log mol/L,-5.11,Proper Value: -4 to 0.5 log mol/L,-7.24,Vapor (Gas) Phase: log vp < 4; Vapor and Particulate Phase: 5 =< log vp < 8; Solid Phase: log vp > 8 ,177.98,MP<25: liquid; MP>25:solid,8.29,,2.48,,268.27,3.17,59.67,1.0,4.0,2.0,False,False,False
COc1cc(O)c2c(=O)cc(-c3c(OC)cccc3OC)oc2c1,104,"5-Hydroxy-7,2',6'-trimethoxyflavone","5-Hydroxy-7,2',6'-trimethoxyflavone",Andrographis paniculata,Andrographis paniculata,5318369,5318369,C18H16O6,False,0.9282655,COc1cc(O)c2c(=O)cc(-c3c(OC)cccc3OC)oc2c1,-4.58,,Bioavailable,0.757,Bioavailable  (Medium Confidence),Absorbed,0.989,Absorbed  (High Confidence),-4.56,Proper Value:  > 2 x 10-6cm/s,Bioavailable,0.684,Bioavailable  (Medium Confidence),Inhibitor,1.0,Inhibitor  (High Confidence),Non-Substrate,0.114,Non-Substrate  (High Confidence),-1.39,Low Skin Permeability: log KP > -2.5,-2.92,- ,Penetrable,0.984,Penetrable  (High Confidence),1.55,,78.19,Proper Value: therapeutic index < 90 perc; Poor Value value > 90 perc,0.63,Low Value: < 0.71 L/kg (log VDss < -0.15); High Value > 2.81 L/kg (log VDss > 0.45).,Inhibitor,0.829,Inhibitor  (Medium Confidence),Inhibitor,0.959,Inhibitor  (High Confidence),Substrate,0.61,Substrate  (Low Confidence),Inhibitor,0.964,Inhibitor  (High Confidence),Non-Substrate,0.405,Non-Substrate  (Low Confidence),Inhibitor,0.771,Inhibitor  (Medium Confidence),Substrate,0.996,Substrate  (High Confidence),Non-Inhibitor,0.307,Non-Inhibitor  (Medium Confidence),Non-Substrate,0.419,Non-Substrate  (Low Confidence),Inhibitor,0.918,Inhibitor  (High Confidence),Non-Substrate,0.048,Non-Substrate  (High Confidence),Non-Inhibitor,0.105,Non-Inhibitor  (High Confidence),Non-Inhibitor,0.082,Non-Inhibitor  (High Confidence),6.33,,Non-Inhibitor,0.375,Non-Inhibitor  (Low Confidence),Half-Life < 3hs,0.27,Half-Life < 3hs  (Medium Confidence),Safe,0.07,Safe  (High Confidence),Safe,0.109,Safe  (High Confidence),Toxic,0.514,Toxic  (Low Confidence),1.93,,Safe,0.16,Safe  (High Confidence),Safe,0.145,Safe  (High Confidence),Toxic,0.923,Toxic  (High Confidence),Toxic,0.519,Toxic  (Low Confidence),Safe,0.0,Safe  (High Confidence),Safe,0.443,Safe  (Low Confidence),0.87,MTRD <= 0.477: Low<br/>&nbsp;&nbsp;<br/>&nbsp;&nbsp;MTRD > 0.477: High,Toxic,0.669,Toxic  (Medium Confidence),Safe,0.114,Safe  (High Confidence),6.46,,Toxic,0.795,Toxic  (Medium Confidence),Toxic,0.883,Toxic  (High Confidence),Safe,0.054,Safe  (High Confidence),Safe,0.006,Safe  (High Confidence),Safe,0.003,Safe  (High Confidence),Safe,0.136,Safe  (High Confidence),Safe,0.005,Safe  (High Confidence),Safe,0.219,Safe  (Medium Confidence),Safe,0.012,Safe  (High Confidence),Safe,0.059,Safe  (High Confidence),2.55,PIGC50% > -0.5 log ug/L: toxic,2.34,,2.24,,5.2,LC50% < 0.5mM <br/>&nbsp;&nbsp;<br/>&nbsp;&nbsp; (log LC50% < -0.3) = <br/>&nbsp;&nbsp;<br/>&nbsp;&nbsp; High Acute Toxicity,Safe,0.474,Safe  (Low Confidence),Safe,0.332,Safe  (Medium Confidence),Toxic,0.834,Toxic  (High Confidence),Safe,0.107,Safe  (High Confidence),Safe,0.014,Safe  (High Confidence),Toxic,0.528,Toxic  (Low Confidence),Safe,0.102,Safe  (High Confidence),437.45,BP<25: gas,-9.5,,3.56,Proper Value: 1 to 3 log mol/L,3.37,Proper Value: 0 to 3 log mol/L,-5.74,Proper Value: -4 to 0.5 log mol/L,-7.6,Vapor (Gas) Phase: log vp < 4; Vapor and Particulate Phase: 5 =< log vp < 8; Solid Phase: log vp > 8 ,167.35,MP<25: liquid; MP>25:solid,8.97,,2.93,,328.32,3.19,78.13,1.0,6.0,4.0,False,False,False
