rank,Metabolite,Organism,PubChem_ID,Molecular_formula,Mw,smiles_canonical_flat,smiles_isomeric,prob_mean_EState,prob_mean_PubChem,prob_mean_Klekota-Roth,prob_mean_across_fingerprints,n_fingerprints_active,consensus_label,tanimoto_EState,tanimoto_PubChem,tanimoto_Klekota-Roth,in_AD_EState,in_AD_PubChem,in_AD_Klekota-Roth,in_AD_all_fingerprints,identity_ambiguous,Metabolite_all,PubChem_ID_all,Organism_all,pubchem_status,nama_pubchem
1,Glucogallin,Phyllanthus niruri,124375,C13H16O10,332.07434673,COC1OC(OC(=O)c2cc(O)c(O)c(O)c2)C(O)C(O)C1O,CO[C@@H]1[C@H]([C@@H]([C@H](C(O1)OC(=O)C2=CC(=C(C(=C2)O)O)O)O)O)O,0.99690163,0.99134696,0.9961078,0.9947855,3,Active (3/3),0.8888889,0.84444445,0.5882353,1,1,1,True,False,Glucogallin,124375,Phyllanthus niruri,cocok,Glucogallin
2,5-O-Caffeoylshikimic acid,Zingiber officinale,5281762,C16H16O8,336.08451749,O=C(C=Cc1ccc(O)c(O)c1)OC1CC(C(=O)O)=CC(O)C1O,C1[C@H]([C@@H]([C@@H](C=C1C(=O)O)O)O)OC(=O)/C=C/C2=CC(=C(C=C2)O)O,0.9946053,0.991389,0.9960938,0.99402934,3,Active (3/3),0.9,0.82945734,0.4375,1,1,1,True,False,5-O-Caffeoylshikimic acid,5281762,Zingiber officinale,cocok,5-O-Caffeoylshikimic acid
3,Adoxosidic acid,Forsythia suspensa,13892717,C16H24O10,376.13694699,O=C(O)C1=COC(OC2OC(CO)C(O)C(O)C2O)C2C(CO)CCC12,C1C[C@H]2[C@@H]([C@H]1CO)[C@@H](OC=C2C(=O)O)O[C@H]3[C@@H]([C@H]([C@@H]([C@H](O3)CO)O)O)O,0.9937673,0.99221003,0.99515694,0.9937115,3,Active (3/3),0.875,0.65346533,0.622449,1,1,1,True,False,Adoxosidic acid,13892717,Forsythia suspensa,cocok,Adoxosidic acid
4,Labiatenic acid,Melissa officinalis,5281792,C18H16O8,360.08451749,O=C(C=Cc1ccc(O)c(O)c1)OC(Cc1ccc(O)c(O)c1)C(=O)O,C1=CC(=C(C=C1C[C@H](C(=O)O)OC(=O)/C=C/C2=CC(=C(C=C2)O)O)O)O,0.9946053,0.9914023,0.99401134,0.9933397,3,Active (3/3),0.9,0.7919463,0.44705883,1,1,1,True,False,Labiatenic acid,5281792,Melissa officinalis,cocok,Rosmarinic Acid
5,Melitric acid A,Melissa officinalis,10459878,C27H22O12,538.11112617,O=C(C=Cc1ccc(OC(=Cc2ccc(O)c(O)c2)C(=O)O)c(O)c1)OC(Cc1ccc(O)c(O)c1)C(=O)O,C1=CC(=C(C=C1CC(C(=O)O)OC(=O)/C=C/C2=CC(=C(C=C2)O/C(=C\C3=CC(=C(C=C3)O)O)/C(=O)O)O)O)O,0.9946053,0.99057376,0.99389386,0.99302435,3,Active (3/3),0.9,0.85333335,0.44827586,1,1,1,True,False,Melitric acid A,10459878,Melissa officinalis,cocok,Melitric acid A
6,Lithospermic acid,Melissa officinalis,6441498,C27H22O12,538.11112617,O=C(C=Cc1ccc(O)c2c1C(C(=O)O)C(c1ccc(O)c(O)c1)O2)OC(Cc1ccc(O)c(O)c1)C(=O)O,C1=CC(=C(C=C1C[C@H](C(=O)O)OC(=O)/C=C/C2=C3[C@@H]([C@H](OC3=C(C=C2)O)C4=CC(=C(C=C4)O)O)C(=O)O)O)O,0.9946053,0.9908698,0.99356496,0.9930134,3,Active (3/3),0.9,0.8670886,0.4574468,1,1,1,True,False,Lithospermic acid,6441498,Melissa officinalis,cocok,Lithospermic Acid
7,Salvianolic acid B,Melissa officinalis,6451084,C36H30O16,718.15338491,O=C(C=Cc1ccc(O)c2c1C(C(=O)OC(Cc1ccc(O)c(O)c1)C(=O)O)C(c1ccc(O)c(O)c1)O2)OC(Cc1ccc(O)c(O)c1)C(=O)O,C1=CC(=C(C=C1C[C@H](C(=O)O)OC(=O)/C=C/C2=C3[C@@H]([C@H](OC3=C(C=C2)O)C4=CC(=C(C=C4)O)O)C(=O)O[C@H](CC5=CC(=C(C=C5)O)O)C(=O)O)O)O,0.9946053,0.99124247,0.9931619,0.9930032,3,Active (3/3),0.9,0.8518519,0.44329897,1,1,1,True,False,Salvianolic acid B,6451084,Melissa officinalis,cocok,Salvianolic Acid B
8,Punigluconin,Phyllanthus niruri,21637585,C34H26O23,802.08648714,O=C(OC(C(=O)O)C(OC(=O)c1cc(O)c(O)c(O)c1)C1OC(=O)c2cc(O)c(O)c(O)c2-c2c(cc(O)c(O)c2O)C(=O)OCC1O)c1cc(O)c(O)c(O)c1,C1[C@H]([C@@H](OC(=O)C2=CC(=C(C(=C2C3=C(C(=C(C=C3C(=O)O1)O)O)O)O)O)O)[C@@H]([C@H](C(=O)O)OC(=O)C4=CC(=C(C(=C4)O)O)O)OC(=O)C5=CC(=C(C(=C5)O)O)O)O,0.98764884,0.9929163,0.9983073,0.99295753,3,Active (3/3),1.0,0.87341774,0.4673913,1,1,1,True,False,Punigluconin,21637585,Phyllanthus niruri,cocok,Punigluconin
9,Melitric acid B,Melissa officinalis,131752903,C27H20O11,520.10056148,O=C(C=Cc1ccc2c(c1)OC(=O)C(=Cc1ccc(O)c(O)c1)O2)OC(Cc1ccc(O)c(O)c1)C(=O)O,C1=CC(=C(C=C1CC(C(=O)O)OC(=O)/C=C/C2=CC3=C(C=C2)O/C(=C\C4=CC(=C(C=C4)O)O)/C(=O)O3)O)O,0.9946053,0.99034286,0.99346983,0.99280596,3,Active (3/3),0.9,0.86092716,0.42857143,1,1,1,True,False,Melitric acid B,131752903,Melissa officinalis,cocok,Melitric acid B
10,Salvianolic acid A,Melissa officinalis,5281793,C26H22O10,494.12129692,O=C(C=Cc1ccc(O)c(O)c1C=Cc1ccc(O)c(O)c1)OC(Cc1ccc(O)c(O)c1)C(=O)O,C1=CC(=C(C=C1C[C@H](C(=O)O)OC(=O)/C=C/C2=C(C(=C(C=C2)O)O)/C=C/C3=CC(=C(C=C3)O)O)O)O,0.9946053,0.9909576,0.9928435,0.99280214,3,Active (3/3),0.9,0.80921054,0.4431818,1,1,1,True,False,Salvianolic acid A,5281793,Melissa officinalis,cocok,Salvianolic acid
11,Emblicanin A,Phyllanthus niruri,119058016,C34H22O22,782.06027239,O=C1OC2COC(=O)c3cc(O)c(O)c(O)c3-c3c(cc(O)c(O)c3O)C(=O)OC2C(OC(=O)c2cc(O)c(O)c(O)c2)=C1OC(=O)c1cc(O)c(O)c(O)c1,C1[C@@H]2[C@H](C(=C(C(=O)O2)OC(=O)C3=CC(=C(C(=C3)O)O)O)OC(=O)C4=CC(=C(C(=C4)O)O)O)OC(=O)C5=CC(=C(C(=C5C6=C(C(=C(C=C6C(=O)O1)O)O)O)O)O)O,0.98764884,0.99297976,0.9965503,0.992393,3,Active (3/3),1.0,0.8974359,0.5584416,1,1,1,True,False,Emblicanin A,119058016,Phyllanthus niruri,cocok,Emblicanin A
12,Clinopodic acid A,Melissa officinalis,25244691,C18H16O7,344.08960287,O=C(C=Cc1ccc(O)cc1)OC(Cc1ccc(O)c(O)c1)C(=O)O,C1=CC(=CC=C1/C=C/C(=O)O[C@H](CC2=CC(=C(C=C2)O)O)C(=O)O)O,0.9946053,0.9866642,0.9948935,0.9920543,3,Active (3/3),0.9,0.7852349,0.43678162,1,1,1,True,False,Clinopodic acid A,25244691,Melissa officinalis,cocok,Clinopodic Acid A
13,Pedunculagin,Phyllanthus niruri,442688,C34H24O22,784.07592246,O=C1OCC2OC(O)C3OC(=O)c4cc(O)c(O)c(O)c4-c4c(cc(O)c(O)c4O)C(=O)OC3C2OC(=O)c2cc(O)c(O)c(O)c2-c2c1cc(O)c(O)c2O,C1[C@@H]2[C@H]([C@H]3[C@H](C(O2)O)OC(=O)C4=CC(=C(C(=C4C5=C(C(=C(C=C5C(=O)O3)O)O)O)O)O)O)OC(=O)C6=CC(=C(C(=C6C7=C(C(=C(C=C7C(=O)O1)O)O)O)O)O)O,0.98764884,0.9907683,0.99628985,0.99156904,3,Active (3/3),1.0,0.8509317,0.54545456,1,1,1,True,False,Pedunculagin,442688,Phyllanthus niruri,cocok,Pedunculagin
14,Nirurin,Phyllanthus niruri,102405297,C32H40O15,664.23672061,CC(C)=CCc1c(O)c(O)c(OC2OC(COC3OC(C)C(O)C(O)C3O)C(O)C(O)C2O)c2c1OC(c1ccc(O)cc1)CC2=O,C[C@H]1[C@@H]([C@H]([C@H]([C@@H](O1)OC[C@@H]2[C@H]([C@@H]([C@H]([C@@H](O2)OC3=C(C(=C(C4=C3C(=O)CC(O4)C5=CC=C(C=C5)O)CC=C(C)C)O)O)O)O)O)O)O)O,0.99597496,0.9844141,0.9939077,0.99143225,3,Active (3/3),0.90909094,0.8433735,0.5113636,1,1,1,True,False,Nirurin,102405297,Phyllanthus niruri,cocok,Nirurin
15,Suspensaside,Forsythia suspensa,5281798,C29H36O16,640.20033511,CC1OC(OCC2OC(OCC(O)c3ccc(O)c(O)c3)C(O)C(O)C2OC(=O)C=Cc2ccc(O)c(O)c2)C(O)C(O)C1O,C[C@H]1[C@@H]([C@H]([C@H]([C@@H](O1)OC[C@@H]2[C@H]([C@@H]([C@H]([C@@H](O2)OCC(C3=CC(=C(C=C3)O)O)O)O)O)OC(=O)/C=C/C4=CC(=C(C=C4)O)O)O)O)O,0.99597496,0.98891884,0.98730487,0.9907329,3,Active (3/3),0.90909094,0.75524473,0.45,1,1,1,True,False,Suspensaside,5281798,Forsythia suspensa,cocok,Suspensaside
16,Vanillic acid,Zingiber officinale,8468,C8H8O4,168.04225874,COc1cc(C(=O)O)ccc1O,COC1=C(C=CC(=C1)C(=O)O)O,0.99509877,0.98214424,0.994469,0.9905707,3,Active (3/3),1.0,0.8515625,0.59375,1,1,1,True,False,Vanillic acid,8468,Zingiber officinale,cocok,Vanillic Acid
17,(+)-Sagerinic acid,Melissa officinalis,23760102,C36H32O16,720.16903498,O=C(O)C(Cc1ccc(O)c(O)c1)OC(=O)C1C(C(=O)OC(Cc2ccc(O)c(O)c2)C(=O)O)C(c2ccc(O)c(O)c2)C1c1ccc(O)c(O)c1,C1=CC(=C(C=C1CC(C(=O)O)OC(=O)C2C(C(C2C(=O)OC(CC3=CC(=C(C=C3)O)O)C(=O)O)C4=CC(=C(C=C4)O)O)C5=CC(=C(C=C5)O)O)O)O,0.98764884,0.9889437,0.9950546,0.9905491,3,Active (3/3),1.0,0.75949365,0.38666666,1,1,1,True,False,(+)-Sagerinic acid,23760102,Melissa officinalis,cocok,Sagerinic acid
18,Gallic acid,Phyllanthus niruri,370,C7H6O5,170.0215233,O=C(O)c1cc(O)c(O)c(O)c1,C1=C(C=C(C(=C1O)O)O)C(=O)O,0.9831631,0.9873413,0.9960959,0.9888668,3,Active (3/3),1.0,1.0,1.0,1,1,1,True,False,Gallic acid,370,Phyllanthus niruri,cocok,Gallic Acid
19,Eriodictin,Phyllanthus niruri,101789466,C21H22O10,434.12129692,CC1OC(Oc2cc(O)c3c(c2)OC(c2ccc(O)c(O)c2)CC3=O)C(O)C(O)C1O,C[C@H]1[C@@H]([C@H]([C@H]([C@@H](O1)OC2=CC(=C3C(=O)C[C@H](OC3=C2)C4=CC(=C(C=C4)O)O)O)O)O)O,0.99372405,0.9818227,0.9878363,0.9877944,3,Active (3/3),1.0,0.87974685,0.53846157,1,1,1,True,False,Eriodictin,101789466,Phyllanthus niruri,cocok,Eriodictin
20,Forsythiaside,Forsythia suspensa,5281773,C29H36O15,624.20542048,CC1OC(OCC2OC(OCCc3ccc(O)c(O)c3)C(O)C(O)C2OC(=O)C=Cc2ccc(O)c(O)c2)C(O)C(O)C1O,C[C@H]1[C@@H]([C@H]([C@H]([C@@H](O1)OC[C@@H]2[C@H]([C@@H]([C@H]([C@@H](O2)OCCC3=CC(=C(C=C3)O)O)O)O)OC(=O)/C=C/C4=CC(=C(C=C4)O)O)O)O)O,0.99597496,0.9886004,0.978272,0.98761576,3,Active (3/3),0.90909094,0.7605634,0.4556962,1,1,1,True,False,Forsythiaside,5281773,Forsythia suspensa,cocok,Forsythoside A
21,Niruriside,Phyllanthus niruri,70697928,C38H42O17,770.24219992,CC(=O)OCC1OC(OC2(COC(C)=O)OC(COC(=O)C=Cc3ccccc3)C(O)C2OC(=O)C=Cc2ccccc2)C(OC(C)=O)C(O)C1OC(C)=O,CC(=O)OC[C@@H]1[C@H]([C@@H]([C@H]([C@@H](O1)O[C@]2([C@H]([C@@H]([C@H](O2)COC(=O)/C=C/C3=CC=CC=C3)O)OC(=O)/C=C/C4=CC=CC=C4)COC(=O)C)OC(=O)C)O)OC(=O)C,0.9811386,0.9855338,0.99458283,0.98708504,3,Active (3/3),0.90909094,0.61290324,0.47826087,1,1,1,True,False,Niruriside,70697928,Phyllanthus niruri,cocok,Niruriside
22,Andrographidin A,Andrographis paniculata,13963762,C23H26O10,462.15259705,COc1cc(OC2OC(CO)C(O)C(O)C2O)c2c(c1OC)OC(c1ccccc1)CC2=O,COC1=C(C2=C(C(=O)C[C@H](O2)C3=CC=CC=C3)C(=C1)O[C@H]4[C@@H]([C@H]([C@@H]([C@H](O4)CO)O)O)O)OC,0.99372405,0.9747973,0.9923654,0.98696226,3,Active (3/3),1.0,0.8509317,0.47674417,1,1,1,True,False,Andrographidin A,13963762,Andrographis paniculata,cocok,Andrographidin A
23,Gingerglycolipid C,Zingiber officinale,10259020,C33H60O14,680.39830663,CCCCCCCCC=CCCCCCCCC(=O)OCC(O)COC1OC(COC2OC(CO)C(O)C(O)C2O)C(O)C(O)C1O,CCCCCCCC/C=C\CCCCCCCC(=O)OC[C@H](CO[C@H]1[C@@H]([C@H]([C@H]([C@H](O1)CO[C@@H]2[C@@H]([C@H]([C@H]([C@H](O2)CO)O)O)O)O)O)O)O,0.996528,0.98959297,0.96813977,0.9847536,3,Active (3/3),0.8888889,0.6574074,0.52348995,1,1,1,True,False,Gingerglycolipid C,10259020,Zingiber officinale,cocok,Gingerglycolipid C
24,Gingerglycolipid B,Zingiber officinale,10009754,C33H58O14,678.38265656,CCCCCC=CCC=CCCCCCCCC(=O)OCC(O)COC1OC(COC2OC(CO)C(O)C(O)C2O)C(O)C(O)C1O,CCCCC/C=C\C/C=C\CCCCCCCC(=O)OC[C@H](CO[C@H]1[C@@H]([C@H]([C@H]([C@H](O1)CO[C@@H]2[C@@H]([C@H]([C@H]([C@H](O2)CO)O)O)O)O)O)O)O,0.996528,0.98959297,0.96777475,0.98463196,3,Active (3/3),0.8888889,0.6574074,0.5202703,1,1,1,True,False,Gingerglycolipid B,10009754,Zingiber officinale,cocok,Gingerglycolipid B
25,(+)-Dihydrokaempferol,Zingiber officinale,122850,C15H12O6,288.06338812,O=C1c2c(O)cc(O)cc2OC(c2ccc(O)cc2)C1O,C1=CC(=CC=C1[C@@H]2[C@H](C(=O)C3=C(C=C(C=C3O2)O)O)O)O,0.9945056,0.9701385,0.9886163,0.9844201,3,Active (3/3),0.875,0.9347826,0.71428573,1,1,1,True,False,(+)-Dihydrokaempferol,122850,Zingiber officinale,cocok,Dihydrokaempferol
26,Gingerglycolipid A,Zingiber officinale,10349562,C33H56O14,676.3670065,CCC=CCC=CCC=CCCCCCCCC(=O)OCC(O)COC1OC(COC2OC(CO)C(O)C(O)C2O)C(O)C(O)C1O,CC/C=C\C/C=C\C/C=C\CCCCCCCC(=O)OC[C@H](CO[C@H]1[C@@H]([C@H]([C@H]([C@H](O1)CO[C@@H]2[C@@H]([C@H]([C@H]([C@H](O2)CO)O)O)O)O)O)O)O,0.996528,0.98959297,0.96646434,0.9841952,3,Active (3/3),0.8888889,0.6574074,0.5,1,1,1,True,False,Gingerglycolipid A,10349562,Zingiber officinale,cocok,Gingerglycolipid A
27,Luteolin 3'-O-beta-D-glucuronide,Melissa officinalis,10253785,C21H18O12,462.07982604,O=C(O)C1OC(Oc2cc(-c3cc(=O)c4c(O)cc(O)cc4o3)ccc2O)C(O)C(O)C1O,C1=CC(=C(C=C1C2=CC(=O)C3=C(C=C(C=C3O2)O)O)O[C@H]4[C@@H]([C@H]([C@@H]([C@H](O4)C(=O)O)O)O)O)O,0.9606841,0.9907661,0.99729735,0.9829159,3,Active (3/3),0.8,0.89634144,0.5625,1,1,1,True,False,Luteolin 3'-O-beta-D-glucuronide,10253785,Melissa officinalis,cocok,luteolin 3'-O-glucuronide
28,Nepetoidin A,Melissa officinalis,5316820,C17H14O6,314.07903818,O=C(C=Cc1ccc(O)c(O)c1)OC=Cc1cc(O)cc(O)c1,C1=CC(=C(C=C1/C=C/C(=O)O/C=C\C2=CC(=CC(=C2)O)O)O)O,0.99671614,0.97874326,0.9704669,0.9819755,3,Active (3/3),0.75,0.8015873,0.29577464,1,1,0,False,False,Nepetoidin A,5316820,Melissa officinalis,cocok,Nepetoidin A
29,p-Coumaric acid,Melissa officinalis,637542,C9H8O3,164.04734412,O=C(O)C=Cc1ccc(O)cc1,C1=CC(=CC=C1/C=C/C(=O)O)O,0.9909208,0.9664805,0.9884609,0.9819541,3,Active (3/3),0.8333333,0.85858583,0.4642857,1,1,1,True,False,p-Coumaric acid,637542,Melissa officinalis,cocok,P-Coumaric Acid
30,3-Caffeoylquinic acid,Andrographis paniculata,1794427,C16H18O9,354.09508217,O=C(C=Cc1ccc(O)c(O)c1)OC1CC(O)(C(=O)O)CC(O)C1O,C1[C@H]([C@H]([C@@H](C[C@@]1(C(=O)O)O)OC(=O)/C=C/C2=CC(=C(C=C2)O)O)O)O,0.95972973,0.9907102,0.99524343,0.9818945,3,Active (3/3),0.8181818,0.80794704,0.5041322,1,1,1,True,False,3-Caffeoylquinic acid,1794427,Andrographis paniculata | Zingiber officinale,cocok,Chlorogenic Acid
31,[4]-Gingerdiacetate,Zingiber officinale,5318274,C19H28O6,352.18858863,CCCC(CC(CCc1ccc(O)c(OC)c1)OC(C)=O)OC(C)=O,CCCC(CC(CCC1=CC(=C(C=C1)O)OC)OC(=O)C)OC(=O)C,0.99372405,0.9723504,0.9794833,0.9818526,3,Active (3/3),1.0,0.8015267,0.45348838,1,1,1,True,False,[4]-Gingerdiacetate,5318274,Zingiber officinale,cocok,"3,5-Octanediol, 1-(4-hydroxy-3-methoxyphenyl)-, 3,5-diacetate"
32,Yunnaneic acid F,Melissa officinalis,10651175,C29H26O14,598.13225554,O=C(C=CC1=CC2C(c3ccc(O)c(O)c3)C(C(=O)O)C1C1(O)OC(=O)CC21O)OC(Cc1ccc(O)c(O)c1)C(=O)O,C1C(=O)O[C@@]2([C@]1([C@@H]3C=C([C@H]2[C@@H]([C@H]3C4=CC(=C(C=C4)O)O)C(=O)O)/C=C/C(=O)O[C@H](CC5=CC(=C(C=C5)O)O)C(=O)O)O)O,0.95972973,0.98983085,0.99588096,0.9818139,3,Active (3/3),0.8181818,0.7791411,0.44444445,1,1,1,True,False,Yunnaneic acid F,10651175,Melissa officinalis,cocok,Yunnaneic acid F
33,Ferulic acid,Andrographis paniculata,445858,C10H10O4,194.05790881,COc1cc(C=CC(=O)O)ccc1O,COC1=C(C=CC(=C1)/C=C/C(=O)O)O,0.9977151,0.96375453,0.980957,0.9808089,3,Active (3/3),0.875,0.75396824,0.3617021,1,1,1,True,False,Ferulic acid,445858,Andrographis paniculata | Zingiber officinale,cocok,Ferulic Acid
34,Palmitoleic acid,Zingiber officinale,445638,C16H30O2,254.2245802,CCCCCCC=CCCCCCCCC(=O)O,CCCCCC/C=C\CCCCCCCC(=O)O,0.99138385,0.9684953,0.97703326,0.9789708,3,Active (3/3),0.75,0.5113636,0.4864865,1,1,1,True,False,Palmitoleic acid,445638,Zingiber officinale,cocok,Palmitoleic Acid
35,Caffeic acid,Andrographis paniculata,689043,C9H8O4,180.04225874,O=C(O)C=Cc1ccc(O)c(O)c1,C1=CC(=C(C=C1/C=C/C(=O)O)O)O,0.9909208,0.96251374,0.98145294,0.9782958,3,Active (3/3),0.8333333,0.8103448,0.3939394,1,1,1,True,False,Caffeic acid,689043,Andrographis paniculata | Melissa officinalis,cocok,Caffeic Acid
36,Quercetin 3-O-alpha-L-rhamnoside,Phyllanthus niruri,5280459,C21H20O11,448.10056148,CC1OC(Oc2c(-c3ccc(O)c(O)c3)oc3cc(O)cc(O)c3c2=O)C(O)C(O)C1O,C[C@H]1[C@@H]([C@H]([C@H]([C@@H](O1)OC2=C(OC3=CC(=CC(=C3C2=O)O)O)C4=CC(=C(C=C4)O)O)O)O)O,0.9659103,0.9862191,0.9812429,0.9777908,3,Active (3/3),0.8888889,0.9018405,0.8,1,1,1,True,False,Quercetin 3-O-alpha-L-rhamnoside,5280459,Phyllanthus niruri,cocok,Quercitrin
37,Undecanoic acid,Zingiber officinale,8180,C11H22O2,186.16197995,CCCCCCCCCCC(=O)O,CCCCCCCCCCC(=O)O,0.981827,0.97475064,0.975854,0.97747725,3,Active (3/3),0.71428573,0.53846157,0.5070422,1,1,1,True,False,Undecanoic acid,8180,Zingiber officinale,cocok,Undecanoic Acid
38,Dodecanoic acid,Zingiber officinale,3893,C12H24O2,200.17763001,CCCCCCCCCCCC(=O)O,CCCCCCCCCCCC(=O)O,0.981827,0.97475064,0.975854,0.97747725,3,Active (3/3),0.71428573,0.53846157,0.5070422,1,1,1,True,False,Dodecanoic acid,3893,Zingiber officinale,cocok,Lauric Acid
39,Myristic acid,Zingiber officinale,11005,C14H28O2,228.20893014,CCCCCCCCCCCCCC(=O)O,CCCCCCCCCCCCCC(=O)O,0.981827,0.97475064,0.975854,0.97747725,3,Active (3/3),0.71428573,0.53846157,0.5070422,1,1,1,True,False,Myristic acid,11005,Zingiber officinale,cocok,Myristic Acid
40,Pentadecanoic acid,Zingiber officinale,13849,C15H30O2,242.2245802,CCCCCCCCCCCCCCC(=O)O,CCCCCCCCCCCCCCC(=O)O,0.981827,0.9747507,0.975854,0.97747725,3,Active (3/3),0.71428573,0.53846157,0.5070422,1,1,1,True,False,Pentadecanoic acid,13849,Zingiber officinale,cocok,Pentadecanoic Acid
41,(+)-Ascorbic acid,Zingiber officinale,54670067,C6H8O6,176.03208799,O=C1OC(C(O)CO)C(O)=C1O,C([C@@H]([C@@H]1C(=C(C(=O)O1)O)O)O)O,0.97418094,0.97388756,0.9838578,0.97730875,3,Active (3/3),0.75,0.51111114,0.44262296,1,1,1,True,False,(+)-Ascorbic acid,54670067,Zingiber officinale,cocok,L-Ascorbic Acid
42,Heptadecanoic acid,Zingiber officinale,10465,C17H34O2,270.25588033,CCCCCCCCCCCCCCCCC(=O)O,CCCCCCCCCCCCCCCCC(=O)O,0.981827,0.9739124,0.975854,0.9771978,3,Active (3/3),0.71428573,0.53125,0.5070422,1,1,1,True,False,Heptadecanoic acid,10465,Zingiber officinale,cocok,Heptadecanoic Acid
43,Lignoceric acid,Zingiber officinale,11197,C24H48O2,368.36543078,CCCCCCCCCCCCCCCCCCCCCCCC(=O)O,CCCCCCCCCCCCCCCCCCCCCCCC(=O)O,0.981827,0.9739124,0.975854,0.9771978,3,Active (3/3),0.71428573,0.53125,0.5070422,1,1,1,True,False,Lignoceric acid,11197,Zingiber officinale,cocok,Tetracosanoic Acid
44,Triacontanoic acid,Zingiber officinale,10471,C30H60O2,452.45933116,CCCCCCCCCCCCCCCCCCCCCCCCCCCCCC(=O)O,CCCCCCCCCCCCCCCCCCCCCCCCCCCCCC(=O)O,0.981827,0.9739124,0.975854,0.9771978,3,Active (3/3),0.71428573,0.53125,0.5070422,1,1,1,True,False,Triacontanoic acid,10471,Zingiber officinale,cocok,Triacontanoic acid
45,"5-Hydroxy-7,8-dimethoxyflavanone",Andrographis paniculata,13963770,C17H16O5,300.09977362,COc1cc(O)c2c(c1OC)OC(c1ccccc1)CC2=O,COC1=C(C2=C(C(=O)CC(O2)C3=CC=CC=C3)C(=C1)O)OC,0.99372405,0.9652937,0.9725412,0.97718626,3,Active (3/3),1.0,0.9097222,0.6721311,1,1,1,True,False,"5-Hydroxy-7,8-dimethoxyflavanone",13963770,Andrographis paniculata,cocok,"5-Hydroxy-7,8-Dimethoxyflavanone"
46,Kaempferol 4'-rhamnoside,Phyllanthus niruri,44258925,C21H20O10,432.10564686,CC1OC(Oc2ccc(-c3oc4cc(O)cc(O)c4c(=O)c3O)cc2)C(O)C(O)C1O,CC1[C@@H](C([C@@H]([C@@H](O1)OC2=CC=C(C=C2)C3=C(C(=O)C4=C(C=C(C=C4O3)O)O)O)O)O)O,0.9659103,0.9833674,0.9820602,0.9771126,3,Active (3/3),0.8888889,0.9044586,0.8372093,1,1,1,True,False,Kaempferol 4'-rhamnoside,44258925,Phyllanthus niruri,cocok,"3,5,7-trihydroxy-2-[4-[(2S,3S,5R)-3,4,5-trihydroxy-6-methyloxan-2-yl]oxyphenyl]chromen-4-one"
47,"[6]-Gingerdiol 3,5-diacetate",Zingiber officinale,5317587,C21H32O6,380.21988875,CCCCCC(CC(CCc1ccc(O)c(OC)c1)OC(C)=O)OC(C)=O,CCCCCC(CC(CCC1=CC(=C(C=C1)O)OC)OC(=O)C)OC(=O)C,0.99372405,0.9723504,0.96418244,0.9767523,3,Active (3/3),1.0,0.8015267,0.47126436,1,1,1,True,False,"[6]-Gingerdiol 3,5-diacetate",5317587,Zingiber officinale,cocok,"[6]-Gingerdiol 3,5-diacetate"
48,Quadranoside III,Melissa officinalis,10327092,C36H58O11,666.3979127,CC1(CO)CCC2(C(=O)OC3OC(CO)C(O)C(O)C3O)CCC3(C)C(=CCC4C5(C)CC(O)C(O)C(C)(CO)C5CCC43C)C2C1,C[C@]1(CC[C@@]2(CC[C@@]3(C(=CC[C@H]4[C@]3(CC[C@@H]5[C@@]4(C[C@H]([C@@H]([C@@]5(C)CO)O)O)C)C)[C@@H]2C1)C)C(=O)O[C@H]6[C@@H]([C@H]([C@@H]([C@H](O6)CO)O)O)O)CO,0.9691149,0.9878443,0.97260696,0.976522,3,Active (3/3),1.0,0.8796296,0.712963,1,1,1,True,False,Quadranoside III,10327092,Melissa officinalis,cocok,quadranoside III
49,[8]-Gingerdiol,Zingiber officinale,156373480,C23H36O6,408.25118888,CCCCCCCC(CC(CCc1ccc(O)c(OC)c1)OC(C)=O)OC(C)=O,CCCCCCCC(CC(CCC1=CC(=C(C=C1)O)OC)OC(=O)C)OC(=O)C,0.99372405,0.9723504,0.9606722,0.9755822,3,Active (3/3),1.0,0.8015267,0.45555556,1,1,1,True,False,[8]-Gingerdiol,156373480,Zingiber officinale,cocok,(8)-Gingerdiol
50,Acetylursolic acid,Forsythia suspensa,6475119,C32H50O4,498.37091008,CC(=O)OC1CCC2(C)C(CCC3(C)C2CC=C2C4C(C)C(C)CCC4(C(=O)O)CCC23C)C1(C)C,C[C@@H]1CC[C@@]2(CC[C@@]3(C(=CC[C@H]4[C@]3(CC[C@@H]5[C@@]4(CC[C@@H](C5(C)C)OC(=O)C)C)C)[C@@H]2[C@H]1C)C)C(=O)O,0.9691149,0.9629541,0.9945373,0.9755354,3,Active (3/3),1.0,0.7383177,0.6060606,1,1,1,True,False,Acetylursolic acid,6475119,Forsythia suspensa,cocok,O-Acetylursolic Acid
51,Foliamenthic acid,Zingiber officinale,12681385,C10H16O3,184.10994438,CC(=CCO)CCC=C(C)C(=O)O,C/C(=C\CO)/CC/C=C(\C)/C(=O)O,0.99138385,0.97133046,0.96327376,0.97532934,3,Active (3/3),0.75,0.4631579,0.4516129,1,1,1,True,False,Foliamenthic acid,12681385,Zingiber officinale,cocok,Foliamenthoic acid
52,Ninandrographolide,Andrographis paniculata,44575270,C26H40O9,496.26723288,C=C1CCC2C(C)(COC3OC(CO)C(O)C(O)C3O)C(O)CCC2(C)C1CCC1=CCOC1=O,C[C@@]12CC[C@H]([C@@]([C@H]1CCC(=C)[C@H]2CCC3=CCOC3=O)(C)CO[C@H]4[C@@H]([C@H]([C@@H]([C@H](O4)CO)O)O)O)O,0.95879436,0.98549944,0.979088,0.9744606,3,Active (3/3),0.9,0.7586207,0.7352941,1,1,1,True,False,Ninandrographolide,44575270,Andrographis paniculata,cocok,14-Deoxyandrographoside
53,14-Acetylandrographolide,Andrographis paniculata,71589914,C22H32O6,392.21988875,C=C1CCC2C(C)(CO)C(O)CCC2(C)C1CC=C1C(=O)OCC1OC(C)=O,CC(=O)OC\1COC(=O)/C1=C\CC2C(=C)CCC3C2(CCC(C3(C)CO)O)C,0.95879436,0.9736126,0.98712087,0.97317594,3,Active (3/3),0.9,0.6551724,0.5981308,1,1,1,True,False,14-Acetylandrographolide,71589914,Andrographis paniculata,cocok,"4-{2-[6-Hydroxy-5-(hydroxymethyl)-5,8a-dimethyl-2-methylidenedecahydronaphthalen-1-yl]ethylidene}-5-oxotetrahydrofuran-3-yl acetate"
54,"5,4'-Dihidroxy-7,8,2',3'-tetramethoxy flavone 5-glucoside",Andrographis paniculata,13963764,C25H28O13,536.15299098,COc1cc(OC2OC(CO)C(O)C(O)C2O)c2c(=O)cc(-c3ccc(O)c(OC)c3OC)oc2c1OC,COC1=C(C2=C(C(=C1)OC3C(C(C(C(O3)CO)O)O)O)C(=O)C=C(O2)C4=C(C(=C(C=C4)O)OC)OC)OC,0.9476487,0.9866183,0.9848521,0.9730397,3,Active (3/3),0.8,0.8848485,0.7037037,1,1,1,True,False,"5,4'-Dihidroxy-7,8,2',3'-tetramethoxy flavone 5-glucoside",13963764,Andrographis paniculata,cocok,"5,4'-Dihidroxy-7,8,2',3'-tetramethoxy flavone 5-glucoside"
55,Salvianic acid A,Melissa officinalis,439435,C9H10O5,198.05282343,O=C(O)C(O)Cc1ccc(O)c(O)c1,C1=CC(=C(C=C1C[C@H](C(=O)O)O)O)O,0.96601367,0.9621098,0.9894311,0.9725182,3,Active (3/3),1.0,0.8135593,0.5254237,1,1,1,True,True,"Salvianic acid A | 3-(3,4-Dihydroxyphenyl)-2-hydroxypropanoic acid",439435 | 11600642,Melissa officinalis,cocok,"3-(3,4-Dihydroxyphenyl)-2-hydroxypropanoic acid"
56,Bisandrographolide C,Andrographis paniculata,12000062,C40H56O8,664.39751876,C=C1CCC2C(C)(CO)C(O)CCC2(C)C1C=CC1=CC(C(CC2C(=C)CCC3C(C)(CO)C(O)CCC23C)C2=CCOC2=O)OC1=O,C[C@@]12CC[C@H]([C@@]([C@H]1CCC(=C)[C@H]2CC(C3C=C(C(=O)O3)/C=C/[C@@H]4C(=C)CC[C@H]5[C@]4(CC[C@H]([C@@]5(C)CO)O)C)C6=CCOC6=O)(C)CO)O,0.95879436,0.98651975,0.97082454,0.9720462,3,Active (3/3),0.9,0.6639344,0.5945946,1,1,1,True,False,Bisandrographolide C,12000062,Andrographis paniculata,cocok,Bisandrographolide
57,Wogonin 5-glucoside,Andrographis paniculata,5488686,C22H22O10,446.12129692,COc1c(O)cc(OC2OC(CO)C(O)C(O)C2O)c2c(=O)cc(-c3ccccc3)oc12,COC1=C2C(=C(C=C1O)O[C@H]3[C@@H]([C@H]([C@@H]([C@H](O3)CO)O)O)O)C(=O)C=C(O2)C4=CC=CC=C4,0.9476487,0.9865007,0.9818309,0.97199345,3,Active (3/3),0.8,0.8909091,0.74509805,1,1,1,True,False,Wogonin 5-glucoside,5488686,Andrographis paniculata,cocok,"4H-1-Benzopyran-4-one, 5-(beta-D-glucopyranosyloxy)-7-hydroxy-8-methoxy-2-phenyl-"
58,Salvianolic acid F,Melissa officinalis,10903113,C17H14O6,314.07903818,O=C(O)C=Cc1ccc(O)c(O)c1C=Cc1ccc(O)c(O)c1,C1=CC(=C(C=C1/C=C/C2=C(C=CC(=C2O)O)/C=C/C(=O)O)O)O,0.9909208,0.94776994,0.97581995,0.97150356,3,Active (3/3),0.8333333,0.80508476,0.35135135,1,1,1,True,False,Salvianolic acid F,10903113,Melissa officinalis,cocok,Salvianolic Acid F
59,Quercetin 3-rutinoside,Forsythia suspensa,5280805,C27H30O16,610.15338491,CC1OC(OCC2OC(Oc3c(-c4ccc(O)c(O)c4)oc4cc(O)cc(O)c4c3=O)C(O)C(O)C2O)C(O)C(O)C1O,C[C@H]1[C@@H]([C@H]([C@H]([C@@H](O1)OC[C@@H]2[C@H]([C@@H]([C@H]([C@@H](O2)OC3=C(OC4=CC(=CC(=C4C3=O)O)O)C5=CC(=C(C=C5)O)O)O)O)O)O)O)O,0.9476487,0.9871977,0.9780824,0.9709763,3,Active (3/3),0.8,0.88554215,0.72,1,1,1,True,False,Quercetin 3-rutinoside,5280805,Forsythia suspensa | Phyllanthus niruri | Zingiber officinale,cocok,Rutin
60,"5-Hydroxy-7,8-dimethoxyflavone 5-glucoside",Andrographis paniculata,44258557,C23H24O10,460.13694699,COc1cc(OC2OC(CO)C(O)C(O)C2O)c2c(=O)cc(-c3ccccc3)oc2c1OC,COC1=C(C2=C(C(=C1)O[C@H]3C([C@H]([C@@H](C(O3)CO)O)O)O)C(=O)C=C(O2)C4=CC=CC=C4)OC,0.9476487,0.9810095,0.9837177,0.970792,3,Active (3/3),0.8,0.8727273,0.7169811,1,1,1,True,False,"5-Hydroxy-7,8-dimethoxyflavone 5-glucoside",44258557,Andrographis paniculata,cocok,"5-Hydroxy-7,8-dimethoxyflavone 5-glucoside"
61,"5,2',3'-Trihydroxy-7,8-dimethoxyflavone 3'-glucoside",Andrographis paniculata,11968627,C23H24O12,492.12677623,COc1cc(O)c2c(=O)cc(-c3cccc(OC4OC(CO)C(O)C(O)C4O)c3O)oc2c1OC,COC1=C(C2=C(C(=C1)O)C(=O)C=C(O2)C3=C(C(=CC=C3)O[C@H]4[C@@H]([C@H]([C@@H]([C@H](O4)CO)O)O)O)O)OC,0.9476487,0.9865007,0.97695154,0.97036695,3,Active (3/3),0.8,0.8909091,0.74509805,1,1,1,True,False,"5,2',3'-Trihydroxy-7,8-dimethoxyflavone 3'-glucoside",11968627,Andrographis paniculata,cocok,"5,2',3'-Trihydroxy-7,8-dimethoxyflavone 3'-glucoside"
62,3-Palmitoyl-sn-glycerol,Zingiber officinale,3084463,C19H38O4,330.2770097,CCCCCCCCCCCCCCCC(=O)OCC(O)CO,CCCCCCCCCCCCCCCC(=O)OC[C@@H](CO)O,0.9914166,0.97918904,0.93997616,0.97019386,3,Active (3/3),0.875,0.58181816,0.5070422,1,1,1,True,True,3-Palmitoyl-sn-glycerol | 1-Palmitoyl-sn-glycerol,3084463 | 11359451,Zingiber officinale,cocok,1-Palmitoyl-sn-glycerol
63,Paniculide A,Andrographis paniculata,11821485,C15H20O4,264.13615913,CC(C)=CCCC1=C2C(CC3(C)OC3C2O)OC1=O,CC(=CCCC1=C2[C@H](C[C@@]3([C@H]([C@H]2O)O3)C)OC1=O)C,0.9691149,0.97349167,0.9667354,0.9697807,3,Active (3/3),1.0,0.62376237,0.53271025,1,1,1,True,False,Paniculide A,11821485,Andrographis paniculata,cocok,Paniculide A
64,Dihydroskullcap flavone I,Andrographis paniculata,12098358,C17H16O6,316.09468824,COc1cc(O)c2c(c1OC)OC(c1ccccc1O)CC2=O,COC1=C(C2=C(C(=O)C[C@H](O2)C3=CC=CC=C3O)C(=C1)O)OC,0.99372405,0.9652937,0.94957757,0.9695318,3,Active (3/3),1.0,0.9097222,0.6507937,1,1,1,True,False,Dihydroskullcap flavone I,12098358,Andrographis paniculata,cocok,"5,2'-Dihydroxy-7,8-dimethoxyflavanone"
65,"5-Hydroxy-7,8,2',3'-tetramethoxyflavone 5-glucoside",Andrographis paniculata,44258544,C25H28O12,520.15807636,COc1cccc(-c2cc(=O)c3c(OC4OC(CO)C(O)C(O)C4O)cc(OC)c(OC)c3o2)c1OC,COC1=CC=CC(=C1OC)C2=CC(=O)C3=C(O2)C(=C(C=C3O[C@H]4C([C@H]([C@@H](C(O4)CO)O)O)O)OC)OC,0.9476487,0.9810095,0.97952515,0.96939445,3,Active (3/3),0.8,0.8727273,0.7169811,1,1,1,True,False,"5-Hydroxy-7,8,2',3'-tetramethoxyflavone 5-glucoside",44258544,Andrographis paniculata,cocok,"5-Hydroxy-7,8,2',3'-tetramethoxyflavone 5-glucoside"
66,Luteolin 7-glucoside-3'-glucuronide,Melissa officinalis,44258136,C27H28O17,624.13264947,O=C(O)C1OC(Oc2cc(-c3cc(=O)c4c(O)cc(OC5OC(CO)C(O)C(O)C5O)cc4o3)ccc2O)C(O)C(O)C1O,C1=CC(=C(C=C1C2=CC(=O)C3=C(C=C(C=C3O2)O[C@H]4C([C@H]([C@@H](C(O4)CO)O)O)O)O)O[C@H]5C([C@H]([C@@H](C(O5)C(=O)O)O)O)O)O,0.91948414,0.99128985,0.99717057,0.9693149,3,Active (3/3),0.8,0.88023955,0.58762884,1,1,1,True,False,Luteolin 7-glucoside-3'-glucuronide,44258136,Melissa officinalis,cocok,Luteolin 7-glucoside-3'-glucuronide
67,Paniculide B,Andrographis paniculata,101289823,C15H20O5,280.13107375,CC(C)=CCCC1=C2C(CC3(CO)OC3C2O)OC1=O,CC(=CCCC1=C2[C@H](C[C@@]3([C@H]([C@H]2O)O3)CO)OC1=O)C,0.9691149,0.97349167,0.96385485,0.9688205,3,Active (3/3),1.0,0.62376237,0.53271025,1,1,1,True,False,Paniculide B,101289823,Andrographis paniculata,cocok,Npc39592
68,Neoandrographolide,Andrographis paniculata,9848024,C26H40O8,480.27231825,C=C1CCC2C(C)(COC3OC(CO)C(O)C(O)C3O)CCCC2(C)C1CCC1=CCOC1=O,C[C@]1(CCC[C@@]2([C@@H]1CCC(=C)[C@H]2CCC3=CCOC3=O)C)CO[C@H]4[C@@H]([C@H]([C@@H]([C@H](O4)CO)O)O)O,0.95879436,0.98471564,0.9629215,0.9688105,3,Active (3/3),0.9,0.76,0.6893204,1,1,1,True,False,Neoandrographolide,9848024,Andrographis paniculata,cocok,Neoandrographolide
69,Emblicanin B,Phyllanthus niruri,119058017,C34H20O22,780.04462233,O=C1OCC2OC(=O)c3oc(=O)c4cc(O)c(O)c(O)c4c4c(O)c(O)c(O)cc4c(=O)oc3C2OC(=O)c2cc(O)c(O)c(O)c2-c2c1cc(O)c(O)c2O,,0.91948414,0.9916519,0.99459463,0.9685769,3,Active (3/3),0.8,0.8579882,0.7118644,1,1,1,True,False,Emblicanin B,119058017,Phyllanthus niruri,cocok,Emblicanin B
70,"5,4'-Dihidroxy-7,8,2',3'-tetramethoxyflavone",Andrographis paniculata,13963777,C19H18O8,374.10016755,COc1cc(O)c2c(=O)cc(-c3ccc(O)c(OC)c3OC)oc2c1OC,COC1=C(C2=C(C(=C1)O)C(=O)C=C(O2)C3=C(C(=C(C=C3)O)OC)OC)OC,0.98042095,0.98400885,0.940429,0.9682863,3,Active (3/3),1.0,0.9480519,0.54545456,1,1,1,True,False,"5,4'-Dihidroxy-7,8,2',3'-tetramethoxyflavone",13963777,Andrographis paniculata,cocok,"5,4'-Dihydroxy-7,8,2',3'-tetramethoxyflavone"
71,Bisandrographolide B,Andrographis paniculata,44575280,C40H56O8,664.39751876,C=C1CCC2C(C)(CO)C(O)CCC2(C)C1C=CC1=CC(C2(CCC3=CCOC3=O)C(=C)CCC3C(C)(CO)C(O)CCC32C)OC1=O,CC12CCC(C(C1CCC(=C)C2/C=C/C3=CC(OC3=O)C4(C(=C)CCC5C4(CCC(C5(C)CO)O)C)CCC6=CCOC6=O)(C)CO)O,0.95879436,0.98267287,0.9619514,0.96780616,3,Active (3/3),0.9,0.647541,0.58715594,1,1,1,True,False,Bisandrographolide B,44575280,Andrographis paniculata,cocok,Bisandrographolide B
72,Dihydroferulic acid,Zingiber officinale,14340,C10H12O4,196.07355887,COc1cc(CCC(=O)O)ccc1O,COC1=C(C=CC(=C1)CCC(=O)O)O,0.99056137,0.9633826,0.9485027,0.96748227,3,Active (3/3),0.8888889,0.8015873,0.41666666,1,1,1,True,False,Dihydroferulic acid,14340,Zingiber officinale,cocok,Dihydroferulic Acid
73,"5-Hydroxy-7,8,2'-trimethoxyflavone 5-glucoside",Andrographis paniculata,5318498,C24H26O11,490.14751167,COc1ccccc1-c1cc(=O)c2c(OC3OC(CO)C(O)C(O)C3O)cc(OC)c(OC)c2o1,COC1=CC=CC=C1C2=CC(=O)C3=C(O2)C(=C(C=C3O[C@H]4[C@@H]([C@H]([C@@H]([C@H](O4)CO)O)O)O)OC)OC,0.9476487,0.9810095,0.9696471,0.9661018,3,Active (3/3),0.8,0.8727273,0.6909091,1,1,1,True,False,"5-Hydroxy-7,8,2'-trimethoxyflavone 5-glucoside",5318498,Andrographis paniculata,cocok,"7,8-dimethoxy-2-(2-methoxyphenyl)-5-((2S,3R,4S,5S,6R)-3,4,5-trihydroxy-6-(hydroxymethyl)oxan-2-yl)oxychromen-4-one"
74,p-Coumaroyl CoA,Melissa officinalis,6440013,C30H42N7O18P3S,913.15198779,CC(C)(COP(=O)(O)OP(=O)(O)OCC1OC(n2cnc3c(N)ncnc32)C(O)C1OP(=O)(O)O)C(O)C(=O)NCCC(=O)NCCSC(=O)C=Cc1ccc(O)cc1,CC(C)(COP(=O)(O)OP(=O)(O)OC[C@@H]1[C@H]([C@H]([C@@H](O1)N2C=NC3=C(N=CN=C32)N)O)OP(=O)(O)O)[C@H](C(=O)NCCC(=O)NCCSC(=O)/C=C/C4=CC=C(C=C4)O)O,0.9712635,0.96897453,0.9538931,0.9647104,3,Active (3/3),0.8333333,0.72490704,0.6076923,1,1,1,True,False,p-Coumaroyl CoA,6440013,Melissa officinalis | Zingiber officinale,cocok,"Coenzyme A, S-((2E)-3-(4-hydroxyphenyl)-2-propenoate)"
75,[6]-Gingerdiol 3-acetate,Zingiber officinale,131752857,C19H30O5,338.20932407,CCCCCC(O)CC(CCc1ccc(O)c(OC)c1)OC(C)=O,CCCCCC(CC(CCC1=CC(=C(C=C1)O)OC)OC(=O)C)O,0.99372405,0.9417376,0.9584095,0.9646237,3,Active (3/3),1.0,0.8091603,0.45555556,1,1,1,True,False,[6]-Gingerdiol 3-acetate,131752857,Zingiber officinale,cocok,[6]-Gingerdiol 3-acetate
76,[6]-Gingerdiol 5-acetate,Zingiber officinale,101419545,C19H30O5,338.20932407,CCCCCC(CC(O)CCc1ccc(O)c(OC)c1)OC(C)=O,CCCCCC(CC(CCC1=CC(=C(C=C1)O)OC)O)OC(=O)C,0.99372405,0.9417376,0.9584095,0.9646237,3,Active (3/3),1.0,0.8091603,0.45555556,1,1,1,True,False,[6]-Gingerdiol 5-acetate,101419545,Zingiber officinale,cocok,[6]-Gingerdiol 5-acetate
77,Cyclopentaneundecanoic acid,Zingiber officinale,534549,C16H30O2,254.2245802,O=C(O)CCCCCCCCCCC1CCCC1,C1CCC(C1)CCCCCCCCCCC(=O)O,0.9557753,0.9684454,0.9672105,0.96381044,3,Active (3/3),0.71428573,0.640625,0.58441556,1,1,1,True,False,Cyclopentaneundecanoic acid,534549,Zingiber officinale,cocok,Cyclopentaneundecanoic acid
78,Andrographiside,Andrographis paniculata,44593583,C26H40O10,512.2621475,C=C1CCC2C(C)(COC3OC(CO)C(O)C(O)C3O)C(O)CCC2(C)C1CC=C1C(=O)OCC1O,C[C@@]12CC[C@H]([C@@]([C@H]1CCC(=C)[C@H]2C/C=C/3\[C@@H](COC3=O)O)(C)CO[C@H]4[C@@H]([C@H]([C@@H]([C@H](O4)CO)O)O)O)O,0.95879436,0.99028134,0.9419653,0.9636803,3,Active (3/3),0.9,0.7606838,0.7019231,1,1,1,True,False,Andrographiside,44593583,Andrographis paniculata,cocok,Andrographiside
79,3-O-beta-D-Glucopyranosylandrographolide,Andrographis paniculata,11519131,C26H40O10,512.2621475,C=C1CCC2C(C)(CO)C(OC3OC(CO)C(O)C(O)C3O)CCC2(C)C1CC=C1C(=O)OCC1O,C[C@@]12CC[C@H]([C@@]([C@H]1CCC(=C)[C@H]2C/C=C/3\[C@@H](COC3=O)O)(C)CO)O[C@H]4[C@@H]([C@H]([C@@H]([C@H](O4)CO)O)O)O,0.95879436,0.99028134,0.9419653,0.9636803,3,Active (3/3),0.9,0.7606838,0.7019231,1,1,1,True,False,3-O-beta-D-Glucopyranosylandrographolide,11519131,Andrographis paniculata,cocok,3-O-beta-D-Glucopyranosylandrographolide
80,Matairesinoside,Forsythia suspensa,486612,C26H32O11,520.19446187,COc1cc(CC2COC(=O)C2Cc2ccc(OC3OC(CO)C(O)C(O)C3O)c(OC)c2)ccc1O,COC1=C(C=CC(=C1)C[C@H]2COC(=O)[C@@H]2CC3=CC(=C(C=C3)O[C@H]4[C@@H]([C@H]([C@@H]([C@H](O4)CO)O)O)O)OC)O,0.99372405,0.98735225,0.90881115,0.96329576,3,Active (3/3),1.0,0.7987421,0.4108527,1,1,1,True,False,Matairesinoside,486612,Forsythia suspensa,cocok,Matairesinoside
81,Astragalin,Phyllanthus niruri,5282102,C21H20O11,448.10056148,O=c1c(OC2OC(CO)C(O)C(O)C2O)c(-c2ccc(O)cc2)oc2cc(O)cc(O)c12,C1=CC(=CC=C1C2=C(C(=O)C3=C(C=C(C=C3O2)O)O)O[C@H]4[C@@H]([C@H]([C@@H]([C@H](O4)CO)O)O)O)O,0.91476953,0.98650265,0.9866449,0.96263903,3,Active (3/3),0.7,0.8980892,0.84444445,1,1,1,True,False,Astragalin,5282102,Phyllanthus niruri,cocok,Astragalin
82,7-O-Methylwogonin,Andrographis paniculata,188316,C17H14O5,298.08412356,COc1cc(O)c2c(=O)cc(-c3ccccc3)oc2c1OC,COC1=C(C2=C(C(=C1)O)C(=O)C=C(O2)C3=CC=CC=C3)OC,0.98042095,0.96936446,0.934204,0.96132976,3,Active (3/3),1.0,0.9477124,0.5714286,1,1,1,True,False,7-O-Methylwogonin,188316,Andrographis paniculata,cocok,"5-Hydroxy-7,8-dimethoxyflavone"
83,Hirsutrin,Phyllanthus niruri,5280804,C21H20O12,464.09547611,O=c1c(OC2OC(CO)C(O)C(O)C2O)c(-c2ccc(O)c(O)c2)oc2cc(O)cc(O)c12,C1=CC(=C(C=C1C2=C(C(=O)C3=C(C=C(C=C3O2)O)O)O[C@H]4[C@@H]([C@H]([C@@H]([C@H](O4)CO)O)O)O)O)O,0.91476953,0.986483,0.9817772,0.9610099,3,Active (3/3),0.7,0.9074074,0.7916667,1,1,1,True,False,Hirsutrin,5280804,Phyllanthus niruri,cocok,Isoquercetin
84,Cinnamic acid,Andrographis paniculata,444539,C9H8O2,148.0524295,O=C(O)C=Cc1ccccc1,C1=CC=C(C=C1)/C=C/C(=O)O,0.9909208,0.90800095,0.98104554,0.9599891,3,Active (3/3),0.8333333,0.78571427,0.5,1,1,1,True,False,Cinnamic acid,444539,Andrographis paniculata | Melissa officinalis,cocok,Cinnamic Acid
85,Forsythoside D,Forsythia suspensa,5317383,C20H30O13,478.16864105,CC1OC(OCC2OC(OCC(O)c3ccc(O)c(O)c3)C(O)C(O)C2O)C(O)C(O)C1O,C[C@H]1[C@@H]([C@H]([C@H]([C@@H](O1)OC[C@@H]2[C@H]([C@@H]([C@H]([C@@H](O2)OCC(C3=CC(=C(C=C3)O)O)O)O)O)O)O)O)O,0.94539905,0.981418,0.9506591,0.9591587,3,Active (3/3),1.0,0.8114754,0.64285713,1,1,1,True,False,Forsythoside D,5317383,Forsythia suspensa,cocok,Forsythoside D
86,Nepetoidin B,Melissa officinalis,5316819,C17H14O6,314.07903818,O=C(C=Cc1ccc(O)c(O)c1)OC=Cc1ccc(O)c(O)c1,C1=CC(=C(C=C1/C=C/C(=O)O/C=C\C2=CC(=C(C=C2)O)O)O)O,0.99671614,0.9497026,0.9303791,0.9589326,3,Active (3/3),0.75,0.74603176,0.30769232,1,1,1,True,False,Nepetoidin B,5316819,Melissa officinalis,cocok,Nepetoidin B
87,caffeoyl-CoA,Zingiber officinale,11966126,C30H42N7O19P3S,929.14690242,CC(C)(COP(=O)(O)OP(=O)(O)OCC1OC(n2cnc3c(N)ncnc32)C(O)C1OP(=O)(O)O)C(O)C(=O)NCCC(=O)NCCSC(=O)C=Cc1ccc(O)c(O)c1,CC(C)(COP(=O)(O)OP(=O)(O)OC[C@@H]1[C@H]([C@H]([C@@H](O1)N2C=NC3=C(N=CN=C32)N)O)OP(=O)(O)O)[C@H](C(=O)NCCC(=O)NCCSC(=O)/C=C/C4=CC(=C(C=C4)O)O)O,0.9712635,0.9668135,0.9386854,0.9589208,3,Active (3/3),0.8333333,0.72527474,0.58518517,1,1,1,True,False,caffeoyl-CoA,11966126,Zingiber officinale,cocok,"Coenzyme A, S-((2E)-3-(3,4-dihydroxyphenyl)-2-propenoate)"
88,Ethylene glycol monohexadecanoate,Zingiber officinale,20201,C18H36O3,300.26644502,CCCCCCCCCCCCCCCC(=O)OCCO,CCCCCCCCCCCCCCCC(=O)OCCO,0.9857994,0.93802935,0.951256,0.95836157,3,Active (3/3),0.75,0.5217391,0.44055945,1,1,1,True,False,Ethylene glycol monohexadecanoate,20201,Zingiber officinale,cocok,2-Hydroxyethyl hexadecanoate
89,Feruloyl-CoA,Zingiber officinale,139031281,C31H44N7O19P3S,943.16255248,COc1cc(C=CC(=O)SCCNC(=O)CCNC(=O)C(O)C(C)(C)COP(=O)(O)OP(=O)(O)OCC2OC(n3cnc4c(N)ncnc43)C(O)C2OP(=O)(O)O)ccc1O,CC(C)(COP(=O)(O)OP(=O)(O)OC[C@@H]1[C@H]([C@H]([C@@H](O1)N2C=NC3=C(N=CN=C32)N)O)OP(=O)(O)O)[C@H](C(=O)NCCC(=O)NCCSC(=O)C=CC4=CC(=C(C=C4)O)OC)O,0.9712635,0.96440285,0.93679893,0.9574885,3,Active (3/3),0.8333333,0.7481752,0.5808824,1,1,1,True,False,Feruloyl-CoA,139031281,Zingiber officinale,cocok,Feruloyl-CoA
90,"3,7,4'-Tri-O-methylkaempferol",Zingiber officinale,5468749,C18H16O6,328.09468824,COc1ccc(-c2oc3cc(OC)cc(O)c3c(=O)c2OC)cc1,COC1=CC=C(C=C1)C2=C(C(=O)C3=C(C=C(C=C3O2)OC)O)OC,0.98042095,0.9682534,0.9222402,0.95697147,3,Active (3/3),1.0,0.9589041,1.0,1,1,1,True,False,"3,7,4'-Tri-O-methylkaempferol",5468749,Zingiber officinale,cocok,"5-Hydroxy-3,7,4'-trimethoxyflavone"
91,Forsythoside B,Forsythia suspensa,23928102,C34H44O19,756.24767923,CC1OC(OC2C(O)C(OCCc3ccc(O)c(O)c3)OC(COC3OCC(O)(CO)C3O)C2OC(=O)C=Cc2ccc(O)c(O)c2)C(O)C(O)C1O,C[C@H]1[C@@H]([C@H]([C@H]([C@@H](O1)O[C@@H]2[C@H]([C@@H](O[C@@H]([C@H]2OC(=O)/C=C/C3=CC(=C(C=C3)O)O)CO[C@H]4[C@@H]([C@](CO4)(CO)O)O)OCCC5=CC(=C(C=C5)O)O)O)O)O)O,0.9811386,0.98017776,0.90856576,0.95662737,3,Active (3/3),0.90909094,0.7346939,0.5151515,1,1,1,True,False,Forsythoside B,23928102,Forsythia suspensa,cocok,Forsythoside B
92,Fisetin 4'-glucoside,Phyllanthus niruri,44258681,C21H20O11,448.10056148,O=c1c(O)c(-c2ccc(OC3OC(CO)C(O)C(O)C3O)c(O)c2)oc2cc(O)ccc12,C1=CC(=C(C=C1C2=C(C(=O)C3=C(O2)C=C(C=C3)O)O)O)O[C@H]4C(C([C@@H](C(O4)CO)O)O)O,0.91476953,0.9841743,0.9679217,0.9556218,3,Active (3/3),0.7,0.9130435,0.7916667,1,1,1,True,False,Fisetin 4'-glucoside,44258681,Phyllanthus niruri,cocok,"3,7-dihydroxy-2-[3-hydroxy-4-[(2S,5S)-3,4,5-trihydroxy-6-(hydroxymethyl)oxan-2-yl]oxyphenyl]chromen-4-one"
93,14-Deoxy-17-hydroxyandrographolide,Andrographis paniculata,11631693,C20H32O5,352.22497413,CC1(CO)C(O)CCC2(C)C(CCC3=CCOC3=O)C(CO)CCC12,C[C@@]12CC[C@H]([C@@]([C@H]1CC[C@@H]([C@H]2CCC3=CCOC3=O)CO)(C)CO)O,0.9691149,0.93948394,0.95498115,0.95452666,3,Active (3/3),1.0,0.66292137,0.6551724,1,1,1,True,False,14-Deoxy-17-hydroxyandrographolide,11631693,Andrographis paniculata,cocok,14-Deoxy-17-hydroxyandrographolide
94,"5-Hydroxy-3,7-dimethoxyflavone",Zingiber officinale,5748697,C17H14O5,298.08412356,COc1cc(O)c2c(=O)c(OC)c(-c3ccccc3)oc2c1,COC1=CC(=C2C(=C1)OC(=C(C2=O)OC)C3=CC=CC=C3)O,0.98042095,0.9682534,0.913162,0.95394546,3,Active (3/3),1.0,0.9589041,0.8125,1,1,1,True,False,"5-Hydroxy-3,7-dimethoxyflavone",5748697,Zingiber officinale,cocok,"5-Hydroxy-3,7-dimethoxyflavone"
95,Cinnamoyl-CoA,Zingiber officinale,6444037,C30H42N7O17P3S,897.15707317,CC(C)(COP(=O)(O)OP(=O)(O)OCC1OC(n2cnc3c(N)ncnc32)C(O)C1OP(=O)(O)O)C(O)C(=O)NCCC(=O)NCCSC(=O)C=Cc1ccccc1,CC(C)(COP(=O)(O)OP(=O)(O)OC[C@@H]1[C@H]([C@H]([C@@H](O1)N2C=NC3=C(N=CN=C32)N)O)OP(=O)(O)O)[C@H](C(=O)NCCC(=O)NCCSC(=O)/C=C/C4=CC=CC=C4)O,0.9712635,0.94702804,0.9416455,0.9533124,3,Active (3/3),0.8333333,0.7621145,0.6171875,1,1,1,True,False,Cinnamoyl-CoA,6444037,Zingiber officinale,cocok,Cinnamoyl-CoA
96,Forsythenside A,Forsythia suspensa,11797786,C22H26O10,450.15259705,O=C1C=CC(O)(CCOC2OC(COC(=O)Cc3ccc(O)cc3)C(O)C(O)C2O)C=C1,C1=CC(=CC=C1CC(=O)OC[C@@H]2[C@H]([C@@H]([C@H]([C@@H](O2)OCCC3(C=CC(=O)C=C3)O)O)O)O)O,0.95972973,0.97326285,0.9258114,0.9529347,3,Active (3/3),0.8181818,0.74603176,0.48958334,1,1,1,True,False,Forsythenside A,11797786,Forsythia suspensa,cocok,Forsythenside A
97,Quercetin,Phyllanthus niruri,5280343,C15H10O7,302.04265268,O=c1c(O)c(-c2ccc(O)c(O)c2)oc2cc(O)cc(O)c12,C1=CC(=C(C=C1C2=C(C(=O)C3=C(C=C(C=C3O2)O)O)O)O)O,0.96516436,0.9649045,0.92322373,0.95109755,3,Active (3/3),1.0,1.0,1.0,1,1,1,True,False,Quercetin,5280343,Phyllanthus niruri | Zingiber officinale,cocok,Quercetin
98,Galangin,Zingiber officinale,5281616,C15H10O5,270.05282343,O=c1c(O)c(-c2ccccc2)oc2cc(O)cc(O)c12,C1=CC=C(C=C1)C2=C(C(=O)C3=C(C=C(C=C3O2)O)O)O,0.96516436,0.9648523,0.9188581,0.94962496,3,Active (3/3),1.0,1.0,1.0,1,1,1,True,False,Galangin,5281616,Zingiber officinale,cocok,Galangin
99,12S-Hydroxyandrographolide,Andrographis paniculata,11559702,C20H32O6,368.21988875,C=C1CCC2C(C)(CO)C(O)CCC2(C)C1CC(O)C1C(=O)OCC1O,C[C@@]12CC[C@H]([C@@]([C@H]1CCC(=C)[C@H]2C[C@@H](C3[C@@H](COC3=O)O)O)(C)CO)O,0.8905267,0.97633415,0.9734694,0.9467767,3,Active (3/3),0.8,0.6972477,0.6509434,1,1,1,True,False,12S-Hydroxyandrographolide,11559702,Andrographis paniculata,,
100,"5-Hydroxy-3,7,3',4'-tetramethoxyflavone",Zingiber officinale,5352005,C19H18O7,358.10525293,COc1cc(O)c2c(=O)c(OC)c(-c3ccc(OC)c(OC)c3)oc2c1,COC1=C(C=C(C=C1)C2=C(C(=O)C3=C(C=C(C=C3O2)OC)O)OC)OC,0.98042095,0.9682219,0.8878552,0.94549936,3,Active (3/3),1.0,0.9602649,0.59090906,1,1,1,True,False,"5-Hydroxy-3,7,3',4'-tetramethoxyflavone",5352005,Zingiber officinale,,
101,Paniculide C,Andrographis paniculata,101289824,C15H18O5,278.11542369,CC(C)=CCCC1=C2C(=O)C3OC3(CO)CC2OC1=O,CC(=CCCC1=C2[C@H](C[C@@]3([C@H](C2=O)O3)CO)OC1=O)C,0.9691149,0.9714338,0.8958453,0.9454647,3,Active (3/3),1.0,0.6280992,0.50877196,1,1,1,True,False,Paniculide C,101289824,Andrographis paniculata,,
102,14-Deoxyandrographolide,Andrographis paniculata,11624161,C20H30O4,334.21440945,C=C1CCC2C(C)(CO)C(O)CCC2(C)C1CCC1=CCOC1=O,C[C@@]12CC[C@H]([C@@]([C@H]1CCC(=C)[C@H]2CCC3=CCOC3=O)(C)CO)O,0.95879436,0.9408802,0.93574727,0.9451406,3,Active (3/3),0.9,0.6516854,0.6363636,1,1,1,True,False,14-Deoxyandrographolide,11624161,Andrographis paniculata,cocok,Deoxyandrographolide
103,"5,7,3',4'-Tetrahydroxyflavone",Melissa officinalis,5280445,C15H10O6,286.04773805,O=c1cc(-c2ccc(O)c(O)c2)oc2cc(O)cc(O)c12,C1=CC(=C(C=C1C2=CC(=O)C3=C(C=C(C=C3O2)O)O)O)O,0.96516436,0.946788,0.92322373,0.94505876,3,Active (3/3),1.0,1.0,1.0,1,1,1,True,False,"5,7,3',4'-Tetrahydroxyflavone",5280445,Melissa officinalis,cocok,Luteolin
104,Andrographolide,Andrographis paniculata,5318517,C20H30O5,350.20932407,C=C1CCC2C(C)(CO)C(O)CCC2(C)C1CC=C1C(=O)OCC1O,C[C@@]12CC[C@H]([C@@]([C@H]1CCC(=C)[C@H]2C/C=C/3\[C@@H](COC3=O)O)(C)CO)O,0.95879436,0.98244953,0.8910277,0.94409055,3,Active (3/3),0.9,0.6581197,0.61165047,1,1,1,True,True,Andrographolide | Andropanolide | isoandrographolide,5318517 | 7067324 | 11078630,Andrographis paniculata,,
105,Sinapyl alcohol,Forsythia suspensa,5280507,C11H14O4,210.08920894,COc1cc(C=CCO)cc(OC)c1O,COC1=CC(=CC(=C1O)OC)/C=C/CO,0.97867554,0.9287172,0.9179466,0.9417798,3,Active (3/3),0.75,0.864,0.39215687,1,1,1,True,False,Sinapyl alcohol,5280507,Forsythia suspensa,cocok,Sinapyl alcohol
106,Genistein,Zingiber officinale,5280961,C15H10O5,270.05282343,O=c1c(-c2ccc(O)cc2)coc2cc(O)cc(O)c12,C1=CC(=CC=C1C2=COC3=CC(=CC(=C3C2=O)O)O)O,0.96516436,0.8995502,0.9600232,0.9415793,3,Active (3/3),1.0,1.0,1.0,1,1,1,True,False,Genistein,5280961,Zingiber officinale,,
107,"5-Hydroxy-7,3',4'-trimethoxyflavone",Zingiber officinale,5272653,C18H16O6,328.09468824,COc1cc(O)c2c(=O)cc(-c3ccc(OC)c(OC)c3)oc2c1,COC1=C(C=C(C=C1)C2=CC(=O)C3=C(C=C(C=C3O2)OC)O)OC,0.98042095,0.95058453,0.8878552,0.9396202,3,Active (3/3),1.0,0.9533333,0.59090906,1,1,1,True,False,"5-Hydroxy-7,3',4'-trimethoxyflavone",5272653,Zingiber officinale,,
108,Geranyl-beta-D-glucopyranoside,Zingiber officinale,10710515,C16H28O6,316.18858863,CC(C)=CCCC(C)=CCOC1OC(CO)C(O)C(O)C1O,CC(=CCC/C(=C/CO[C@H]1[C@@H]([C@H]([C@@H]([C@H](O1)CO)O)O)O)/C)C,0.984152,0.9312375,0.8970938,0.93749446,3,Active (3/3),0.875,0.7654321,0.80851066,1,1,1,True,False,Geranyl-beta-D-glucopyranoside,10710515,Zingiber officinale,,
109,"5-Hydroxy-3,7,8,2'-tetramethoxyflavone",Andrographis paniculata,14887327,C19H18O7,358.10525293,COc1ccccc1-c1oc2c(OC)c(OC)cc(O)c2c(=O)c1OC,COC1=CC=CC=C1C2=C(C(=O)C3=C(O2)C(=C(C=C3O)OC)OC)OC,0.98042095,0.96936446,0.85912627,0.93630385,3,Active (3/3),1.0,0.9477124,0.5217391,1,1,1,True,False,"5-Hydroxy-3,7,8,2'-tetramethoxyflavone",14887327,Andrographis paniculata,,
110,"5-Hydroxy-7,4'-dimethoxyflavone",Andrographis paniculata,5281601,C17H14O5,298.08412356,COc1ccc(-c2cc(=O)c3c(O)cc(OC)cc3o2)cc1,COC1=CC=C(C=C1)C2=CC(=O)C3=C(C=C(C=C3O2)OC)O,0.98042095,0.9061081,0.9222402,0.9362564,3,Active (3/3),1.0,1.0,1.0,1,1,1,True,False,"5-Hydroxy-7,4'-dimethoxyflavone",5281601,Andrographis paniculata | Zingiber officinale,cocok,"5-Hydroxy-7,4'-dimethoxyflavone"
111,Lactose,Forsythia suspensa,6134,C12H22O11,342.11621155,OCC1OC(OC2C(CO)OC(O)C(O)C2O)C(O)C(O)C1O,C([C@@H]1[C@@H]([C@@H]([C@H]([C@@H](O1)O[C@@H]2[C@H](O[C@H]([C@@H]([C@H]2O)O)O)CO)O)O)O)O,0.87957275,0.98022527,0.9460472,0.93528175,3,Active (3/3),1.0,0.8695652,0.974359,1,1,1,True,False,Lactose,6134,Forsythia suspensa,,
112,Tectochrysin,Zingiber officinale,5281954,C16H12O4,268.07355887,COc1cc(O)c2c(=O)cc(-c3ccccc3)oc2c1,COC1=CC(=C2C(=C1)OC(=CC2=O)C3=CC=CC=C3)O,0.98042095,0.9061081,0.913162,0.93323034,3,Active (3/3),1.0,1.0,0.8125,1,1,1,True,False,Tectochrysin,5281954,Zingiber officinale,cocok,Tectochrysin
113,"5-Hydroxy-7,2',6'-trimethoxyflavone",Andrographis paniculata,5318369,C18H16O6,328.09468824,COc1cc(O)c2c(=O)cc(-c3c(OC)cccc3OC)oc2c1,COC1=C(C(=CC=C1)OC)C2=CC(=O)C3=C(C=C(C=C3O2)OC)O,0.98042095,0.9022741,0.90210134,0.9282655,3,Active (3/3),1.0,0.9925926,0.7647059,1,1,1,True,False,"5-Hydroxy-7,2',6'-trimethoxyflavone",5318369,Andrographis paniculata,cocok,"5-Hydroxy-7,2',6'-trimethoxyflavone"
114,14-Deoxy-11-oxoandrographolide,Andrographis paniculata,9975052,C20H28O5,348.193674,C=C1CCC2C(C)(CO)C(O)CCC2(C)C1C(=O)CC1=CCOC1=O,C[C@@]12CC[C@H]([C@@]([C@H]1CCC(=C)[C@H]2C(=O)CC3=CCOC3=O)(C)CO)O,0.95879436,0.9534336,0.87150794,0.92791194,3,Active (3/3),0.9,0.6304348,0.5858586,1,1,1,True,False,14-Deoxy-11-oxoandrographolide,9975052,Andrographis paniculata,,
115,Zataroside A,Zingiber officinale,25102046,C15H24,204.18780077,Cc1cc(OC2OC(CO)C(O)C(O)C2O)c(C(C)C)cc1O,CC1=CC(=C(C=C1O)C(C)C)O[C@H]2[C@@H]([C@H]([C@@H]([C@H](O2)CO)O)O)O,0.94539905,0.9410159,0.888768,0.925061,3,Active (3/3),1.0,0.7826087,0.7307692,1,1,1,True,False,Zataroside A,25102046,Zingiber officinale,,
116,Kenposide A,Zingiber officinale,6439502,C21H36O10,448.23084737,CC(C)=CCCC(C)=CCOC1OC(COC2OCC(O)C(O)C2O)C(O)C(O)C1O,CC(=CCC/C(=C/CO[C@@H]1[C@@H]([C@H]([C@@H]([C@H](O1)CO[C@H]2[C@@H]([C@H]([C@H](CO2)O)O)O)O)O)O)/C)C,0.984152,0.9757937,0.81485075,0.9249322,3,Active (3/3),0.875,0.7804878,0.7346939,1,1,1,True,True,Kenposide A | Geranyl beta-primeveroside,6439502 | 6443689,Zingiber officinale,,
117,(+)-Pinoresinolin,Forsythia suspensa,157009759,C20H22O7,374.13655306,COc1cc(OC2OCC3C(c4ccc(O)c(OC)c4)OCC23)ccc1O,COC1=C(C=CC(=C1)C2C3CO[C@@H]([C@H]3CO2)OC4=CC(=C(C=C4)O)OC)O,0.94539905,0.9508068,0.8731295,0.92311174,3,Active (3/3),1.0,0.8428571,0.5689655,1,1,1,True,False,(+)-Pinoresinolin,157009759,Forsythia suspensa,,
118,Forsythenside B,Forsythia suspensa,10576163,C22H26O11,466.14751167,O=C1C=CC(O)(CCOC2OC(COC(=O)CC3(O)C=CC(=O)C=C3)C(O)C(O)C2O)C=C1,C1=CC(C=CC1=O)(CCO[C@H]2[C@@H]([C@H]([C@@H]([C@H](O2)COC(=O)CC3(C=CC(=O)C=C3)O)O)O)O)O,0.9372429,0.9735388,0.8460833,0.918955,3,Active (3/3),0.8888889,0.63917524,0.49473685,1,1,1,True,False,Forsythenside B,10576163,Forsythia suspensa,,
119,Andrographic acid,Andrographis paniculata,16215024,C20H28O6,364.18858863,C=C1CCC2C(C)(CO)C(O)CCC2(C)C1C=CC(=CC(=O)O)C(=O)O,C[C@@]12CC[C@H]([C@@]([C@H]1CCC(=C)[C@H]2/C=C/C(=C/C(=O)O)/C(=O)O)(C)CO)O,0.79276824,0.9790293,0.96068364,0.910827,3,Active (3/3),0.8,0.5963303,0.6805556,1,1,1,True,False,Andrographic acid,16215024,Andrographis paniculata,,
120,Oleanolic acid,Forsythia suspensa,10494,C30H48O3,456.3603454,CC1(C)CCC2(C(=O)O)CCC3(C)C(=CCC4C5(C)CCC(O)C(C)(C)C5CCC43C)C2C1,C[C@]12CC[C@@H](C([C@@H]1CC[C@@]3([C@@H]2CC=C4[C@]3(CC[C@@]5([C@H]4CC(CC5)(C)C)C(=O)O)C)C)(C)C)O,0.8341299,0.92815846,0.96890146,0.91039664,3,Active (3/3),0.8888889,0.7407407,0.7037037,1,1,1,True,False,Oleanolic acid,10494,Forsythia suspensa,,
121,"threo-1-(4-Hydroxy-3-methoxyphenyl)propane-1,2-diol",Zingiber officinale,12181413,C10H14O4,198.08920894,COc1cc(C(O)C(C)O)ccc1O,C[C@@H]([C@H](C1=CC(=C(C=C1)O)OC)O)O,0.98607266,0.90156156,0.8289069,0.9055137,3,Active (3/3),0.85714287,0.856,0.65957445,1,1,1,True,False,"threo-1-(4-Hydroxy-3-methoxyphenyl)propane-1,2-diol",12181413,Zingiber officinale,,
122,Andrograpanin,Andrographis paniculata,11666871,C20H30O3,318.21949482,C=C1CCC2C(C)(CO)CCCC2(C)C1CCC1=CCOC1=O,C[C@]1(CCC[C@@]2([C@@H]1CCC(=C)[C@H]2CCC3=CCOC3=O)C)CO,0.95879436,0.89842486,0.8556411,0.9042868,3,Active (3/3),0.9,0.627907,0.56179774,1,1,1,True,False,Andrograpanin,11666871,Andrographis paniculata,,
123,4-Hydroxybenzaldehyde,Zingiber officinale,126,C7H6O2,122.03677944,O=Cc1ccc(O)cc1,C1=CC(=CC=C1C=O)O,0.98552024,0.80473894,0.91294086,0.9010667,3,Active (3/3),0.6666667,0.9019608,0.42857143,1,1,1,True,False,4-Hydroxybenzaldehyde,126,Zingiber officinale,,
124,Dehydrozingerone,Zingiber officinale,5354238,C11H12O3,192.07864425,COc1cc(C=CC(C)=O)ccc1O,CC(=O)/C=C/C1=CC(=C(C=C1)O)OC,0.9977151,0.79717326,0.90781313,0.90090054,3,Active (3/3),0.875,0.740458,0.32142857,1,1,1,True,False,Dehydrozingerone,5354238,Zingiber officinale,,
125,"14-Deoxy-11,14-didehydroandrographolide",Andrographis paniculata,5708351,C20H28O4,332.19875938,C=C1CCC2C(C)(CO)C(O)CCC2(C)C1C=CC1=CCOC1=O,C[C@@]12CC[C@H]([C@@]([C@H]1CCC(=C)[C@H]2/C=C/C3=CCOC3=O)(C)CO)O,0.95879436,0.9367082,0.79557365,0.8970254,3,Active (3/3),0.9,0.60784316,0.5714286,1,1,1,True,False,"14-Deoxy-11,14-didehydroandrographolide",5708351,Andrographis paniculata,,
126,Gingerenone B,Zingiber officinale,5317592,C22H26O6,386.17293856,COc1cc(CCC(=O)C=CCCc2cc(OC)c(O)c(OC)c2)ccc1O,COC1=CC(=CC(=C1O)OC)CC/C=C/C(=O)CCC2=CC(=C(C=C2)O)OC,0.9955502,0.9546595,0.73910004,0.89643663,3,Active (3/3),0.8181818,0.81333333,0.3939394,1,1,1,True,False,Gingerenone B,5317592,Zingiber officinale,,
127,Isogingerenone B,Zingiber officinale,5318568,C22H26O6,386.17293856,COc1cc(CCC=CC(=O)CCc2cc(OC)c(O)c(OC)c2)ccc1O,COC1=CC(=CC(=C1O)OC)CCC(=O)/C=C/CCC2=CC(=C(C=C2)O)OC,0.9955502,0.9546595,0.73910004,0.89643663,3,Active (3/3),0.8181818,0.81333333,0.3939394,1,1,1,True,False,Isogingerenone B,5318568,Zingiber officinale,,
128,Delphinidin 3-sambubioside,Zingiber officinale,10196837,C26H29O16,597.14555988,OCC1OC(Oc2cc3c(O)cc(O)cc3[o+]c2-c2cc(O)c(O)c(O)c2)C(OC2OCC(O)C(O)C2O)C(O)C1O,C1[C@H]([C@@H]([C@H]([C@@H](O1)O[C@@H]2[C@H]([C@@H]([C@H](O[C@H]2OC3=CC4=C(C=C(C=C4[O+]=C3C5=CC(=C(C(=C5)O)O)O)O)O)CO)O)O)O)O)O,0.7193592,0.98740196,0.9756159,0.8941257,3,Active (3/3),0.75,0.8902439,0.8043478,1,1,1,True,False,Delphinidin 3-sambubioside,10196837,Zingiber officinale,,
129,"5-Hydroxy-1-(4-hydroxy-3,5-dimethoxyphenyl)-7-(4-hydroxy-3-methoxyphenyl)-3-heptanone",Zingiber officinale,15118817,C22H28O7,404.18350325,COc1cc(CCC(O)CC(=O)CCc2cc(OC)c(O)c(OC)c2)ccc1O,COC1=CC(=CC(=C1O)OC)CCC(=O)CC(CCC2=CC(=C(C=C2)O)OC)O,0.99372405,0.9401143,0.74847585,0.8941047,3,Active (3/3),1.0,0.8455882,0.45714286,1,1,1,True,False,"5-Hydroxy-1-(4-hydroxy-3,5-dimethoxyphenyl)-7-(4-hydroxy-3-methoxyphenyl)-3-heptanone | 5-Hydroxy-7-(4-hydroxy-3,5-dimethoxyphenyl)-1-(4-hydroxy-3-methoxyphenyl)-3-heptanone",15118817,Zingiber officinale,,
130,Methyl hydroferulate,Zingiber officinale,523498,C11H14O4,210.08920894,COC(=O)CCc1ccc(O)c(OC)c1,COC1=C(C=CC(=C1)CCC(=O)OC)O,0.99056137,0.9633826,0.72753793,0.89382726,3,Active (3/3),0.8888889,0.8015873,0.42857143,1,1,1,True,False,Methyl hydroferulate,523498,Zingiber officinale,,
131,L-Tyrosine,Melissa officinalis,6057,C9H11NO3,181.07389323,NC(Cc1ccc(O)cc1)C(=O)O,C1=CC(=CC=C1C[C@@H](C(=O)O)N)O,0.77390707,0.9286356,0.97629374,0.89294547,3,Active (3/3),0.875,0.79130435,0.5,1,1,1,True,False,L-Tyrosine,6057,Melissa officinalis,,
132,Vanillin,Zingiber officinale,1183,C8H8O3,152.04734412,COc1cc(C=O)ccc1O,COC1=C(C=CC(=C1)C=O)O,0.99749666,0.7643601,0.89625096,0.8860359,3,Active (3/3),0.75,0.77692306,0.41935483,1,1,1,True,False,Vanillin,1183,Zingiber officinale,,
133,Methyl acetate,Zingiber officinale,6584,C3H6O2,74.03677944,COC(C)=O,CC(=O)OC,0.8917993,0.83554584,0.90970516,0.8790167,3,Active (3/3),0.5714286,0.5,0.4054054,1,1,1,True,False,Methyl acetate,6584,Zingiber officinale,,
134,Isovanillin,Zingiber officinale,12127,C8H8O3,152.04734412,COc1ccc(C=O)cc1O,COC1=C(C=C(C=C1)C=O)O,0.99749666,0.7643601,0.87248343,0.87811345,3,Active (3/3),0.75,0.77692306,0.40625,1,1,1,True,False,Isovanillin,12127,Zingiber officinale,,
135,Delphinidin,Zingiber officinale,128853,C15H11O7,303.05047771,Oc1cc(O)c2cc(O)c(-c3cc(O)c(O)c(O)c3)[o+]c2c1,C1=C(C=C(C(=C1O)O)O)C2=[O+]C3=CC(=CC(=C3C=C2O)O)O,0.7528962,0.9657038,0.9131663,0.87725544,3,Active (3/3),0.8333333,0.9863946,0.7777778,1,1,1,True,False,Delphinidin,128853,Zingiber officinale,,
136,5-Hydroxy-1-(4-hydroxy-3-methoxycyclohexyl)decan-3-one,Zingiber officinale,42675,C17H32O4,300.23005951,CCCCCC(O)CC(=O)CCC1CCC(O)C(OC)C1,CCCCCC(CC(=O)CCC1CCC(C(C1)OC)O)O,0.9914166,0.8854158,0.7345228,0.87045175,3,Active (3/3),0.875,0.6438356,0.53409094,1,1,1,True,False,5-Hydroxy-1-(4-hydroxy-3-methoxycyclohexyl)decan-3-one,42675,Zingiber officinale,,
137,Demethoxycurcumin,Curcuma xanthorrhiza,5469424,C20H18O5,338.11542369,COc1cc(C=CC(=O)CC(=O)C=Cc2ccc(O)cc2)ccc1O,COC1=C(C=CC(=C1)/C=C/C(=O)CC(=O)/C=C/C2=CC=C(C=C2)O)O,0.9955502,0.83478343,0.7490647,0.8597994,3,Active (3/3),0.8181818,0.7586207,0.29850745,1,1,0,False,False,Demethoxycurcumin,5469424,Curcuma xanthorrhiza | Zingiber officinale,,
138,Arctigenin,Forsythia suspensa,64981,C21H24O6,372.1572885,COc1cc(CC2C(=O)OCC2Cc2ccc(OC)c(OC)c2)ccc1O,COC1=C(C=C(C=C1)C[C@H]2COC(=O)[C@@H]2CC3=CC(=C(C=C3)O)OC)OC,0.99372405,0.9526642,0.62754864,0.857979,3,Active (3/3),1.0,0.81060606,0.44444445,1,1,1,True,False,Arctigenin,64981,Forsythia suspensa,,
139,Bisdemethoxycurcumin,Zingiber officinale,5315472,C19H16O4,308.104859,O=C(C=Cc1ccc(O)cc1)CC(=O)C=Cc1ccc(O)cc1,C1=CC(=CC=C1/C=C/C(=O)CC(=O)/C=C/C2=CC=C(C=C2)O)O,0.98076135,0.8662041,0.7151438,0.8540364,3,Active (3/3),0.85714287,0.7924528,0.2857143,1,1,0,False,False,Bisdemethoxycurcumin,5315472,Zingiber officinale,,
140,Bisacurone epoxide,Curcuma xanthorrhiza,14543235,C15H24O4,268.16745925,CC(C)=CC(=O)CC(C)C1CC(O)C(C)(O)C2OC12,CC(CC(=O)C=C(C)C)C1CC(C(C2C1O2)(C)O)O,0.9691149,0.8384335,0.7457027,0.8510837,3,Active (3/3),1.0,0.62931037,0.5555556,1,1,1,True,False,Bisacurone epoxide,14543235,Curcuma xanthorrhiza,,
141,Shogasulfonic acid D,Zingiber officinale,101232218,C21H26O10S,470.12466778,COc1cc(CCC(=O)CC(CCc2cc(O)c(O)c(OC)c2)S(=O)(=O)O)cc(O)c1O,COC1=CC(=CC(=C1O)O)CCC(CC(=O)CCC2=CC(=C(C(=C2)OC)O)O)S(=O)(=O)O,0.99150366,0.97368443,0.5802802,0.84848946,3,Active (3/3),0.9,0.760274,0.34117648,1,1,1,True,False,Shogasulfonic acid D,101232218,Zingiber officinale,,
142,Rengyolone,Forsythia suspensa,10374646,C8H10O3,154.06299419,O=C1C=CC2(O)CCOC2C1,C1CO[C@H]2[C@@]1(C=CC(=O)C2)O,0.9372429,0.8825049,0.72496575,0.8482378,3,Active (3/3),0.8888889,0.53608245,0.5121951,1,1,1,True,False,Rengyolone,10374646,Forsythia suspensa,,
143,L-Phenylalanine,Melissa officinalis,6140,C9H11NO2,165.0789786,NC(Cc1ccccc1)C(=O)O,C1=CC=C(C=C1)C[C@@H](C(=O)O)N,0.77390707,0.81600225,0.94945467,0.8464546,3,Active (3/3),0.875,0.8076923,0.53846157,1,1,1,True,False,L-Phenylalanine,6140,Melissa officinalis,,
144,(+)-Pinoresinol,Forsythia suspensa,73399,C20H22O6,358.14163844,COc1cc(C2OCC3C(c4ccc(O)c(OC)c4)OCC23)ccc1O,COC1=C(C=CC(=C1)[C@@H]2[C@H]3CO[C@@H]([C@H]3CO2)C4=CC(=C(C=C4)O)OC)O,0.94539905,0.9488397,0.6368821,0.8437069,3,Active (3/3),1.0,0.8484849,0.54385966,1,1,1,True,True,(+)-Pinoresinol | (+)-Epipinoresinol,73399 | 637584,Forsythia suspensa,,
145,Uridine,Zingiber officinale,6029,C9H12N2O6,244.06953613,O=c1ccn(C2OC(CO)C(O)C2O)c(=O)[nH]1,C1=CN(C(=O)NC1=O)[C@H]2[C@@H]([C@@H]([C@H](O2)CO)O)O,0.93799573,0.5958589,0.97707695,0.8369772,3,Active (3/3),0.8,0.8322148,0.7777778,1,1,1,True,False,Uridine,6029,Zingiber officinale,,
146,Cornoside,Forsythia suspensa,3084796,C14H20O8,316.11581762,O=C1C=CC(O)(CCOC2OC(CO)C(O)C(O)C2O)C=C1,C1=CC(C=CC1=O)(CCO[C@@H]2[C@H]([C@@H]([C@H]([C@@H](O2)CO)O)O)O)O,0.9372429,0.95355713,0.6159082,0.8355694,3,Active (3/3),0.8888889,0.6853933,0.6440678,1,1,1,True,False,Cornoside,3084796,Forsythia suspensa,,
147,Isoeugenol,Zingiber officinale,853433,C10H12O2,164.08372963,CC=Cc1ccc(O)c(OC)c1,C/C=C/C1=CC(=C(C=C1)O)OC,0.99454015,0.7962211,0.7036851,0.8314821,3,Active (3/3),0.625,0.776,0.34615386,1,1,1,True,False,Isoeugenol | E-Isoeugenol,853433,Zingiber officinale,,
148,4-(4-Hydroxy-3-methoxyphenyl)-2-butanone,Zingiber officinale,31211,C11H14O3,194.09429431,COc1cc(CCC(C)=O)ccc1O,CC(=O)CCC1=CC(=C(C=C1)O)OC,0.99056137,0.8039879,0.6917304,0.8287599,3,Active (3/3),0.8888889,0.7777778,0.38333333,1,1,1,True,False,4-(4-Hydroxy-3-methoxyphenyl)-2-butanone,31211,Zingiber officinale,,
149,1-Decyl acetate,Zingiber officinale,8167,C12H24O2,200.17763001,CCCCCCCCCCOC(C)=O,CCCCCCCCCCOC(=O)C,0.7609732,0.878061,0.8462563,0.8284302,3,Active (3/3),0.625,0.42857143,0.40963855,1,1,1,True,False,1-Decyl acetate,8167,Zingiber officinale,,
150,Heptyl acetate,Zingiber officinale,8159,C9H18O2,158.13067982,CCCCCCCOC(C)=O,CCCCCCCOC(=O)C,0.7609732,0.87689537,0.8389424,0.82560366,3,Active (3/3),0.625,0.4375,0.39759037,1,1,1,True,False,Heptyl acetate,8159,Zingiber officinale,,
151,Phillygenin,Forsythia suspensa,3083590,C21H24O6,372.1572885,COc1cc(C2OCC3C(c4ccc(OC)c(OC)c4)OCC23)ccc1O,COC1=C(C=C(C=C1)[C@H]2[C@H]3CO[C@@H]([C@H]3CO2)C4=CC(=C(C=C4)O)OC)OC,0.94539905,0.9488397,0.5823416,0.8255268,3,Active (3/3),1.0,0.8484849,0.6315789,1,1,1,True,False,Phillygenin,3083590,Forsythia suspensa,,
152,"1-Hydroxybisabola-2,10-dien-4-one",Zingiber officinale,134715066,C15H24O2,236.17763001,CC(C)=CCCC(C)C1CC(=O)C(C)=CC1O,CC1=C[C@@H]([C@H](CC1=O)[C@@H](C)CCC=C(C)C)O,0.9688837,0.9015165,0.58298606,0.81779546,3,Active (3/3),0.875,0.58,0.6197183,1,1,1,True,False,"1-Hydroxybisabola-2,10-dien-4-one",134715066,Zingiber officinale,,
153,Gingerenone C,Zingiber officinale,5317593,C20H22O4,326.15180919,COc1cc(CCC(=O)C=CCCc2ccc(O)cc2)ccc1O,COC1=C(C=CC(=C1)CCC(=O)/C=C/CCC2=CC=C(C=C2)O)O,0.9955502,0.83757573,0.60722345,0.8134498,3,Active (3/3),0.8181818,0.7862069,0.38235295,1,1,1,True,False,Gingerenone C,5317593,Zingiber officinale,,
154,[6]-Gingerdiol (2E)-geranial acetal,Zingiber officinale,11546481,C27H42O4,430.30830983,CCCCCC1CC(CCc2ccc(O)c(OC)c2)OC(C=C(C)CCC=C(C)C)O1,CCCCCC1CC(OC(O1)/C=C(\C)/CCC=C(C)C)CCC2=CC(=C(C=C2)O)OC,0.9833819,0.8911896,0.4639068,0.7794928,2,Active (2/3),0.8181818,0.7969925,0.4117647,1,1,1,True,False,[6]-Gingerdiol (2E)-geranial acetal,11546481,Zingiber officinale,,
155,Eugenol,Zingiber officinale,3314,C10H12O2,164.08372963,C=CCc1ccc(O)c(OC)c1,COC1=C(C=CC(=C1)CC=C)O,0.9508474,0.8233572,0.5594422,0.7778823,3,Active (3/3),0.6666667,0.792,0.42857143,1,1,1,True,False,Eugenol,3314,Zingiber officinale,,
156,Ethyl palmitate,Zingiber officinale,12366,C18H36O2,284.27153039,CCCCCCCCCCCCCCCC(=O)OCC,CCCCCCCCCCCCCCCC(=O)OCC,0.7609732,0.8775477,0.6804506,0.7729905,3,Active (3/3),0.625,0.5,0.49019608,1,1,1,True,False,Ethyl palmitate,12366,Zingiber officinale,,
157,6beta-hydroxystigmast-4-en-3-one,Zingiber officinale,9823926,C29H48O2,428.36543078,CCC(CCC(C)C1CCC2C3CC(O)C4=CC(=O)CCC4(C)C3CCC12C)C(C)C,CC[C@H](CC[C@@H](C)[C@H]1CC[C@@H]2[C@@]1(CC[C@H]3[C@H]2C[C@H](C4=CC(=O)CC[C@]34C)O)C)C(C)C,0.8341299,0.8771573,0.6037537,0.7716803,3,Active (3/3),0.8888889,0.72289157,0.7125,1,1,1,True,False,6beta-hydroxystigmast-4-en-3-one,9823926,Zingiber officinale,,
158,Bisacurone A,Curcuma xanthorrhiza,14287397,C15H24O3,252.17254463,CC(C)=CC(=O)CC(C)C1C=CC(C)(O)C(O)C1,C[C@@H](CC(=O)C=C(C)C)[C@H]1C[C@@H]([C@](C=C1)(C)O)O,0.8341299,0.75611997,0.7163986,0.7688828,3,Active (3/3),0.8888889,0.5980392,0.54022986,1,1,1,True,True,Bisacurone A | Bisacurone | Bisacurone C | Bisacurone B,14287397 | 14287398 | 14287399 | 14287400,Curcuma xanthorrhiza,,
159,Curcumin,Curcuma xanthorrhiza,969516,C21H20O6,368.12598837,COc1cc(C=CC(=O)CC(=O)C=Cc2ccc(O)c(OC)c2)ccc1O,COC1=C(C=CC(=C1)/C=C/C(=O)CC(=O)/C=C/C2=CC(=C(C=C2)O)OC)O,0.9955502,0.83478343,0.46060616,0.7636466,2,Active (2/3),0.8181818,0.7586207,0.2857143,1,1,0,False,False,Curcumin,969516,Curcuma xanthorrhiza | Zingiber officinale,,
160,Geranyl acetate,Melissa officinalis,1549026,C12H20O2,196.14632988,CC(=O)OCC=C(C)CCC=C(C)C,CC(=CCC/C(=C/COC(=O)C)/C)C,0.6884233,0.7813517,0.82086456,0.76354647,3,Active (3/3),0.6666667,0.4117647,0.35185185,1,1,1,True,False,Geranyl acetate,1549026,Melissa officinalis | Zingiber officinale,,
161,2-Butyl acetate,Zingiber officinale,7758,C6H12O2,116.08372963,CCC(C)OC(C)=O,CCC(C)OC(=O)C,0.54500717,0.8339526,0.9060614,0.76167375,3,Active (3/3),0.75,0.40625,0.375,1,1,1,True,False,2-Butyl acetate,7758,Zingiber officinale,,
162,Ethyl oleate,Zingiber officinale,5363269,C20H38O2,310.28718046,CCCCCCCCC=CCCCCCCCC(=O)OCC,CCCCCCCC/C=C\CCCCCCCC(=O)OCC,0.6884233,0.84623235,0.7499111,0.7615223,3,Active (3/3),0.6666667,0.46391752,0.5,1,1,1,True,False,Ethyl oleate,5363269,Zingiber officinale,,
163,Ethyl linoleate,Zingiber officinale,5282184,C20H36O2,308.27153039,CCCCCC=CCC=CCCCCCCCC(=O)OCC,CCCCC/C=C\C/C=C\CCCCCCCC(=O)OCC,0.6884233,0.84623235,0.74673826,0.76046467,3,Active (3/3),0.6666667,0.46391752,0.50980395,1,1,1,True,False,Ethyl linoleate,5282184,Zingiber officinale,,
164,Propylure,Zingiber officinale,5363412,C18H32O2,280.24023027,CCCC(=CCCC=CCCCCOC(C)=O)CCC,CCCC(=CCC/C=C/CCCCOC(=O)C)CCC,0.6884233,0.76365685,0.8238581,0.7586461,3,Active (3/3),0.6666667,0.41860464,0.3877551,1,1,1,True,False,Propylure,5363412,Zingiber officinale,,
165,Dihydrocarveol acetate,Zingiber officinale,30248,C12H20O2,196.14632988,C=C(C)C1CCC(C)C(OC(C)=O)C1,CC1CCC(CC1OC(=O)C)C(=C)C,0.5064604,0.8424786,0.9161988,0.7550459,3,Active (3/3),0.6666667,0.53333336,0.61333334,1,1,1,True,False,Dihydrocarveol acetate,30248,Zingiber officinale,,
166,"3,5,7,4'-Tetramethoxyflavone",Zingiber officinale,631095,C19H18O6,342.11033831,COc1ccc(-c2oc3cc(OC)cc(OC)c3c(=O)c2OC)cc1,COC1=CC=C(C=C1)C2=C(C(=O)C3=C(O2)C=C(C=C3OC)OC)OC,0.7346044,0.7519418,0.7684072,0.7516511,3,Active (3/3),0.875,0.9246575,0.8235294,1,1,1,True,False,"3,5,7,4'-Tetramethoxyflavone",631095,Zingiber officinale,,
167,Methyl hexadecanoate,Zingiber officinale,8181,C17H34O2,270.25588033,CCCCCCCCCCCCCCCC(=O)OC,CCCCCCCCCCCCCCCC(=O)OC,0.7609732,0.880566,0.5864969,0.74267864,3,Active (3/3),0.625,0.4923077,0.41904762,1,1,1,True,False,Methyl hexadecanoate,8181,Zingiber officinale,,
168,Methyl octadecanoate,Zingiber officinale,8201,C19H38O2,298.28718046,CCCCCCCCCCCCCCCCCC(=O)OC,CCCCCCCCCCCCCCCCCC(=O)OC,0.7609732,0.880566,0.5864969,0.74267864,3,Active (3/3),0.625,0.4923077,0.41904762,1,1,1,True,False,Methyl octadecanoate,8201,Zingiber officinale,,
169,"Galangin 3,5,7-trimethyl ether",Zingiber officinale,117900,C18H16O5,312.09977362,COc1cc(OC)c2c(=O)c(OC)c(-c3ccccc3)oc2c1,COC1=CC2=C(C(=C1)OC)C(=O)C(=C(O2)C3=CC=CC=C3)OC,0.7346044,0.7519418,0.7366709,0.74107236,3,Active (3/3),0.875,0.9246575,0.64705884,1,1,1,True,False,"Galangin 3,5,7-trimethyl ether",117900,Zingiber officinale,,
170,Methyl oleate,Zingiber officinale,5364509,C19H36O2,296.27153039,CCCCCCCCC=CCCCCCCCC(=O)OC,CCCCCCCC/C=C\CCCCCCCC(=O)OC,0.6884233,0.8473173,0.68666476,0.74080175,3,Active (3/3),0.6666667,0.46666667,0.42990655,1,1,1,True,False,Methyl oleate,5364509,Zingiber officinale,,
171,[4]-Gingerdiol,Zingiber officinale,162915825,C15H24O4,268.16745925,CCCC(O)CC(O)CCc1ccc(O)c(OC)c1,CCC[C@@H](C[C@@H](CCC1=CC(=C(C=C1)O)OC)O)O,0.94539905,0.83111817,0.44345468,0.73999065,2,Active (2/3),1.0,0.84,0.5185185,1,1,1,True,False,[4]-Gingerdiol,162915825,Zingiber officinale,,
172,Palmitoleic acid methyl ester,Zingiber officinale,643801,C17H32O2,268.24023027,CCCCCCC=CCCCCCCCC(=O)OC,CCCCCC/C=C\CCCCCCCC(=O)OC,0.6884233,0.8473173,0.68109244,0.7389443,3,Active (3/3),0.6666667,0.46666667,0.43396226,1,1,1,True,False,Palmitoleic acid methyl ester,643801,Zingiber officinale,,
173,"Linoleic acid, methyl ester",Zingiber officinale,5284421,C19H34O2,294.25588033,CCCCCC=CCC=CCCCCCCCC(=O)OC,CCCCC/C=C\C/C=C\CCCCCCCC(=O)OC,0.6884233,0.8473173,0.679836,0.73852545,3,Active (3/3),0.6666667,0.46666667,0.43809524,1,1,1,True,False,"Linoleic acid, methyl ester",5284421,Zingiber officinale,,
174,Shogasulfonic acid B,Zingiber officinale,101232216,C20H24O8S,424.11918847,COc1cc(CCC(=O)CC(CCc2ccc(O)c(O)c2)S(=O)(=O)O)ccc1O,COC1=C(C=CC(=C1)CCC(=O)CC(CCC2=CC(=C(C=C2)O)O)S(=O)(=O)O)O,0.99150366,0.94503224,0.27667084,0.73773557,2,Active (2/3),0.9,0.7285714,0.31428573,1,1,1,True,False,Shogasulfonic acid B,101232216,Zingiber officinale,,
175,"7-(3,4-Dihydroxyphenyl)-1-(4-hydroxy-3-methoxyphenyl)-4-hepten-3-one",Zingiber officinale,129882925,C20H22O5,342.14672381,COc1cc(CCC(=O)C=CCCc2ccc(O)c(O)c2)ccc1O,COC1=C(C=CC(=C1)CCC(=O)C=CCCC2=CC(=C(C=C2)O)O)O,0.9955502,0.83757573,0.37641948,0.7365151,2,Active (2/3),0.8181818,0.7862069,0.3604651,1,1,1,True,False,"7-(3,4-Dihydroxyphenyl)-1-(4-hydroxy-3-methoxyphenyl)-4-hepten-3-one",129882925,Zingiber officinale,,
176,Linalool glucoside,Zingiber officinale,45782927,C16H28O6,316.18858863,C=CC(C)(CCC=C(C)C)OC1OC(CO)C(O)C(O)C1O,CC(=CCCC(C)(C=C)O[C@H]1[C@@H]([C@H]([C@@H]([C@H](O1)CO)O)O)O)C,0.70248085,0.8207226,0.6759627,0.73305535,3,Active (3/3),0.8888889,0.7804878,0.7307692,1,1,1,True,False,Linalool glucoside,45782927,Zingiber officinale,,
177,Shogasulfonic acid A,Zingiber officinale,10388428,C21H26O8S,438.13483854,COc1cc(CCC(=O)CC(CCc2ccc(O)c(OC)c2)S(=O)(=O)O)ccc1O,COC1=C(C=CC(=C1)CCC(CC(=O)CCC2=CC(=C(C=C2)O)OC)S(=O)(=O)O)O,0.99150366,0.94503224,0.24742942,0.7279884,2,Active (2/3),0.9,0.7285714,0.32038835,1,1,1,True,False,Shogasulfonic acid A,10388428,Zingiber officinale,,
178,Geranyl 6-O-beta-D-apiofuranosyl-beta-D-glucopyranoside,Zingiber officinale,14194083,C21H36O10,448.23084737,CC(C)=CCCC(C)=CCOC1OC(COC2OCC(O)(CO)C2O)C(O)C(O)C1O,CC(=CCC/C(=C/CO[C@H]1[C@@H]([C@H]([C@@H]([C@H](O1)CO[C@H]2[C@@H]([C@](CO2)(CO)O)O)O)O)O)/C)C,0.69300056,0.9362978,0.5499985,0.7264323,3,Active (3/3),1.0,0.8271605,0.8125,1,1,1,True,True,Geranyl 6-O-beta-D-apiofuranosyl-beta-D-glucopyranoside | Acuminoside,14194083 | 21630845,Zingiber officinale,,
179,"3,5,7,3',4'-Pentamethoxyflavone",Zingiber officinale,97332,C20H20O7,372.12090299,COc1cc(OC)c2c(=O)c(OC)c(-c3ccc(OC)c(OC)c3)oc2c1,COC1=C(C=C(C=C1)C2=C(C(=O)C3=C(O2)C=C(C=C3OC)OC)OC)OC,0.7346044,0.75688154,0.68364894,0.72504497,3,Active (3/3),0.875,0.92715234,0.47826087,1,1,1,True,False,"3,5,7,3',4'-Pentamethoxyflavone",97332,Zingiber officinale,,
180,[4]-Shogaol,Zingiber officinale,9794897,C15H20O3,248.1412445,CCCC=CC(=O)CCc1ccc(O)c(OC)c1,CCC/C=C/C(=O)CCC1=CC(=C(C=C1)O)OC,0.9955502,0.8254004,0.3518997,0.72428346,2,Active (2/3),0.8181818,0.7638889,0.39285713,1,1,1,True,False,[4]-Shogaol,9794897,Zingiber officinale,,
181,Dimethylphthalate,Zingiber officinale,8554,C10H10O4,194.05790881,COC(=O)c1ccccc1C(=O)OC,COC(=O)C1=CC=CC=C1C(=O)OC,0.8673469,0.85974324,0.44297683,0.7233556,2,Active (2/3),0.85714287,0.8061224,0.37777779,1,1,1,True,False,Dimethylphthalate,8554,Zingiber officinale,,
182,Monohexyl dihydrogen phosphate,Zingiber officinale,19787,C6H15O4P,182.07079546,CCCCCCOP(=O)(O)O,CCCCCCOP(=O)(O)O,0.96470237,0.853846,0.344391,0.72097975,2,Active (2/3),0.71428573,0.5,0.45238096,1,1,1,True,False,Monohexyl dihydrogen phosphate,19787,Zingiber officinale,,
183,[4]-Isogingerol,Zingiber officinale,11482504,C15H22O4,266.15180919,CCCC(=O)CC(O)CCc1ccc(O)c(OC)c1,CCCC(=O)CC(CCC1=CC(=C(C=C1)O)OC)O,0.99372405,0.826868,0.34214556,0.7209125,2,Active (2/3),1.0,0.77037036,0.42424244,1,1,1,True,False,[4]-Isogingerol,11482504,Zingiber officinale,,
184,Gingerenone A,Zingiber officinale,5281775,C21H24O5,356.16237388,COc1cc(CCC=CC(=O)CCc2ccc(O)c(OC)c2)ccc1O,COC1=C(C=CC(=C1)CC/C=C/C(=O)CCC2=CC(=C(C=C2)O)OC)O,0.9955502,0.83757573,0.32567295,0.71959966,2,Active (2/3),0.8181818,0.7862069,0.3690476,1,1,1,True,False,Gingerenone A,5281775,Zingiber officinale,,
185,"2,5-Dihydroxybisabola-3,10-diene",Zingiber officinale,157009920,C15H26O2,238.19328007,CC(C)=CCCC(C)C1CC(O)C(C)=CC1O,CC1=C[C@H](C(C[C@H]1O)[C@@H](C)CCC=C(C)C)O,0.7347936,0.92711914,0.4930706,0.7183278,2,Active (2/3),0.75,0.61445785,0.47826087,1,1,1,True,False,"2,5-Dihydroxybisabola-3,10-diene",157009920,Zingiber officinale,,
186,[4]-Gingerol,Zingiber officinale,46901319,C15H22O4,266.15180919,CCCC(O)CC(=O)CCc1ccc(O)c(OC)c1,CCC[C@@H](CC(=O)CCC1=CC(=C(C=C1)O)OC)O,0.99372405,0.826868,0.33284828,0.71781343,2,Active (2/3),1.0,0.77037036,0.4117647,1,1,1,True,False,[4]-Gingerol,46901319,Zingiber officinale,,
187,4-Gingesulfonic acid,Zingiber officinale,22298189,C15H22O6S,330.11370917,CCCC(CC(=O)CCc1ccc(O)c(OC)c1)S(=O)(=O)O,CCCC(CC(=O)CCC1=CC(=C(C=C1)O)OC)S(=O)(=O)O,0.99150366,0.8624194,0.29051477,0.7148126,2,Active (2/3),0.9,0.7173913,0.3301887,1,1,1,True,False,4-Gingesulfonic acid,22298189,Zingiber officinale,,
188,Shogasulfonic acid C,Zingiber officinale,101232217,C19H22O8S,410.10353841,O=C(CCc1ccc(O)c(O)c1)CC(CCc1ccc(O)c(O)c1)S(=O)(=O)O,C1=CC(=C(C=C1CCC(CC(=O)CCC2=CC(=C(C=C2)O)O)S(=O)(=O)O)O)O,0.9141837,0.9415798,0.27898467,0.7115827,2,Active (2/3),0.875,0.7,0.30769232,1,1,1,True,False,Shogasulfonic acid C,101232217,Zingiber officinale,,
189,n-Butyl-beta-D-fructopyranoside,Zingiber officinale,50914217,C10H20O6,236.12598837,CCCCOC1(CO)OCC(O)C(O)C1O,CCCCO[C@]1([C@H]([C@@H]([C@@H](CO1)O)O)O)CO,0.62259567,0.9715519,0.5354418,0.7098631,3,Active (3/3),0.75,0.8863636,0.6481481,1,1,1,True,False,n-Butyl-beta-D-fructopyranoside,50914217,Zingiber officinale,,
190,trans-Carveol,Melissa officinalis,94221,C10H16O,152.12011513,C=C(C)C1CC=C(C)C(O)C1,CC1=CC[C@H](C[C@@H]1O)C(=C)C,0.698366,0.884113,0.5350812,0.7058534,3,Active (3/3),0.7777778,0.5487805,0.475,1,1,1,True,False,trans-Carveol,94221,Melissa officinalis | Zingiber officinale,,
191,"7-(3,4-Dihydroxyphenyl)-5-hydroxy-1-(4-hydroxy-3-methoxyphenyl)-3-heptanone",Zingiber officinale,21577376,C20H24O6,360.1572885,COc1cc(CCC(=O)CC(O)CCc2ccc(O)c(O)c2)ccc1O,COC1=C(C=CC(=C1)CCC(=O)CC(CCC2=CC(=C(C=C2)O)O)O)O,0.99372405,0.79357827,0.3115791,0.6996271,2,Active (2/3),1.0,0.7867647,0.4477612,1,1,1,True,False,"7-(3,4-Dihydroxyphenyl)-5-hydroxy-1-(4-hydroxy-3-methoxyphenyl)-3-heptanone",21577376,Zingiber officinale,,
192,cis-beta-Sesquiphellandrol,Zingiber officinale,71444825,C15H24O,220.18271539,C=C1C=CC(C(C)CCC=C(C)C)CC1O,CC(CCC=C(C)C)[C@H]1C[C@H](C(=C)C=C1)O,0.698366,0.87799615,0.51547366,0.69727856,3,Active (3/3),0.7777778,0.55172414,0.47142857,1,1,1,True,True,cis-beta-Sesquiphellandrol | trans-beta-Sesquiphellandrol,71444825 | 91748289,Zingiber officinale,,
193,"3'-Methoxy-[6]-Gingerdiol 3,5-diacetate",Zingiber officinale,5319662,C22H34O6,394.23553882,CCCCCC(CC(CCc1ccc(OC)c(OC)c1)OC(C)=O)OC(C)=O,CCCCCC(CC(CCC1=CC(=C(C=C1)OC)OC)OC(=O)C)OC(=O)C,0.54521745,0.8369001,0.705587,0.6959016,3,Active (3/3),0.8888889,0.7890625,0.45736435,1,1,1,True,False,"3'-Methoxy-[6]-Gingerdiol 3,5-diacetate",5319662,Zingiber officinale,,
194,(S)-10-Gingerol,Zingiber officinale,168115,C21H34O4,350.24570957,CCCCCCCCCC(O)CC(=O)CCc1ccc(O)c(OC)c1,CCCCCCCCC[C@@H](CC(=O)CCC1=CC(=C(C=C1)O)OC)O,0.99372405,0.8209182,0.2720567,0.69556636,2,Active (2/3),1.0,0.7647059,0.39259258,1,1,1,True,False,(S)-10-Gingerol,168115,Zingiber officinale,,
195,(S)-8-Gingerol,Zingiber officinale,5275725,C19H30O4,322.21440945,CCCCCCCC(O)CC(=O)CCc1ccc(O)c(OC)c1,CCCCCCCC(CC(=O)CCC1=CC(=C(C=C1)O)OC)O,0.99372405,0.8209182,0.26857063,0.6944043,2,Active (2/3),1.0,0.7647059,0.3955224,1,1,1,True,False,(S)-8-Gingerol,5275725,Zingiber officinale,,
196,[7]-Gingerol,Zingiber officinale,11472344,C18H28O4,308.19875938,CCCCCCC(O)CC(=O)CCc1ccc(O)c(OC)c1,CCCCCCC(CC(=O)CCC1=CC(=C(C=C1)O)OC)O,0.99372405,0.8209182,0.2664188,0.69368696,2,Active (2/3),1.0,0.7647059,0.39849624,1,1,1,True,False,[7]-Gingerol,11472344,Zingiber officinale,,
197,"1,7-Bis(4-hydroxy-3-methoxyphenyl)-3,5-heptanediol",Curcuma xanthorrhiza,11068834,C21H28O6,376.18858863,COc1cc(CCC(O)CC(O)CCc2ccc(O)c(OC)c2)ccc1O,COC1=C(C=CC(=C1)CCC(CC(CCC2=CC(=C(C=C2)O)OC)O)O)O,0.94539905,0.8040618,0.33133832,0.6935997,2,Active (2/3),1.0,0.85714287,0.5714286,1,1,1,True,True,"1,7-Bis(4-hydroxy-3-methoxyphenyl)-3,5-heptanediol | meso-Octahydrocurcumin",11068834 | 13888133,Curcuma xanthorrhiza | Zingiber officinale,,
198,"5,7,3',4'-Tetramethoxyflavone",Zingiber officinale,631170,C19H18O6,342.11033831,COc1cc(OC)c2c(=O)cc(-c3ccc(OC)c(OC)c3)oc2c1,COC1=C(C=C(C=C1)C2=CC(=O)C3=C(O2)C=C(C=C3OC)OC)OC,0.7346044,0.652423,0.68364894,0.6902254,3,Active (3/3),0.875,0.92,0.47826087,1,1,1,True,False,"5,7,3',4'-Tetramethoxyflavone",631170,Zingiber officinale,,
199,1-Dehydro-[6]-gingerdione,Zingiber officinale,5316449,C17H22O4,290.15180919,CCCCCC(=O)C=C(O)C=Cc1ccc(O)c(OC)c1,CCCCCC(=O)/C=C(/C=C/C1=CC(=C(C=C1)O)OC)\O,0.9955502,0.8233536,0.25006592,0.68965656,2,Active (2/3),0.8181818,0.7421875,0.32098764,1,1,1,True,True,1-Dehydro-[6]-gingerdione | 6-Dehydrogingerdione | Dehydrogingerdione,5316449 | 22321203,Zingiber officinale,,
200,1-Dehydro-[10]-gingerdione,Zingiber officinale,14999388,C21H30O4,346.21440945,CCCCCCCCCC(=O)CC(=O)C=Cc1ccc(O)c(OC)c1,CCCCCCCCCC(=O)CC(=O)/C=C/C1=CC(=C(C=C1)O)OC,0.9955502,0.86196095,0.2111056,0.68953896,2,Active (2/3),0.8181818,0.76551723,0.2888889,1,1,0,False,False,1-Dehydro-[10]-gingerdione,14999388,Zingiber officinale,,
201,Hydroxycineole-10-O-beta-D-glucopyranoside,Zingiber officinale,177826533,C16H28O7,332.18350325,CC12CCC(CC1)C(COC1OC(CO)C(O)C(O)C1O)O2,CC12CCC(CC1)C(O2)CO[C@H]3[C@@H]([C@H]([C@@H]([C@H](O3)CO)O)O)O,0.62259567,0.8246695,0.6200443,0.6891031,3,Active (3/3),0.75,0.6721311,0.7,1,1,1,True,False,Hydroxycineole-10-O-beta-D-glucopyranoside,177826533,Zingiber officinale,,
202,1-Dehydro-[8]-gingerdione,Zingiber officinale,44610342,C19H26O4,318.18310932,CCCCCCCC(=O)CC(=O)C=Cc1ccc(O)c(OC)c1,CCCCCCCC(=O)CC(=O)/C=C/C1=CC(=C(C=C1)O)OC,0.9955502,0.86196095,0.20772107,0.68841076,2,Active (2/3),0.8181818,0.76551723,0.2888889,1,1,0,False,True,1-Dehydro-[8]-gingerdione | [8]-Dehydrogingerdione,44610342 | 131752598,Zingiber officinale,,
203,Z-Furanoid linalool oxide,Zingiber officinale,22310,C10H18O2,170.13067982,C=CC1(C)CCC(C(C)(C)O)O1,CC1(CCC(O1)C(C)(C)O)C=C,0.57579327,0.8133159,0.6704473,0.68651885,3,Active (3/3),0.7777778,0.6097561,0.6363636,1,1,1,True,False,Z-Furanoid linalool oxide,22310,Zingiber officinale,,
204,8-Hydroxygeraniol,Zingiber officinale,5363397,C10H18O2,170.13067982,CC(=CCCC(C)=CCO)CO,C/C(=C\CO)/CC/C=C(\C)/CO,0.88369673,0.8689048,0.30597553,0.68619233,2,Active (2/3),0.625,0.4680851,0.5,1,1,1,True,False,8-Hydroxygeraniol,5363397,Zingiber officinale,,
205,Hexahydrocurcumin,Zingiber officinale,5318039,C21H26O6,374.17293856,COc1cc(CCC(=O)CC(O)CCc2ccc(O)c(OC)c2)ccc1O,COC1=C(C=CC(=C1)CCC(CC(=O)CCC2=CC(=C(C=C2)O)OC)O)O,0.99372405,0.79357827,0.26966158,0.68565464,2,Active (2/3),1.0,0.7867647,0.44444445,1,1,1,True,False,Hexahydrocurcumin,5318039,Zingiber officinale,,
206,"2,6-Dimethyl-2-octene-1,8-diol",Zingiber officinale,71357715,C10H20O2,172.14632988,CC(=CCCC(C)CCO)CO,CC(CCC=C(C)CO)CCO,0.7347936,0.8983123,0.41893828,0.68401474,2,Active (2/3),0.75,0.5121951,0.42424244,1,1,1,True,False,"2,6-Dimethyl-2-octene-1,8-diol",71357715,Zingiber officinale,,
207,Dihydrocurcumin,Zingiber officinale,10429233,C21H22O6,370.14163844,COc1cc(C=CC(=O)CC(=O)CCc2ccc(O)c(OC)c2)ccc1O,COC1=C(C=CC(=C1)CCC(=O)CC(=O)/C=C/C2=CC(=C(C=C2)O)OC)O,0.9955502,0.8558198,0.19530974,0.6822266,2,Active (2/3),0.8181818,0.8,0.34065935,1,1,1,True,False,Dihydrocurcumin,10429233,Zingiber officinale,,
208,6-Gingesulfonic acid,Zingiber officinale,126890,C17H26O6S,358.14500929,CCCCCC(CC(=O)CCc1ccc(O)c(OC)c1)S(=O)(=O)O,CCCCCC(CC(=O)CCC1=CC(=C(C=C1)O)OC)S(=O)(=O)O,0.99150366,0.8584486,0.19613032,0.6820275,2,Active (2/3),0.9,0.7122302,0.32624114,1,1,1,True,False,6-Gingesulfonic acid,126890,Zingiber officinale,,
209,DIethyl phthalate,Zingiber officinale,6781,C12H14O4,222.08920894,CCOC(=O)c1ccccc1C(=O)OCC,CCOC(=O)C1=CC=CC=C1C(=O)OCC,0.76457137,0.8630915,0.41257754,0.6800802,2,Active (2/3),0.875,0.7943925,0.4489796,1,1,1,True,False,DIethyl phthalate,6781,Zingiber officinale,,
210,1-Undecanol,Zingiber officinale,8184,C11H24O,172.18271539,CCCCCCCCCCCO,CCCCCCCCCCCO,0.84302235,0.8423433,0.3532963,0.679554,2,Active (2/3),0.5,0.46666667,0.3809524,1,1,1,True,False,1-Undecanol,8184,Zingiber officinale,,
211,1-Decanol,Zingiber officinale,8174,C10H22O,158.16706532,CCCCCCCCCCO,CCCCCCCCCCO,0.84302235,0.8423433,0.3532963,0.679554,2,Active (2/3),0.5,0.46666667,0.3809524,1,1,1,True,False,1-Decanol,8174,Zingiber officinale,,
212,1-Nonanol,Zingiber officinale,8914,C9H20O,144.15141526,CCCCCCCCCO,CCCCCCCCCO,0.84302235,0.8423433,0.3532963,0.679554,2,Active (2/3),0.5,0.46666667,0.3809524,1,1,1,True,False,1-Nonanol,8914,Zingiber officinale,,
213,Maleimide monooxime,Zingiber officinale,136229952,C4H4N2O2,112.02727739,O=Nc1ccc(O)[nH]1,C1=C(NC(=C1)O)N=O,0.9020593,0.4890863,0.6443107,0.67848545,2,Active (2/3),0.625,0.53266335,0.30769232,1,1,1,True,False,Maleimide monooxime,136229952,Zingiber officinale,,
214,Hentriacontan-1-ol,Zingiber officinale,68345,C31H64O,452.49571666,CCCCCCCCCCCCCCCCCCCCCCCCCCCCCCCO,CCCCCCCCCCCCCCCCCCCCCCCCCCCCCCCO,0.84302235,0.83455396,0.3532963,0.67695755,2,Active (2/3),0.5,0.45652175,0.3809524,1,1,1,True,False,Hentriacontan-1-ol,68345,Zingiber officinale,,
215,1-Hexadecanol,Zingiber officinale,2682,C16H34O,242.26096571,CCCCCCCCCCCCCCCCO,CCCCCCCCCCCCCCCCO,0.84302235,0.83455396,0.3532963,0.67695755,2,Active (2/3),0.5,0.45652175,0.3809524,1,1,1,True,False,1-Hexadecanol,2682,Zingiber officinale,,
216,Tetracosanol,Zingiber officinale,10472,C24H50O,354.38616622,CCCCCCCCCCCCCCCCCCCCCCCCO,CCCCCCCCCCCCCCCCCCCCCCCCO,0.84302235,0.83455396,0.3532963,0.67695755,2,Active (2/3),0.5,0.45652175,0.3809524,1,1,1,True,False,Tetracosanol,10472,Zingiber officinale,,
217,"1,7-Bis(4-hydroxy-3-methoxyphenyl)-3,5-heptanedione",Zingiber officinale,124072,C21H24O6,372.1572885,COc1cc(CCC(=O)CC(=O)CCc2ccc(O)c(OC)c2)ccc1O,COC1=C(C=CC(=C1)CCC(=O)CC(=O)CCC2=CC(=C(C=C2)O)OC)O,0.99056137,0.83700955,0.18780845,0.67179316,2,Active (2/3),0.8888889,0.7906977,0.3432836,1,1,1,True,False,"1,7-Bis(4-hydroxy-3-methoxyphenyl)-3,5-heptanedione",124072,Zingiber officinale,,
218,Borneol acetate,Zingiber officinale,93009,C12H20O2,196.14632988,CC(=O)OC1CC2CCC1(C)C2(C)C,CC(=O)O[C@@H]1C[C@@H]2CC[C@]1(C2(C)C)C,0.26151982,0.84987694,0.89918387,0.6701935,2,Active (2/3),0.7777778,0.63380283,0.5487805,1,1,1,True,True,"Borneol acetate | Isoborneol, acetate",93009 | 637531,Zingiber officinale,,
219,[10]-Dehydroshogaol,Zingiber officinale,131751379,C21H30O3,330.21949482,CCCCCCCCCC=CC(=O)C=Cc1ccc(O)c(OC)c1,CCCCCCCCC/C=C/C(=O)/C=C\C1=CC(=C(C=C1)O)OC,0.9955502,0.79357046,0.21337435,0.66749835,2,Active (2/3),0.8181818,0.74242425,0.2948718,1,1,0,False,False,[10]-Dehydroshogaol,131751379,Zingiber officinale,,
220,"(3S,5S)-3,5-Dihydroxy-1-(4-hydroxy-3-methoxyphenyl)decane",Zingiber officinale,5275727,C17H28O4,296.19875938,CCCCCC(O)CC(O)CCc1ccc(O)c(OC)c1,CCCCC[C@@H](C[C@H](CCC1=CC(=C(C=C1)O)OC)O)O,0.94539905,0.8263009,0.2291169,0.66693896,2,Active (2/3),1.0,0.8333333,0.49122807,1,1,1,True,True,"(3S,5S)-3,5-Dihydroxy-1-(4-hydroxy-3-methoxyphenyl)decane | [6]-Gingerdiol",5275727 | 15839040,Zingiber officinale,,
221,[10]-Gingerdione,Zingiber officinale,14440539,C21H32O4,348.23005951,CCCCCCCCCC(=O)CC(=O)CCc1ccc(O)c(OC)c1,CCCCCCCCCC(=O)CC(=O)CCC1=CC(=C(C=C1)O)OC,0.99056137,0.8590443,0.14783064,0.6658121,2,Active (2/3),0.8888889,0.76744187,0.32824427,1,1,1,True,False,[10]-Gingerdione,14440539,Zingiber officinale,,
222,[12]-Gingerdione,Zingiber officinale,86251913,C23H36O4,376.26135964,CCCCCCCCCCCC(=O)CC(=O)CCc1ccc(O)c(OC)c1,CCCCCCCCCCCC(=O)CC(=O)CCC1=CC(=C(C=C1)O)OC,0.99056137,0.8590443,0.14783064,0.6658121,2,Active (2/3),0.8888889,0.76744187,0.32824427,1,1,1,True,False,[12]-Gingerdione,86251913,Zingiber officinale,,
223,Dehydro[8]-shogaol,Zingiber officinale,131751378,C19H26O3,302.1881947,CCCCCCCC=CC(=O)C=Cc1ccc(O)c(OC)c1,CCCCCCC/C=C/C(=O)/C=C\C1=CC(=C(C=C1)O)OC,0.9955502,0.79357046,0.20822623,0.6657823,2,Active (2/3),0.8181818,0.74242425,0.2987013,1,1,0,False,False,"Dehydro[8]-shogaol | 1-(4-Hydroxy-3-methoxyphenyl)-1,4-dodecadien-3-one",131751378,Zingiber officinale,,
224,[8]-Gingerdione,Zingiber officinale,14440537,C19H28O4,320.19875938,CCCCCCCC(=O)CC(=O)CCc1ccc(O)c(OC)c1,CCCCCCCC(=O)CC(=O)CCC1=CC(=C(C=C1)O)OC,0.99056137,0.8590443,0.1456469,0.6650842,2,Active (2/3),0.8888889,0.76744187,0.32824427,1,1,1,True,False,[8]-Gingerdione,14440537,Zingiber officinale,,
225,Acetoxy-[10]-gingerol,Zingiber officinale,157009850,C23H36O5,392.25627426,CCCCCCCCCC(CC(=O)CCc1ccc(C)c(OC)c1)OC(C)=O,CCCCCCCCC[C@@H](CC(=O)CCC1=CC(=C(C=C1)C)OC)OC(=O)C,0.54521745,0.7536787,0.69325554,0.6640505,3,Active (3/3),0.8888889,0.792,0.4552239,1,1,1,True,False,Acetoxy-[10]-gingerol,157009850,Zingiber officinale,,
226,6-Hydroxy-[6]-shogaol,Zingiber officinale,11140882,C17H24O4,292.16745925,CCCCC(O)C=CC(=O)CCc1ccc(O)c(OC)c1,CCCCC(/C=C/C(=O)CCC1=CC(=C(C=C1)O)OC)O,0.99597496,0.81232226,0.17909144,0.6624629,2,Active (2/3),0.90909094,0.7518248,0.4117647,1,1,1,True,False,6-Hydroxy-[6]-shogaol,11140882,Zingiber officinale,,
227,"5,7,4'-Trimethoxyflavone",Zingiber officinale,79730,C18H16O5,312.09977362,COc1ccc(-c2cc(=O)c3c(OC)cc(OC)cc3o2)cc1,COC1=CC=C(C=C1)C2=CC(=O)C3=C(O2)C=C(C=C3OC)OC,0.7346044,0.48221236,0.7684072,0.6617413,2,Active (2/3),0.875,0.962963,0.8235294,1,1,1,True,False,"5,7,4'-Trimethoxyflavone",79730,Zingiber officinale,,
228,Stigmasterol acetate,Zingiber officinale,6437330,C31H50O2,454.38108084,CCC(C=CC(C)C1CCC2C3CC=C4CC(OC(C)=O)CCC4(C)C3CCC12C)C(C)C,CC[C@H](/C=C/[C@@H](C)[C@H]1CC[C@@H]2[C@@]1(CC[C@H]3[C@H]2CC=C4[C@@]3(CC[C@@H](C4)OC(=O)C)C)C)C(C)C,0.28226817,0.77571815,0.9215726,0.659853,2,Active (2/3),0.8888889,0.654321,0.53571427,1,1,1,True,False,Stigmasterol acetate,6437330,Zingiber officinale,,
229,Acetyl-beta-sitosterol,Zingiber officinale,5354503,C31H52O2,456.3967309,CCC(CCC(C)C1CCC2C3CC=C4CC(OC(C)=O)CCC4(C)C3CCC12C)C(C)C,CC[C@H](CC[C@@H](C)[C@H]1CC[C@@H]2[C@@]1(CC[C@H]3[C@H]2CC=C4[C@@]3(CC[C@@H](C4)OC(=O)C)C)C)C(C)C,0.28226817,0.77920574,0.91759473,0.6596896,2,Active (2/3),0.8888889,0.6625,0.53571427,1,1,1,True,False,Acetyl-beta-sitosterol,5354503,Zingiber officinale,,
230,Isogeraniol,Zingiber officinale,5362876,C10H18O,154.1357652,CC(C)=CCC=C(C)CCO,CC(=CC/C=C(/C)\CCO)C,0.88369673,0.7082508,0.38663504,0.65952754,2,Active (2/3),0.625,0.5116279,0.5,1,1,1,True,False,Isogeraniol,5362876,Zingiber officinale,,
231,[6]-Dehydroshogaol,Zingiber officinale,102316888,C17H22O3,274.15689457,CCCCCC=CC(=O)C=Cc1ccc(O)c(OC)c1,CCCCC/C=C/C(=O)/C=C/C1=CC(=C(C=C1)O)OC,0.9955502,0.79043275,0.17922501,0.65506935,2,Active (2/3),0.8181818,0.7348485,0.3043478,1,1,1,True,False,[6]-Dehydroshogaol,102316888,Zingiber officinale,,
232,"5,7,2',3'-Tetramethoxyflavanone",Andrographis paniculata,21579286,C19H20O6,344.12598837,COc1cc(OC)c2c(c1)OC(c1cccc(OC)c1OC)CC2=O,COC1=CC=CC(=C1OC)C2CC(=O)C3=C(O2)C=C(C=C3OC)OC,0.54521745,0.6852914,0.7325236,0.65434414,3,Active (3/3),0.8888889,0.89361703,0.754717,1,1,1,True,False,"5,7,2',3'-Tetramethoxyflavanone",21579286,Andrographis paniculata,,
233,[10]-Paradol,Zingiber officinale,51352076,C21H34O3,334.25079495,CCCCCCCCCCCC(=O)CCc1ccc(O)c(OC)c1,CCCCCCCCCCCC(=O)CCC1=CC(=C(C=C1)O)OC,0.99056137,0.79499507,0.17656426,0.6540402,2,Active (2/3),0.8888889,0.77952754,0.33858266,1,1,1,True,False,[10]-Paradol,51352076,Zingiber officinale,,
234,[8]-Paradol,Zingiber officinale,213821,C19H30O3,306.21949482,CCCCCCCCCC(=O)CCc1ccc(O)c(OC)c1,CCCCCCCCCC(=O)CCC1=CC(=C(C=C1)O)OC,0.99056137,0.79499507,0.17656426,0.6540402,2,Active (2/3),0.8888889,0.77952754,0.33858266,1,1,1,True,False,[8]-Paradol,213821,Zingiber officinale,,
235,[7]-Paradol,Zingiber officinale,13733135,C18H28O3,292.20384476,CCCCCCCCC(=O)CCc1ccc(O)c(OC)c1,CCCCCCCCC(=O)CCC1=CC(=C(C=C1)O)OC,0.99056137,0.79499507,0.17656426,0.6540402,2,Active (2/3),0.8888889,0.77952754,0.33858266,1,1,1,True,False,[7]-Paradol,13733135,Zingiber officinale,,
236,[6]-Paradol,Zingiber officinale,94378,C17H26O3,278.1881947,CCCCCCCC(=O)CCc1ccc(O)c(OC)c1,CCCCCCCC(=O)CCC1=CC(=C(C=C1)O)OC,0.99056137,0.79499507,0.17436205,0.6533062,2,Active (2/3),0.8888889,0.77952754,0.33858266,1,1,1,True,False,[6]-Paradol,94378,Zingiber officinale,,
237,[12]-Shogaol,Zingiber officinale,9975813,C23H36O3,360.26644502,CCCCCCCCCCCC=CC(=O)CCc1ccc(O)c(OC)c1,CCCCCCCCCCC/C=C/C(=O)CCC1=CC(=C(C=C1)O)OC,0.9955502,0.8202824,0.13990274,0.6519118,2,Active (2/3),0.8181818,0.7586207,0.35,1,1,1,True,False,[12]-Shogaol,9975813,Zingiber officinale,,
238,trans-10-Shogaol,Zingiber officinale,6442612,C21H32O3,332.23514489,CCCCCCCCCC=CC(=O)CCc1ccc(O)c(OC)c1,CCCCCCCCC/C=C/C(=O)CCC1=CC(=C(C=C1)O)OC,0.9955502,0.8202824,0.13990274,0.6519118,2,Active (2/3),0.8181818,0.7586207,0.35,1,1,1,True,False,trans-10-Shogaol | 10-Shogaol,6442612,Zingiber officinale,,
239,"5,7-Dimethoxyflavone",Zingiber officinale,88881,C17H14O4,282.08920894,COc1cc(OC)c2c(=O)cc(-c3ccccc3)oc2c1,COC1=CC2=C(C(=C1)OC)C(=O)C=C(O2)C3=CC=CC=C3,0.7346044,0.48221236,0.7366709,0.65116256,2,Active (2/3),0.875,0.962963,0.64705884,1,1,1,True,False,"5,7-Dimethoxyflavone",88881,Zingiber officinale,,
240,cis-[8]-Shogaol,Zingiber officinale,6442560,C19H28O3,304.20384476,CCCCCCCC=CC(=O)CCc1ccc(O)c(OC)c1,CCCCCCC/C=C/C(=O)CCC1=CC(=C(C=C1)O)OC,0.9955502,0.8202824,0.13713437,0.650989,2,Active (2/3),0.8181818,0.7586207,0.35353535,1,1,1,True,False,cis-[8]-Shogaol | [8]-Shogaol,6442560,Zingiber officinale,,
241,Aesculetin dimethyl ether,Forsythia suspensa,8417,C11H10O4,206.05790881,COc1cc2ccc(=O)oc2cc1OC,COC1=C(C=C2C(=C1)C=CC(=O)O2)OC,0.7346044,0.8374955,0.37960884,0.6505696,2,Active (2/3),0.875,0.85806453,0.3181818,1,1,1,True,False,Aesculetin dimethyl ether,8417,Forsythia suspensa,,
242,1-Propanol,Zingiber officinale,1031,C3H8O,60.05751488,CCCO,CCCO,0.84302235,0.7560858,0.34578004,0.64829606,2,Active (2/3),0.5,0.42857143,0.44,1,1,1,True,False,1-Propanol,1031,Zingiber officinale,,
243,Isobauerenyl acetate,Forsythia suspensa,181096,C32H52O2,468.3967309,CC(=O)OC1CCC2(C)C3=C(CCC2C1(C)C)C1(C)CCC2(C)CCC(C)C(C)C2C1(C)CC3,C[C@@H]1CC[C@@]2(CC[C@@]3(C4=C(CC[C@]3([C@@H]2[C@H]1C)C)[C@]5(CC[C@@H](C([C@@H]5CC4)(C)C)OC(=O)C)C)C)C,0.26151982,0.7742113,0.9052152,0.64698213,2,Active (2/3),0.7777778,0.6296296,0.5339806,1,1,1,True,False,Isobauerenyl acetate,181096,Forsythia suspensa,,
244,trans-6-Shogaol,Zingiber officinale,5281794,C17H24O3,276.17254463,CCCCCC=CC(=O)CCc1ccc(O)c(OC)c1,CCCCC/C=C/C(=O)CCC1=CC(=C(C=C1)O)OC,0.9955502,0.8202824,0.11660249,0.644145,2,Active (2/3),0.8181818,0.7586207,0.3723404,1,1,1,True,False,trans-6-Shogaol,5281794,Zingiber officinale,,
245,(E)-geraniol,Melissa officinalis,637566,C10H18O,154.1357652,CC(C)=CCCC(C)=CCO,CC(=CCC/C(=C/CO)/C)C,0.88369673,0.7439839,0.30295742,0.64354604,2,Active (2/3),0.625,0.45652175,0.44444445,1,1,1,True,True,(E)-geraniol | beta-Nerol,637566 | 643820,Melissa officinalis | Zingiber officinale,,
246,Farnesol,Zingiber officinale,445070,C15H26O,222.19836545,CC(C)=CCCC(C)=CCCC(C)=CCO,CC(=CCC/C(=C/CC/C(=C/CO)/C)/C)C,0.88369673,0.7439839,0.30295742,0.64354604,2,Active (2/3),0.625,0.45652175,0.44444445,1,1,1,True,False,Farnesol,445070,Zingiber officinale,,
247,Aceteugenol,Zingiber officinale,7136,C12H14O3,206.09429431,C=CCc1ccc(OC(C)=O)c(OC)c1,CC(=O)OC1=C(C=C(C=C1)CC=C)OC,0.5778269,0.6535231,0.69083935,0.6407298,3,Active (3/3),0.75,0.751938,0.4489796,1,1,1,True,False,Aceteugenol,7136,Zingiber officinale,,
248,Zingerol,Zingiber officinale,3016110,C11H16O3,196.10994438,COc1cc(CCC(C)O)ccc1O,CC(CCC1=CC(=C(C=C1)O)OC)O,0.94539905,0.77912366,0.17927893,0.6346006,2,Active (2/3),1.0,0.816,0.6818182,1,1,1,True,False,Zingerol,3016110,Zingiber officinale,,
249,"1-(3,4-Dimethoxyphenyl)-5-hydroxy-decan-3-one",Zingiber officinale,71391212,C18H28O4,308.19875938,CCCCCC(O)CC(=O)CCc1ccc(OC)c(OC)c1,CCCCCC(CC(=O)CCC1=CC(=C(C=C1)OC)OC)O,0.99372405,0.7661435,0.13736613,0.63241124,2,Active (2/3),1.0,0.7744361,0.43307087,1,1,1,True,False,"1-(3,4-Dimethoxyphenyl)-5-hydroxy-decan-3-one",71391212,Zingiber officinale,,
250,Lutein,Zingiber officinale,5281243,C40H56O2,568.42803103,CC(C=CC=C(C)C=CC1=C(C)CC(O)CC1(C)C)=CC=CC=C(C)C=CC=C(C)C=CC1C(C)=CC(O)CC1(C)C,CC1=C(C(C[C@@H](C1)O)(C)C)/C=C/C(=C/C=C/C(=C/C=C/C=C(\C)/C=C/C=C(\C)/C=C/[C@H]2C(=C[C@@H](CC2(C)C)O)C)/C)/C,0.43340835,0.86501324,0.5892411,0.6292209,2,Active (2/3),0.875,0.5955056,0.58208954,1,1,1,True,False,Lutein,5281243,Zingiber officinale,,
251,3-Methylhexanol,Zingiber officinale,25793,C7H16O,116.12011513,CCCC(C)CCO,CCCC(C)CCO,0.6768607,0.78953296,0.40047064,0.62228805,2,Active (2/3),0.6666667,0.5714286,0.42222223,1,1,1,True,False,3-Methylhexanol,25793,Zingiber officinale,,
252,Dibutyl phthalate,Zingiber officinale,3026,C16H22O4,278.15180919,CCCCOC(=O)c1ccccc1C(=O)OCCCC,CCCCOC(=O)C1=CC=CC=C1C(=O)OCCCC,0.76457137,0.85502774,0.24708724,0.6222288,2,Active (2/3),0.875,0.787037,0.39361703,1,1,1,True,False,Dibutyl phthalate,3026,Zingiber officinale,,
253,Citronellol,Melissa officinalis,8842,C10H20O,156.15141526,CC(C)=CCCC(C)CCO,CC(CCC=C(C)C)CCO,0.7347936,0.74395,0.37513942,0.617961,2,Active (2/3),0.75,0.4814815,0.41304347,1,1,1,True,True,Citronellol | (+)-Citronellol,8842 | 101977,Melissa officinalis | Zingiber officinale,,
254,"o-Mentha-1(7),8-dien-3-ol",Zingiber officinale,564552,C10H16O,152.12011513,C=C(C)C1C(=C)CCCC1O,CC(=C)C1C(CCCC1=C)O,0.7732042,0.80333215,0.26539448,0.61397696,2,Active (2/3),0.6666667,0.47058824,0.5365854,1,1,1,True,False,"o-Mentha-1(7),8-dien-3-ol",564552,Zingiber officinale,,
255,Citronellyl n-butyrate,Zingiber officinale,8835,C14H26O2,226.19328007,CCCC(=O)OCCC(C)CCC=C(C)C,CCCC(=O)OCCC(C)CCC=C(C)C,0.51439637,0.7911437,0.5135825,0.6063742,3,Active (3/3),0.7777778,0.46969697,0.43010753,1,1,1,True,False,Citronellyl n-butyrate,8835,Zingiber officinale,,
256,2-Butanol,Zingiber officinale,6568,C4H10O,74.07316494,CCC(C)O,CCC(C)O,0.6768607,0.76938015,0.33960578,0.59528226,2,Active (2/3),0.6666667,0.4827586,0.51282054,1,1,1,True,False,2-Butanol,6568,Zingiber officinale,,
257,beta-Sitosterol palmitate,Zingiber officinale,9852570,C45H80O2,652.6158318,CCCCCCCCCCCCCCCC(=O)OC1CCC2(C)C(=CCC3C2CCC2(C)C(C(C)CCC(CC)C(C)C)CCC32)C1,CCCCCCCCCCCCCCCC(=O)O[C@H]1CC[C@@]2([C@H]3CC[C@]4([C@H]([C@@H]3CC=C2C1)CC[C@@H]4[C@H](C)CC[C@@H](CC)C(C)C)C)C,0.28226817,0.8146607,0.6853717,0.5941002,2,Active (2/3),0.8888889,0.7160494,0.5793651,1,1,1,True,False,beta-Sitosterol palmitate,9852570,Zingiber officinale,,
258,1-Octen-3-ol,Melissa officinalis,18827,C8H16O,128.12011513,C=CC(O)CCCCC,CCCCCC(C=C)O,0.54796964,0.9108531,0.3120405,0.59028774,2,Active (2/3),0.6666667,0.45833334,0.525,1,1,1,True,False,1-Octen-3-ol,18827,Melissa officinalis,,
259,cis-Lanceol,Zingiber officinale,6536796,C15H24O,220.18271539,C=C(CCC=C(C)CO)C1CC=C(C)CC1,CC1=CCC(CC1)C(=C)CC/C=C(\C)/CO,0.698366,0.859095,0.20414127,0.5872007,2,Active (2/3),0.7777778,0.4939759,0.44444445,1,1,1,True,False,cis-Lanceol,6536796,Zingiber officinale,,
260,trans-2-Caren-4-ol,Zingiber officinale,520984,C10H16O,152.12011513,CC1=CC2C(CC1O)C2(C)C,CC1=CC2C(C2(C)C)CC1O,0.43340835,0.85891396,0.45858032,0.5836342,1,Ambiguous (1/3),0.875,0.6,0.5441176,1,1,1,True,False,trans-2-Caren-4-ol,520984,Zingiber officinale,,
261,Geranyl propionate,Zingiber officinale,5355853,C13H22O2,210.16197995,CCC(=O)OCC=C(C)CCC=C(C)C,CCC(=O)OC/C=C(\C)/CCC=C(C)C,0.6884233,0.7780177,0.28001112,0.5821507,2,Active (2/3),0.6666667,0.42105263,0.3882353,1,1,1,True,False,Geranyl propionate,5355853,Zingiber officinale,,
262,Butanediol,Zingiber officinale,165788,C4H10O2,90.06807956,CCCC(O)O,CCCC(O)O,0.6768607,0.7636456,0.30447292,0.58165973,2,Active (2/3),0.6666667,0.5121951,0.5483871,1,1,1,True,False,Butanediol,165788,Zingiber officinale,,
263,2-Nonanol,Zingiber officinale,12367,C9H20O,144.15141526,CCCCCCCC(C)O,CCCCCCCC(C)O,0.6768607,0.85213304,0.21032959,0.57977444,2,Active (2/3),0.6666667,0.51111114,0.4883721,1,1,1,True,False,2-Nonanol,12367,Zingiber officinale,,
264,2-Octanol,Zingiber officinale,20083,C8H18O,130.1357652,CCCCCCC(C)O,CCCCCCC(C)O,0.6768607,0.85213304,0.20955946,0.5795177,2,Active (2/3),0.6666667,0.51111114,0.5,1,1,1,True,False,2-Octanol,20083,Zingiber officinale,,
265,(S)-2-Heptanol,Zingiber officinale,10976,C7H16O,116.12011513,CCCCCC(C)O,CCCCC[C@H](C)O,0.6768607,0.8250799,0.21724099,0.5730605,2,Active (2/3),0.6666667,0.54761904,0.53846157,1,1,1,True,True,(S)-2-Heptanol | 2-Heptanol,10976 | 2724897,Zingiber officinale,,
266,Bisacumol,Curcuma xanthorrhiza,5315469,C15H22O,218.16706532,CC(C)=CC(O)CC(C)c1ccc(C)cc1,CC1=CC=C(C=C1)C(C)CC(C=C(C)C)O,0.71083456,0.76310897,0.23475997,0.56956786,2,Active (2/3),0.7777778,0.7525773,0.47916666,1,1,1,True,False,Bisacumol,5315469,Curcuma xanthorrhiza,,
267,2-Methyl-1-butanol,Zingiber officinale,8723,C5H12O,88.08881501,CCC(C)CO,CCC(C)CO,0.6768607,0.7535331,0.26841158,0.56626844,2,Active (2/3),0.6666667,0.5,0.44444445,1,1,1,True,False,2-Methyl-1-butanol,8723,Zingiber officinale,,
268,Lavandulol,Melissa officinalis,5464156,C10H18O,154.1357652,C=C(C)C(CO)CC=C(C)C,CC(=CC[C@@H](CO)C(=C)C)C,0.698366,0.7009166,0.28936493,0.5628825,2,Active (2/3),0.7777778,0.45833334,0.41666666,1,1,1,True,False,Lavandulol,5464156,Melissa officinalis,,
269,8-Cedren-13-ol,Zingiber officinale,519545,C15H24O,220.18271539,CC1=CCC23CC1C(C)(CO)C2CCC3C,CC1CCC2C13CC=C(C(C3)C2(C)CO)C,0.43340835,0.7402161,0.49687663,0.5568337,1,Ambiguous (1/3),0.875,0.5632184,0.51428574,1,1,1,True,False,8-Cedren-13-ol,519545,Zingiber officinale,,
270,3-Methyl-1-butanol,Zingiber officinale,31260,C5H12O,88.08881501,CC(C)CCO,CC(C)CCO,0.6768607,0.7535331,0.22970891,0.55336756,2,Active (2/3),0.6666667,0.5,0.47058824,1,1,1,True,False,3-Methyl-1-butanol,31260,Zingiber officinale,,
271,Diisobutyl phthalate,Zingiber officinale,6782,C16H22O4,278.15180919,CC(C)COC(=O)c1ccccc1C(=O)OCC(C)C,CC(C)COC(=O)C1=CC=CC=C1C(=O)OCC(C)C,0.54521745,0.8598193,0.25453877,0.55319184,2,Active (2/3),0.8888889,0.7962963,0.53731346,1,1,1,True,False,Diisobutyl phthalate,6782,Zingiber officinale,,
272,"1,2,4-Trimethoxy-5-propenyl-benzene",Zingiber officinale,636822,C12H16O3,208.10994438,CC=Cc1cc(OC)c(OC)cc1OC,C/C=C/C1=CC(=C(C=C1OC)OC)OC,0.18682574,0.73727417,0.69684416,0.5403147,2,Active (2/3),0.5714286,0.832,0.34,1,1,1,True,False,"1,2,4-Trimethoxy-5-propenyl-benzene",636822,Zingiber officinale,,
273,(E)-Nuciferol,Zingiber officinale,6429177,C15H22O,218.16706532,CC(=CCCCCc1ccc(C)cc1)CO,CC1=CC=C(C=C1)CCCC/C=C(\C)/CO,0.8525929,0.6862587,0.07933354,0.53939503,2,Active (2/3),0.7777778,0.7096774,0.39473686,1,1,1,True,False,(E)-Nuciferol,6429177,Zingiber officinale,,
274,(R)-(-)-Xanthorrhizol,Curcuma xanthorrhiza,93135,C15H22O,218.16706532,CC(C)=CCCC(C)c1ccc(C)c(O)c1,CC1=C(C=C(C=C1)[C@H](C)CCC=C(C)C)O,0.71083456,0.84572,0.052215472,0.5362567,2,Active (2/3),0.7777778,0.7798165,0.36,1,1,1,True,False,(R)-(-)-Xanthorrhizol,93135,Curcuma xanthorrhiza | Zingiber officinale,,
275,trans-3(10)-Caren-2-ol,Zingiber officinale,572861,C10H16O,152.12011513,C=C1CCC2C(C1O)C2(C)C,CC1(C2C1C(C(=C)CC2)O)C,0.4063426,0.87632847,0.3217358,0.53480226,1,Ambiguous (1/3),0.75,0.52272725,0.5068493,1,1,1,True,False,trans-3(10)-Caren-2-ol,572861,Zingiber officinale,,
276,(-)-beta-Sitosterol,Phyllanthus niruri,222284,C29H50O,414.38616622,CCC(CCC(C)C1CCC2C3CC=C4CC(O)CCC4(C)C3CCC12C)C(C)C,CC[C@H](CC[C@@H](C)[C@H]1CC[C@@H]2[C@@]1(CC[C@H]3[C@H]2CC=C4[C@@]3(CC[C@@H](C4)O)C)C)C(C)C,0.43340835,0.7438915,0.4246289,0.53397626,1,Ambiguous (1/3),0.875,0.65384614,0.6376812,1,1,1,True,False,(-)-beta-Sitosterol,222284,Phyllanthus niruri | Zingiber officinale,,
277,alpha-Amyrin,Zingiber officinale,73170,C30H50O,426.38616622,CC1CCC2(C)CCC3(C)C(=CCC4C5(C)CCC(O)C(C)(C)C5CCC43C)C2C1C,C[C@@H]1CC[C@@]2(CC[C@@]3(C(=CC[C@H]4[C@]3(CC[C@@H]5[C@@]4(CC[C@@H](C5(C)C)O)C)C)[C@@H]2[C@H]1C)C)C,0.43340835,0.71619,0.4448345,0.53147763,1,Ambiguous (1/3),0.875,0.6226415,0.6197183,1,1,1,True,False,alpha-Amyrin,73170,Zingiber officinale,,
278,Cucumadiol,Zingiber officinale,5316212,C15H26O2,238.19328007,CC(C)C1=CCC(C)(O)C2CCC(C)(O)C2C1,CC(C)C1=CCC(C2CCC(C2C1)(C)O)(C)O,0.43340835,0.851453,0.27989802,0.5215865,1,Ambiguous (1/3),0.875,0.53333336,0.49295774,1,1,1,True,False,Cucumadiol,5316212,Zingiber officinale,,
279,alpha-Linalool,Zingiber officinale,69016,C10H18O,154.1357652,C=CC(C)(O)CCCC(=C)C,CC(=C)CCCC(C)(C=C)O,0.59349906,0.8016986,0.13945942,0.5115524,2,Active (2/3),0.6666667,0.45652175,0.53488374,1,1,1,True,False,alpha-Linalool,69016,Zingiber officinale,,
280,Myrtenol,Zingiber officinale,10582,C10H16O,152.12011513,CC1(C)C2CC=C(CO)C1C2,CC1(C2CC=C(C1C2)CO)C,0.43340835,0.69550514,0.38607013,0.5049946,1,Ambiguous (1/3),0.875,0.63414633,0.62903225,1,1,1,True,False,Myrtenol,10582,Zingiber officinale,,
281,alpha-terpineol acetate,Zingiber officinale,111037,C12H20O2,196.14632988,CC(=O)OC(C)(C)C1CC=C(C)CC1,CC1=CCC(CC1)C(C)(C)OC(=O)C,0.28226817,0.5131472,0.7009569,0.49879074,2,Active (2/3),0.8888889,0.5176471,0.49367088,1,1,1,True,False,alpha-terpineol acetate,111037,Zingiber officinale,,
282,Zingiberenol,Zingiber officinale,13213649,C15H26O,222.19836545,CC(C)=CCCC(C)C1C=CC(C)(O)CC1,CC(CCC=C(C)C)C1CCC(C=C1)(C)O,0.43340835,0.80342644,0.22706988,0.4879682,1,Ambiguous (1/3),0.875,0.5595238,0.47887325,1,1,1,True,False,Zingiberenol,13213649,Zingiber officinale,,
283,Linalool,Forsythia suspensa,6549,C10H18O,154.1357652,C=CC(C)(O)CCC=C(C)C,CC(=CCCC(C)(C=C)O)C,0.59349906,0.75653994,0.10865377,0.48623094,2,Active (2/3),0.6666667,0.41860464,0.4871795,1,1,1,True,True,Linalool | (-)-linalool,6549 | 443158,Forsythia suspensa | Melissa officinalis | Zingiber officinale,,
284,Nerolidol,Zingiber officinale,5284507,C15H26O,222.19836545,C=CC(C)(O)CCC=C(C)CCC=C(C)C,CC(=CCC/C(=C/CCC(C)(C=C)O)/C)C,0.59349906,0.75653994,0.10865377,0.48623094,2,Active (2/3),0.6666667,0.41860464,0.4871795,1,1,1,True,False,"Nerolidol | (6E)-3,7,11-Trimethyl-1,6,10-dodecatrien-3-ol",5284507,Zingiber officinale,,
285,cis-Nuciferol,Zingiber officinale,67178146,C15H22O,218.16706532,CC(=CCCC(C)c1ccc(C)cc1)CO,CC1=CC=C(C=C1)[C@@H](C)CC/C=C(/C)\CO,0.71083456,0.6477047,0.08368263,0.48074064,2,Active (2/3),0.7777778,0.7010309,0.44186047,1,1,1,True,False,cis-Nuciferol,67178146,Zingiber officinale,,
286,beta-Santalol,Zingiber officinale,6857681,C15H24O,220.18271539,C=C1C2CCC(C2)C1(C)CCC=C(C)CO,C/C(=C/CC[C@@]1([C@H]2CC[C@H](C2)C1=C)C)/CO,0.40628433,0.8140011,0.20668775,0.4756577,1,Ambiguous (1/3),0.7777778,0.4888889,0.46376812,1,1,1,True,False,beta-Santalol,6857681,Zingiber officinale,,
287,Halaminol A,Zingiber officinale,10059639,C14H29NO,227.22491455,C=CCCCCCCCCCC(O)C(C)N,C[C@@H]([C@@H](CCCCCCCCCC=C)O)N,0.5349404,0.7033587,0.18751152,0.47527018,2,Active (2/3),0.6363636,0.505618,0.50793654,1,1,1,True,False,Halaminol A,10059639,Zingiber officinale,,
288,Geranyl isobutyrate,Zingiber officinale,6086514,C14H24O2,224.17763001,CC(C)=CCCC(C)=CCOC(=O)C(C)C,CC(C)C(=O)OC/C=C(\C)/CCC=C(C)C,0.51439637,0.7812833,0.12709205,0.47425723,2,Active (2/3),0.7777778,0.41860464,0.4375,1,1,1,True,False,Geranyl isobutyrate,6086514,Zingiber officinale,,
289,Linalyl acetate,Zingiber officinale,8294,C12H20O2,196.14632988,C=CC(C)(CCC=C(C)C)OC(C)=O,CC(=CCCC(C)(C=C)OC(=O)C)C,0.34016094,0.53508836,0.54633206,0.4738604,2,Active (2/3),0.7,0.43023255,0.35897437,1,1,1,True,False,Linalyl acetate,8294,Zingiber officinale,,
290,8-Hydroxylinalool,Zingiber officinale,5280678,C10H18O2,170.13067982,C=CC(C)(O)CCC=C(C)CO,C/C(=C\CCC(C)(C=C)O)/CO,0.59349906,0.6942059,0.11307602,0.46692696,2,Active (2/3),0.6666667,0.4698795,0.4871795,1,1,1,True,False,8-Hydroxylinalool,5280678,Zingiber officinale,,
291,Myristicin,Zingiber officinale,4276,C11H12O3,192.07864425,C=CCc1cc(OC)c2c(c1)OCO2,COC1=CC(=CC2=C1OCO2)CC=C,0.09105043,0.6580131,0.6512932,0.46678558,2,Active (2/3),0.5833333,0.7846154,0.40384614,1,1,1,True,False,Myristicin,4276,Zingiber officinale,,
292,"cis-2,8-Menthadien-1-ol",Zingiber officinale,111274,C10H16O,152.12011513,C=C(C)C1C=CC(C)(O)CC1,CC(=C)[C@@H]1CC[C@@](C=C1)(C)O,0.40628433,0.7950331,0.19712023,0.4661459,1,Ambiguous (1/3),0.7777778,0.5301205,0.5,1,1,1,True,False,"cis-2,8-Menthadien-1-ol",111274,Zingiber officinale,,
293,Isoborneol,Curcuma xanthorrhiza,64685,C10H18O,154.1357652,CC1(C)C2CCC1(C)C(O)C2,C[C@@]12CC[C@@H](C1(C)C)C[C@H]2O,0.2085667,0.8290211,0.36037704,0.46598828,1,Ambiguous (1/3),0.71428573,0.6231884,0.60294116,1,1,1,True,True,Isoborneol | Borneol | (+)-Isoborneol | (-)-Borneol | (+)-Borneol | (-)-Isoborneol,64685 | 1201518 | 6321405 | 6552009 | 6973640,Curcuma xanthorrhiza | Zingiber officinale,,
294,Espatulenol,Melissa officinalis,92231,C15H24O,220.18271539,C=C1CCC2C(C3C1CCC3(C)O)C2(C)C,C[C@@]1(CC[C@@H]2[C@@H]1[C@H]3[C@H](C3(C)C)CCC2=C)O,0.4063426,0.6735226,0.31390232,0.46458915,1,Ambiguous (1/3),0.75,0.46835443,0.49333334,1,1,1,True,False,Espatulenol,92231,Melissa officinalis | Zingiber officinale,,
295,trans-Longipinocarveol,Zingiber officinale,534645,C15H24O,220.18271539,C=C1C(O)CC2CC13C(C)(C)CCCC23C,CC1(CCCC2(C13CC2CC(C3=C)O)C)C,0.4063426,0.70392734,0.26604268,0.45877087,1,Ambiguous (1/3),0.75,0.59210527,0.5857143,1,1,1,True,False,trans-Longipinocarveol,534645,Zingiber officinale,,
296,Bornyl formate,Zingiber officinale,518472,C11H18O2,182.13067982,CC1(C)C2CCC1(C)C(OC=O)C2,CC1(C2CCC1(C(C2)OC=O)C)C,0.2343062,0.7311428,0.37347868,0.44630924,1,Ambiguous (1/3),0.7777778,0.5972222,0.54545456,1,1,1,True,False,Bornyl formate,518472,Zingiber officinale,,
297,trans-Sesquisabinene hydrate,Zingiber officinale,6428435,C15H26O,222.19836545,CC(C)=CCCC(C)C12CCC(C)(O)C1C2,CC(CCC=C(C)C)[C@@]12CC[C@](C1C2)(C)O,0.43340835,0.67632145,0.22098066,0.44357014,1,Ambiguous (1/3),0.875,0.50549453,0.5394737,1,1,1,True,True,trans-Sesquisabinene hydrate | cis-Sesquisabinene hydrate | Sesquisabinene hydrate,6428435 | 6428444 | 20055539,Zingiber officinale,,
298,Myrcenol,Zingiber officinale,10975,C10H18O,154.1357652,C=CC(=C)CCCC(C)(C)O,CC(C)(CCCC(=C)C=C)O,0.59349906,0.62093365,0.11431119,0.44291463,2,Active (2/3),0.6666667,0.46666667,0.54761904,1,1,1,True,False,Myrcenol,10975,Zingiber officinale,,
299,"1,5,5,8-Tetramethyl-3,7-Cycloundecadien-1-ol",Zingiber officinale,5367678,C15H26O,222.19836545,CC1=CCC(C)(C)C=CCC(C)(O)CCC1,C/C/1=C/CC(/C=C/CC(CCC1)(C)O)(C)C,0.5826097,0.58754045,0.11394829,0.4280328,2,Active (2/3),0.75,0.48809522,0.5,1,1,1,True,False,"1,5,5,8-Tetramethyl-3,7-Cycloundecadien-1-ol",5367678,Zingiber officinale,,
300,alpha-Cadinol,Melissa officinalis,3084311,C15H26O,222.19836545,CC1=CC2C(C(C)C)CCC(C)(O)C2CC1,CC1=C[C@H]2[C@@H](CC[C@@]([C@@H]2CC1)(C)O)C(C)C,0.43340835,0.5805074,0.24664229,0.420186,1,Ambiguous (1/3),0.875,0.5168539,0.5205479,1,1,1,True,True,alpha-Cadinol | tau-Muurolol | Muurolol,3084311 | 3084331 | 10398656,Melissa officinalis | Zingiber officinale,,
301,Cinnamate,Melissa officinalis,5957728,C9H8O2,148.0524295,O=C([O-])C=Cc1ccccc1,C1=CC=C(C=C1)/C=C/C(=O)[O-],0.17494777,0.6141232,0.47134402,0.42013836,1,Ambiguous (1/3),0.71428573,0.75,0.3846154,1,1,1,True,False,Cinnamate,5957728,Melissa officinalis,,
302,Cubenol,Zingiber officinale,11770062,C15H26O,222.19836545,CC1=CC2C(C(C)C)CCC(C)C2(O)CC1,C[C@@H]1CC[C@H]([C@H]2[C@]1(CCC(=C2)C)O)C(C)C,0.43340835,0.5774324,0.24876875,0.4198698,1,Ambiguous (1/3),0.875,0.5168539,0.5138889,1,1,1,True,False,Cubenol,11770062,Zingiber officinale,,
303,Guaiol,Zingiber officinale,227829,C15H26O,222.19836545,CC1CCC(C(C)(C)O)CC2=C1CCC2C,C[C@H]1CC[C@H](CC2=C1CC[C@@H]2C)C(C)(C)O,0.4035184,0.6349247,0.1795186,0.40598726,1,Ambiguous (1/3),0.85714287,0.48235294,0.5147059,1,1,1,True,False,Guaiol,227829,Zingiber officinale,,
304,Methylglyoxal,Zingiber officinale,880,C3H4O2,72.02112937,CC(=O)C=O,CC(=O)C=O,0.33607712,0.28605747,0.5730317,0.39838877,1,Ambiguous (1/3),0.5,0.33333334,0.30769232,1,1,1,True,False,Methylglyoxal,880,Zingiber officinale,,
305,Hinokinin,Phyllanthus niruri,442879,C20H18O6,354.11033831,O=C1OCC(Cc2ccc3c(c2)OCO3)C1Cc1ccc2c(c1)OCO2,C1[C@@H]([C@H](C(=O)O1)CC2=CC3=C(C=C2)OCO3)CC4=CC5=C(C=C4)OCO5,0.31706193,0.60624856,0.27078387,0.39803147,1,Ambiguous (1/3),0.875,0.75735295,0.41121495,1,1,1,True,False,Hinokinin,442879,Phyllanthus niruri,,
306,Isopinocampheol,Zingiber officinale,90350,C10H18O,154.1357652,CC1C(O)CC2CC1C2(C)C,C[C@H]1[C@@H]2C[C@@H](C2(C)C)C[C@@H]1O,0.2085667,0.5747932,0.4099215,0.39776048,1,Ambiguous (1/3),0.71428573,0.6567164,0.6119403,1,1,1,True,False,Isopinocampheol,90350,Zingiber officinale,,
307,(-)-Epiglobulol,Zingiber officinale,11074994,C15H26O,222.19836545,CC1CCC2C1C1C(CCC2(C)O)C1(C)C,C[C@@H]1CC[C@@H]2[C@@H]1[C@H]3[C@H](C3(C)C)CC[C@]2(C)O,0.2085667,0.67344326,0.30771282,0.39657426,1,Ambiguous (1/3),0.71428573,0.5362319,0.5479452,1,1,1,True,True,(-)-Epiglobulol | (-)-Globulol | Viridiflorol | Ledol,11074994 | 11858788 | 11996452 | 12304985,Zingiber officinale,,
308,alpha-Eudesmol,Zingiber officinale,92762,C15H26O,222.19836545,CC1=CCCC2(C)CCC(C(C)(C)O)CC12,CC1=CCC[C@]2([C@H]1C[C@@H](CC2)C(C)(C)O)C,0.43340835,0.5564026,0.19625555,0.3953555,1,Ambiguous (1/3),0.875,0.55813956,0.5652174,1,1,1,True,False,alpha-Eudesmol,92762,Zingiber officinale,,
309,Zingerone methyl ether,Zingiber officinale,237561,C12H16O3,208.10994438,COc1ccc(CCC(C)=O)cc1OC,CC(=O)CCC1=CC(=C(C=C1)OC)OC,0.76457137,0.30845478,0.103090085,0.39203873,1,Ambiguous (1/3),0.875,0.77868855,0.4716981,1,1,1,True,False,Zingerone methyl ether,237561,Zingiber officinale,,
310,Galanolactone,Zingiber officinale,6450044,C20H30O3,318.21949482,CC1(C)CCCC2(C)C1CCC1(CO1)C2CC=C1CCOC1=O,C[C@]12CCCC([C@@H]1CCC3([C@@H]2C/C=C/4\CCOC4=O)CO3)(C)C,0.28226817,0.5992108,0.2815639,0.38768092,1,Ambiguous (1/3),0.8888889,0.5546219,0.51111114,1,1,1,True,False,Galanolactone,6450044,Zingiber officinale,,
311,alpha-Bisabolol,Zingiber officinale,10586,C15H26O,222.19836545,CC(C)=CCCC(C)(O)C1CC=C(C)CC1,CC1=CC[C@@H](CC1)[C@@](C)(CCC=C(C)C)O,0.43340835,0.54945254,0.17820534,0.3870221,1,Ambiguous (1/3),0.875,0.5243902,0.5151515,1,1,1,True,True,"alpha-Bisabolol | alpha,4-Dimethyl-alpha-(4-methyl-3-penten-1-yl)-3-cyclohexene-1-methanol",10586 | 1549992,Zingiber officinale,,
312,alpha-Terpineol,Curcuma xanthorrhiza,17100,C10H18O,154.1357652,CC1=CCC(C(C)(C)O)CC1,CC1=CCC(CC1)C(C)(C)O,0.43340835,0.5460684,0.17418,0.38455224,1,Ambiguous (1/3),0.875,0.5308642,0.5625,1,1,1,True,False,alpha-Terpineol,17100,Curcuma xanthorrhiza | Forsythia suspensa | Zingiber officinale,,
313,"2-Methyl-5-(1,2,2-trimethylcyclopentyl)phenol",Zingiber officinale,586002,C15H22O,218.16706532,Cc1ccc(C2(C)CCCC2(C)C)cc1O,CC1=C(C=C(C=C1)C2(CCCC2(C)C)C)O,0.3145246,0.8061867,0.02905132,0.3832542,1,Ambiguous (1/3),0.85714287,0.7522124,0.36666667,1,1,1,True,False,"2-Methyl-5-(1,2,2-trimethylcyclopentyl)phenol",586002,Zingiber officinale,,
314,3-Methylcamphenilol,Zingiber officinale,101680,C10H18O,154.1357652,CC1(C)C2CCC(C2)C1(C)O,CC1(C2CCC(C2)C1(C)O)C,0.2085667,0.6926134,0.24105284,0.3807443,1,Ambiguous (1/3),0.71428573,0.5714286,0.5416667,1,1,1,True,False,3-Methylcamphenilol,101680,Zingiber officinale,,
315,beta-Eudesmol,Zingiber officinale,91457,C15H26O,222.19836545,C=C1CCCC2(C)CCC(C(C)(C)O)CC12,C[C@]12CCCC(=C)[C@@H]1C[C@@H](CC2)C(C)(C)O,0.4063426,0.57152075,0.14680505,0.37488946,1,Ambiguous (1/3),0.75,0.5479452,0.5285714,1,1,1,True,False,beta-Eudesmol,91457,Zingiber officinale,,
316,gamma-Eudesmol,Zingiber officinale,6430754,C15H26O,222.19836545,CC1=C2CC(C(C)(C)O)CCC2(C)CCC1,CC1=C2C[C@@H](CC[C@]2(CCC1)C)C(C)(C)O,0.4035184,0.5697728,0.14729883,0.37353,1,Ambiguous (1/3),0.85714287,0.53571427,0.54285717,1,1,1,True,True,gamma-Eudesmol | 10-epi-gamma-Eudesmol,6430754 | 6432005,Zingiber officinale,,
317,Cryptomeridiol,Zingiber officinale,165258,C15H28O2,240.20893014,CC(C)(O)C1CCC2(C)CCCC(C)(O)C2C1,C[C@]12CCC[C@@]([C@@H]1C[C@@H](CC2)C(C)(C)O)(C)O,0.2085667,0.7063124,0.189752,0.3682104,1,Ambiguous (1/3),0.71428573,0.61764705,0.5714286,1,1,1,True,False,Cryptomeridiol,165258,Zingiber officinale,,
318,4-Terpineol,Curcuma xanthorrhiza,11230,C10H18O,154.1357652,CC1=CCC(O)(C(C)C)CC1,CC1=CCC(CC1)(C(C)C)O,0.43340835,0.51304054,0.14305446,0.36316776,1,Ambiguous (1/3),0.875,0.5121951,0.52272725,1,1,1,True,True,4-Terpineol | (-)-4-Terpineol | Origanol,11230 | 5325830,Curcuma xanthorrhiza | Forsythia suspensa | Zingiber officinale,,
319,Methyl [6]-paradol,Zingiber officinale,85807832,C18H28O3,292.20384476,CCCCCCCC(=O)CCc1ccc(OC)c(OC)c1,CCCCCCCC(=O)CCC1=CC(=C(C=C1)OC)OC,0.76457137,0.287234,0.015354461,0.35571995,1,Ambiguous (1/3),0.875,0.7804878,0.37301588,1,1,1,True,False,Methyl [6]-paradol,85807832,Zingiber officinale,,
320,Nirtetralin,Phyllanthus niruri,182644,C24H30O7,430.19915331,COCC1Cc2cc3c(c(OC)c2C(c2ccc(OC)c(OC)c2)C1COC)OCO3,COC[C@H]1CC2=CC3=C(C(=C2[C@H]([C@@H]1COC)C4=CC(=C(C=C4)OC)OC)OC)OCO3,0.061057203,0.6535588,0.31221098,0.34227565,1,Ambiguous (1/3),0.85714287,0.82481754,0.52307695,1,1,1,True,False,Nirtetralin,182644,Phyllanthus niruri,,
321,Hypophyllanthin,Phyllanthus niruri,182140,C24H30O7,430.19915331,COCC1Cc2cc(OC)c3c(c2C(c2ccc(OC)c(OC)c2)C1COC)OCO3,COC[C@@H]1CC2=CC(=C3C(=C2[C@@H]([C@H]1COC)C4=CC(=C(C=C4)OC)OC)OCO3)OC,0.061057203,0.6535588,0.31221098,0.34227565,1,Ambiguous (1/3),0.85714287,0.82481754,0.52307695,1,1,1,True,False,Hypophyllanthin,182140,Phyllanthus niruri,,
322,Linalyl propionate,Zingiber officinale,61098,C13H22O2,210.16197995,C=CC(C)(CCC=C(C)C)OC(=O)CC,CCC(=O)OC(C)(CCC=C(C)C)C=C,0.34016094,0.53263444,0.14768414,0.3401598,1,Ambiguous (1/3),0.7,0.42528737,0.3877551,1,1,1,True,False,Linalyl propionate,61098,Zingiber officinale,,
323,Methyl [8]-Shogaol,Zingiber officinale,91721121,C20H30O3,318.21949482,CCCCCCCC=CC(=O)CCc1ccc(OC)c(OC)c1,CCCCCCC/C=C/C(=O)CCC1=CC(=C(C=C1)OC)OC,0.6625338,0.33716768,0.011185894,0.33696246,1,Ambiguous (1/3),0.7777778,0.75396824,0.3838384,1,1,1,True,False,"Methyl [8]-Shogaol | 1-(3,4-Dimethoxyphenyl)-4-dodecen-3-one",91721121,Zingiber officinale,,
324,Eudesmol,Zingiber officinale,21718037,C15H28O,224.21401552,CC1CCCC2(C)CCC(C(C)(C)O)CC12,C[C@@H]1CCC[C@]2([C@H]1C[C@@H](CC2)C(C)(C)O)C,0.2085667,0.60307115,0.1738047,0.32848084,1,Ambiguous (1/3),0.71428573,0.61538464,0.5797101,1,1,1,True,False,Eudesmol,21718037,Zingiber officinale,,
325,Niranthin,Phyllanthus niruri,11575632,C24H32O7,432.21480338,COCC(Cc1ccc(OC)c(OC)c1)C(COC)Cc1cc(OC)c2c(c1)OCO2,COC[C@@H](CC1=CC(=C(C=C1)OC)OC)[C@H](CC2=CC3=C(C(=C2)OC)OCO3)COC,0.061057203,0.67332584,0.25026736,0.3282168,1,Ambiguous (1/3),0.85714287,0.8333333,0.52459013,1,1,1,True,False,Niranthin,11575632,Phyllanthus niruri,,
326,2-Pinanol,Zingiber officinale,10128,C10H18O,154.1357652,CC1(O)CCC2CC1C2(C)C,CC1(C2CCC(C1C2)(C)O)C,0.2085667,0.49041587,0.2161252,0.30503592,0,Inactive (0/3),0.71428573,0.5882353,0.556962,1,1,1,True,False,2-Pinanol,10128,Zingiber officinale,,
327,Caryophyllene alcohol,Zingiber officinale,11746218,C15H26O,222.19836545,CC12CCCC(O)(C1)C1CC(C)(C)C1CC2,C[C@@]12CCC[C@@](C1)([C@H]3CC([C@@H]3CC2)(C)C)O,0.2085667,0.4894004,0.19428374,0.29741696,0,Inactive (0/3),0.71428573,0.5362319,0.57746476,1,1,1,True,False,Caryophyllene alcohol,11746218,Zingiber officinale,,
328,Melatonin,Forsythia suspensa,896,C13H16N2O2,232.12117777,COc1ccc2[nH]cc(CCNC(C)=O)c2c1,CC(=O)NCCC1=CNC2=C1C=C(C=C2)OC,0.4653098,0.09166232,0.29912093,0.28536436,0,Inactive (0/3),0.8333333,0.77386934,0.55172414,1,1,1,True,False,Melatonin,896,Forsythia suspensa,,
329,FEMA 3743,Melissa officinalis,62913,C8H16O,128.12011513,CCC1CCC(CC)O1,CCC1CCC(O1)CC,0.071558625,0.4894077,0.2931172,0.28469452,0,Inactive (0/3),0.6,0.45652175,0.5277778,1,1,1,True,False,FEMA 3743,62913,Melissa officinalis,,
330,2-Undecanone,Zingiber officinale,8163,C11H22O,170.16706532,CCCCCCCCCC(C)=O,CCCCCCCCCC(=O)C,0.22742976,0.35969597,0.20322677,0.26345083,0,Inactive (0/3),0.6666667,0.35384616,0.2777778,1,1,0,False,False,2-Undecanone,8163,Zingiber officinale,,
331,2-Nonanone,Zingiber officinale,13187,C9H18O,142.1357652,CCCCCCCC(C)=O,CCCCCCCC(=O)C,0.22742976,0.35969597,0.19975685,0.2622942,0,Inactive (0/3),0.6666667,0.35384616,0.2777778,1,1,0,False,False,2-Nonanone,13187,Zingiber officinale,,
332,2-Octanone,Zingiber officinale,8093,C8H16O,128.12011513,CCCCCCC(C)=O,CCCCCCC(=O)C,0.22742976,0.35969597,0.1774305,0.2548521,0,Inactive (0/3),0.6666667,0.35384616,0.2952381,1,1,0,False,False,2-Octanone,8093,Zingiber officinale,,
333,5-Hydroxytryptamine,Forsythia suspensa,5202,C10H12N2O,176.09496302,NCCc1c[nH]c2ccc(O)cc12,C1=CC2=C(C=C1O)C(=CN2)CCN,0.10324466,0.5220464,0.0814023,0.23556446,1,Ambiguous (1/3),0.6666667,0.74285716,0.40625,1,1,1,True,False,5-Hydroxytryptamine,5202,Forsythia suspensa,,
334,3-Octen-2-one,Zingiber officinale,5363229,C8H14O,126.10446507,CCCCC=CC(C)=O,CCCC/C=C/C(=O)C,0.18920667,0.31385,0.19655898,0.23320521,0,Inactive (0/3),0.625,0.35416666,0.3243243,1,1,1,True,False,3-Octen-2-one,5363229,Zingiber officinale,,
335,Methyl isobutyl ketone,Zingiber officinale,7909,C6H12O,100.08881501,CC(=O)CC(C)C,CC(C)CC(=O)C,0.0931607,0.30978626,0.2943392,0.23242871,0,Inactive (0/3),0.71428573,0.3939394,0.3846154,1,1,1,True,False,Methyl isobutyl ketone,7909,Zingiber officinale,,
336,6-Methyl-5-hepten-2-one,Zingiber officinale,9862,C8H14O,126.10446507,CC(=O)CCC=C(C)C,CC(=CCCC(=O)C)C,0.18920667,0.25634766,0.24196954,0.22917461,0,Inactive (0/3),0.625,0.36363637,0.31914893,1,1,1,True,False,6-Methyl-5-hepten-2-one,9862,Zingiber officinale,,
337,Diepoxylimonene,Zingiber officinale,232703,C10H16O2,168.11502975,CC1(C2CCC3(C)OC3C2)CO1,CC12CCC(CC1O2)C3(CO3)C,0.07813526,0.49312988,0.10589611,0.2257204,0,Inactive (0/3),0.6666667,0.4868421,0.49275362,1,1,1,True,False,Diepoxylimonene,232703,Zingiber officinale,,
338,"Bicyclo[3.1.1]hept-3-ene, 4,6,6-trimethyl-2-vinyloxy-",Zingiber officinale,564389,C12H18O,178.1357652,C=COC1C=C(C)C2CC1C2(C)C,CC1=CC(C2CC1C2(C)C)OC=C,0.11394193,0.23209792,0.31374177,0.2199272,0,Inactive (0/3),0.7777778,0.62650603,0.671875,1,1,1,True,False,"Bicyclo[3.1.1]hept-3-ene, 4,6,6-trimethyl-2-vinyloxy-",564389,Zingiber officinale,,
339,5-Methyl-2-hexanone,Zingiber officinale,8034,C7H14O,114.10446507,CC(=O)CCC(C)C,CC(C)CCC(=O)C,0.0931607,0.3131914,0.21990117,0.20875108,0,Inactive (0/3),0.71428573,0.42857143,0.46153846,1,1,1,True,False,5-Methyl-2-hexanone,8034,Zingiber officinale,,
340,2-Pentadecynol,Zingiber officinale,534429,C15H28O,224.21401552,CCCCCCCCCCCCC#CCO,CCCCCCCCCCCCC#CCO,0.16069971,0.38049892,0.06762204,0.20294023,0,Inactive (0/3),0.6,0.5,0.4,1,1,1,True,False,2-Pentadecynol,534429,Zingiber officinale,,
341,Lintetralin,Phyllanthus niruri,11361584,C23H28O6,400.18858863,COCC1Cc2cc(OC)c(OC)cc2C(c2ccc3c(c2)OCO3)C1COC,COC[C@H]1CC2=CC(=C(C=C2[C@H]([C@@H]1COC)C3=CC4=C(C=C3)OCO4)OC)OC,0.061057203,0.42258862,0.10586223,0.19650269,0,Inactive (0/3),0.85714287,0.7518248,0.43076923,1,1,1,True,False,Lintetralin,11361584,Phyllanthus niruri,,
342,Aframodial,Zingiber officinale,21668974,C20H30O3,318.21949482,CC1(C)CCCC2(C)C1CCC1(CO1)C2CC=C(C=O)CC=O,C[C@]12CCCC([C@@H]1CC[C@]3([C@@H]2C/C=C(\CC=O)/C=O)CO3)(C)C,0.28226817,0.20488147,0.09980013,0.19564992,0,Inactive (0/3),0.8888889,0.54022986,0.53246754,1,1,1,True,False,Aframodial,21668974,Zingiber officinale,,
343,Acorenone B,Zingiber officinale,21674978,C15H24O,220.18271539,CC1=CCC2(CC1=O)C(C)CCC2C(C)C,C[C@H]1CC[C@H]([C@@]12CC=C(C(=O)C2)C)C(C)C,0.15820915,0.33198768,0.06459452,0.18493044,0,Inactive (0/3),0.7777778,0.45679012,0.49367088,1,1,1,True,False,Acorenone B,21674978,Zingiber officinale,,
344,Safrole,Forsythia suspensa,5144,C10H10O2,162.06807956,C=CCc1ccc2c(c1)OCO2,C=CCC1=CC2=C(C=C1)OCO2,0.048480313,0.41443163,0.07843646,0.18044947,0,Inactive (0/3),0.5555556,0.7153846,0.38636363,1,1,1,True,False,Safrole,5144,Forsythia suspensa | Zingiber officinale,,
345,Camphor,Curcuma xanthorrhiza,2537,C10H16O,152.12011513,CC12CCC(CC1=O)C2(C)C,CC1(C2CCC1(C(=O)C2)C)C,0.14786984,0.3401064,0.040011127,0.17599578,0,Inactive (0/3),0.85714287,0.5522388,0.5,1,1,1,True,True,Camphor | (+)-2-Bornanone | (-)-Camphor,2537 | 159055 | 444294,Curcuma xanthorrhiza | Forsythia suspensa | Zingiber officinale,,
346,"Stigmast-4-en-3,6-dione",Zingiber officinale,5490007,C29H46O2,426.34978071,CCC(CCC(C)C1CCC2C3CC(=O)C4=CC(=O)CCC4(C)C3CCC12C)C(C)C,CC[C@H](CC[C@@H](C)[C@H]1CC[C@@H]2[C@@]1(CC[C@H]3[C@H]2CC(=O)C4=CC(=O)CC[C@]34C)C)C(C)C,0.15820915,0.29496956,0.06997153,0.1743834,0,Inactive (0/3),0.7777778,0.575,0.5,1,1,1,True,False,"Stigmast-4-en-3,6-dione",5490007,Zingiber officinale,,
347,Farnesyl cyanide,Zingiber officinale,5365886,C16H25N,231.1986998,CC(C)=CCCC(C)=CCCC(C)=CCC#N,CC(=CCC/C(=C/CC/C(=C/CC#N)/C)/C)C,0.16692427,0.30042323,0.05410518,0.17381756,0,Inactive (0/3),0.6,0.325,0.37931034,1,1,1,True,False,Farnesyl cyanide,5365886,Zingiber officinale,,
348,Germacrone,Curcuma xanthorrhiza,6436348,C15H22O,218.16706532,CC1=CCC(=C(C)C)C(=O)CC(C)=CCC1,C/C/1=C\CC(=C(C)C)C(=O)C/C(=C/CC1)/C,0.18920667,0.29688427,0.034034356,0.17337508,0,Inactive (0/3),0.625,0.3723404,0.41379312,1,1,1,True,False,Germacrone,6436348,Curcuma xanthorrhiza,,
349,Propanal,Zingiber officinale,527,C3H6O,58.04186481,CCC=O,CCC=O,0.103744276,0.31138608,0.08518215,0.16677083,0,Inactive (0/3),0.5,0.3,0.33333334,1,1,1,True,False,Propanal,527,Zingiber officinale,,
350,"(E,E)-Farnesal",Zingiber officinale,68150,C15H24O,220.18271539,CC(C)=CCCC(C)=CCCC(C)=CC=O,CC(=CCC/C(=C/CC/C(=C/C=O)/C)/C)C,0.18920667,0.24700592,0.053937234,0.16338329,0,Inactive (0/3),0.625,0.36734694,0.2972973,1,1,0,False,True,"(E,E)-Farnesal | Farnesal",68150 | 5280598,Zingiber officinale,,
351,trans-Citral,Forsythia suspensa,638011,C10H16O,152.12011513,CC(C)=CCCC(C)=CC=O,CC(=CCC/C(=C/C=O)/C)C,0.18920667,0.24700592,0.053937234,0.16338329,0,Inactive (0/3),0.625,0.36734694,0.2972973,1,1,0,False,True,trans-Citral | cis-Citral | Citral,638011 | 643779,Forsythia suspensa | Melissa officinalis | Zingiber officinale,,
352,Lauraldehyde,Zingiber officinale,8194,C12H24O,184.18271539,CCCCCCCCCCCC=O,CCCCCCCCCCCC=O,0.103744276,0.3277694,0.05091894,0.16081087,0,Inactive (0/3),0.5,0.36363637,0.27906978,1,1,0,False,False,Lauraldehyde,8194,Zingiber officinale,,
353,Decanal,Zingiber officinale,8175,C10H20O,156.15141526,CCCCCCCCCC=O,CCCCCCCCCC=O,0.103744276,0.3277694,0.05091894,0.16081087,0,Inactive (0/3),0.5,0.36363637,0.27906978,1,1,0,False,False,Decanal,8175,Zingiber officinale,,
354,Octanal,Zingiber officinale,454,C8H16O,128.12011513,CCCCCCCC=O,CCCCCCCC=O,0.103744276,0.3277694,0.0502619,0.16059186,0,Inactive (0/3),0.5,0.36363637,0.2857143,1,1,0,False,False,Octanal,454,Zingiber officinale,,
355,Phyltetralin,Phyllanthus niruri,11223782,C24H32O6,416.21988875,COCC1Cc2cc(OC)c(OC)cc2C(c2ccc(OC)c(OC)c2)C1COC,COC[C@H]1CC2=CC(=C(C=C2[C@H]([C@@H]1COC)C3=CC(=C(C=C3)OC)OC)OC)OC,0.061057203,0.32328424,0.09173312,0.15869153,0,Inactive (0/3),0.85714287,0.7923077,0.5081967,1,1,1,True,False,Phyltetralin,11223782,Phyllanthus niruri,,
356,alpha-Agarofuran,Zingiber officinale,10857022,C15H24O,220.18271539,CC1=CCCC2(C)CCC3CC12OC3(C)C,CC1=CCC[C@@]2([C@]13C[C@@H](CC2)C(O3)(C)C)C,0.14908005,0.19998962,0.11957682,0.1562155,0,Inactive (0/3),0.875,0.60227275,0.57746476,1,1,1,True,False,alpha-Agarofuran,10857022,Zingiber officinale,,
357,Zerumbone,Zingiber officinale,5470187,C15H22O,218.16706532,CC1=CCC(C)(C)C=CC(=O)C(C)=CCC1,C/C/1=C\CC(/C=C/C(=O)/C(=C/CC1)/C)(C)C,0.16060121,0.29154718,0.015328541,0.15582564,0,Inactive (0/3),0.6666667,0.3723404,0.3970588,1,1,1,True,False,Zerumbone,5470187,Zingiber officinale,,
358,Teresantanane,Zingiber officinale,79035,C10H16,136.12520051,CC1(C)C2CC3C(C2)C31C,CC1(C2CC3C1(C3C2)C)C,0.05532131,0.34626094,0.057772145,0.15311813,0,Inactive (0/3),0.8,0.4117647,0.4893617,1,1,1,True,False,Teresantanane,79035,Zingiber officinale,,
359,Patchoulane,Zingiber officinale,29408,C15H26,206.20345083,CC1CCC23C(C)CCC(CC12)C3(C)C,CC1CCC23C1CC(C2(C)C)CCC3C,0.05532131,0.34500122,0.055488598,0.15193705,0,Inactive (0/3),0.8,0.46938777,0.5319149,1,1,1,True,False,Patchoulane,29408,Zingiber officinale,,
360,Butanal,Zingiber officinale,261,C4H8O,72.05751488,CCCC=O,CCCC=O,0.103744276,0.30374157,0.048056908,0.15184759,0,Inactive (0/3),0.5,0.3030303,0.29166666,1,1,0,False,False,Butanal,261,Zingiber officinale,,
361,Methyleugenol,Zingiber officinale,7127,C11H14O2,178.09937969,C=CCc1ccc(OC)c(OC)c1,COC1=C(C=C(C=C1)CC=C)OC,0.09105042,0.31458104,0.048631128,0.15142086,0,Inactive (0/3),0.5833333,0.7642276,0.5897436,1,1,1,True,False,Methyleugenol,7127,Zingiber officinale,,
362,Limonene oxide,Zingiber officinale,91496,C10H16O,152.12011513,C=C(C)C1CCC2(C)OC2C1,CC(=C)C1CCC2(C(C1)O2)C,0.10186581,0.26149887,0.08962207,0.15099558,0,Inactive (0/3),0.6666667,0.46067417,0.4918033,1,1,1,True,False,Limonene oxide,91496,Zingiber officinale,,
363,alpha-Cedrene,Zingiber officinale,6431015,C15H24,204.18780077,CC1=CCC23CC1C(C)(C)C2CCC3C,C[C@@H]1CC[C@@H]2[C@]13CC=C([C@H](C3)C2(C)C)C,0.10554279,0.28323078,0.063888855,0.15088747,0,Inactive (0/3),0.75,0.4047619,0.46,1,1,1,True,False,alpha-Cedrene,6431015,Zingiber officinale,,
364,Hexanal,Zingiber officinale,6184,C6H12O,100.08881501,CCCCCC=O,CCCCCC=O,0.103744276,0.3154401,0.032735538,0.15063997,0,Inactive (0/3),0.5,0.3529412,0.34285715,1,1,1,True,False,Hexanal,6184,Zingiber officinale,,
365,Phyllanthin,Phyllanthus niruri,358901,C24H34O6,418.23553882,COCC(Cc1ccc(OC)c(OC)c1)C(COC)Cc1ccc(OC)c(OC)c1,COC[C@@H](CC1=CC(=C(C=C1)OC)OC)[C@H](CC2=CC(=C(C=C2)OC)OC)COC,0.061057206,0.3435107,0.045756545,0.15010814,0,Inactive (0/3),0.85714287,0.816,0.50877196,1,1,1,True,False,Phyllanthin,358901,Phyllanthus niruri,,
366,3-Methyl-butanal,Zingiber officinale,11552,C5H10O,86.07316494,CC(C)CC=O,CC(C)CC=O,0.105660185,0.29000762,0.05166705,0.14911161,0,Inactive (0/3),0.625,0.3529412,0.4516129,1,1,1,True,False,3-Methyl-butanal,11552,Zingiber officinale,,
367,Decane,Zingiber officinale,15600,C10H22,142.1721507,CCCCCCCCCC,CCCCCCCCCC,0.023222566,0.39587477,0.027253937,0.14878376,0,Inactive (0/3),0.4,0.33333334,0.32352942,1,1,1,True,False,Decane,15600,Zingiber officinale,,
368,Nonane,Zingiber officinale,8141,C9H20,128.15650064,CCCCCCCCC,CCCCCCCCC,0.023222566,0.39587477,0.027253937,0.14878376,0,Inactive (0/3),0.4,0.33333334,0.32352942,1,1,1,True,False,Nonane,8141,Zingiber officinale,,
369,Tridecane,Zingiber officinale,12388,C13H28,184.21910089,CCCCCCCCCCCCC,CCCCCCCCCCCCC,0.023222566,0.39587477,0.027253937,0.14878376,0,Inactive (0/3),0.4,0.33333334,0.32352942,1,1,1,True,False,Tridecane,12388,Zingiber officinale,,
370,Octane,Zingiber officinale,356,C8H18,114.14085057,CCCCCCCC,CCCCCCCC,0.023222566,0.39587477,0.02684568,0.14864767,0,Inactive (0/3),0.4,0.33333334,0.33333334,1,1,1,True,False,Octane,356,Zingiber officinale,,
371,(+)-Cyclosativene,Zingiber officinale,138394132,C15H24,204.18780077,CC(C)C1CCC2(C)C3CC4C(C13)C42C,CC(C)[C@@H]1CC[C@]2([C@H]3[C@@H]1C4C2([C@H]4C3)C)C,0.055321317,0.332434,0.056639854,0.14813173,0,Inactive (0/3),0.8,0.4509804,0.5,1,1,1,True,False,(+)-Cyclosativene,138394132,Zingiber officinale,,
372,(+)-beta-Atlantone,Curcuma xanthorrhiza,181580,C15H22O,218.16706532,C=C(CC(=O)C=C(C)C)C1CC=C(C)CC1,CC1=CC[C@@H](CC1)C(=C)CC(=O)C=C(C)C,0.09386692,0.2906141,0.053392638,0.14595789,0,Inactive (0/3),0.7777778,0.4574468,0.5,1,1,1,True,False,(+)-beta-Atlantone,181580,Curcuma xanthorrhiza,,
373,Octacosane,Zingiber officinale,12408,C28H58,394.45385185,CCCCCCCCCCCCCCCCCCCCCCCCCCCC,CCCCCCCCCCCCCCCCCCCCCCCCCCCC,0.023222566,0.38098097,0.027253937,0.14381915,0,Inactive (0/3),0.4,0.3243243,0.32352942,1,1,1,True,False,Octacosane,12408,Zingiber officinale,,
374,Nonacosane,Zingiber officinale,12409,C29H60,408.46950191,CCCCCCCCCCCCCCCCCCCCCCCCCCCCC,CCCCCCCCCCCCCCCCCCCCCCCCCCCCC,0.023222566,0.38098097,0.027253937,0.14381915,0,Inactive (0/3),0.4,0.3243243,0.32352942,1,1,1,True,False,Nonacosane,12409,Zingiber officinale,,
375,Triacontane,Zingiber officinale,12535,C33H68,464.53210217,CCCCCCCCCCCCCCCCCCCCCCCCCCCCCC,CCCCCCCCCCCCCCCCCCCCCCCCCCCCCC,0.023222566,0.38098097,0.027253937,0.14381915,0,Inactive (0/3),0.4,0.3243243,0.32352942,1,1,1,True,False,Triacontane,12535,Zingiber officinale,,
376,Myrtenal,Zingiber officinale,61130,C10H14O,150.10446507,CC1(C)C2CC=C(C=O)C1C2,CC1(C2CC=C(C1C2)C=O)C,0.15820915,0.15943885,0.11368327,0.14377709,0,Inactive (0/3),0.7777778,0.4408602,0.42465752,1,1,1,True,False,Myrtenal | (1R)-(-)-Myrtenal,61130,Zingiber officinale,,
377,5-Ketooctanal,Melissa officinalis,12538121,C8H14O2,142.09937969,CCCC(=O)CCCC=O,CCCC(=O)CCCC=O,0.18920667,0.2081922,0.02847212,0.141957,0,Inactive (0/3),0.625,0.3768116,0.30985916,1,1,1,True,False,5-Ketooctanal,12538121,Melissa officinalis,,
378,Isooctane,Zingiber officinale,10907,C8H18,114.14085057,CC(C)CC(C)(C)C,CC(C)CC(C)(C)C,0.05532131,0.34293902,0.027126929,0.14179575,0,Inactive (0/3),0.8,0.42857143,0.4864865,1,1,1,True,False,Isooctane,10907,Zingiber officinale,,
379,alpha-Santalene,Zingiber officinale,94164,C15H24,204.18780077,CC(C)=CCCC1(C)C2CC3C(C2)C31C,CC(=CCCC1(C2CC3C1(C3C2)C)C)C,0.10554279,0.2834534,0.03417616,0.14105745,0,Inactive (0/3),0.75,0.35955057,0.46341464,1,1,1,True,False,alpha-Santalene,94164,Zingiber officinale,,
380,Nonenal,Zingiber officinale,17166,C9H16O,140.12011513,CCCCCCC=CC=O,CCCCCCC=CC=O,0.10374428,0.28282487,0.034865,0.14047806,0,Inactive (0/3),0.5,0.38,0.3181818,1,1,1,True,False,Nonenal,17166,Zingiber officinale,,
381,9-Octadecenal,Zingiber officinale,5283381,C18H34O,266.26096571,CCCCCCCCC=CCCCCCCCC=O,CCCCCCCC/C=C/CCCCCCCC=O,0.103744276,0.25529352,0.05674291,0.13859357,0,Inactive (0/3),0.5,0.36956522,0.29411766,1,1,0,False,False,9-Octadecenal,5283381,Zingiber officinale,,
382,(2E)-Octenal,Zingiber officinale,5283324,C8H14O,126.10446507,CCCCCC=CC=O,CCCCC/C=C/C=O,0.103744276,0.2778502,0.0329893,0.1381946,0,Inactive (0/3),0.5,0.3877551,0.33333334,1,1,1,True,False,(2E)-Octenal,5283324,Zingiber officinale,,
383,"9,12-Octadecadienal",Zingiber officinale,5283383,C18H32O,264.24531564,CCCCCC=CCC=CCCCCCCCC=O,CCCCC/C=C/C/C=C/CCCCCCCC=O,0.103744276,0.25529352,0.05529604,0.13811128,0,Inactive (0/3),0.5,0.36956522,0.30612245,1,1,1,True,False,"9,12-Octadecadienal",5283383,Zingiber officinale,,
384,(+)-alpha-Atlantone,Zingiber officinale,12299868,C15H22O,218.16706532,CC(C)=CC(=O)C=C(C)C1CC=C(C)CC1,CC1=CC[C@@H](CC1)/C(=C/C(=O)C=C(C)C)/C,0.1171492,0.26655683,0.029467264,0.13772443,0,Inactive (0/3),0.75,0.39759037,0.43103448,1,1,1,True,False,(+)-alpha-Atlantone,12299868,Zingiber officinale,,
385,"9,12,15-Octadecatrienal",Zingiber officinale,5283384,C18H30O,262.22966558,CCC=CCC=CCC=CCCCCCCCC=O,CC/C=C/C/C=C/C/C=C/CCCCCCCC=O,0.103744276,0.25529352,0.05056163,0.13653314,0,Inactive (0/3),0.5,0.36956522,0.32608697,1,1,1,True,False,"9,12,15-Octadecatrienal",5283384,Zingiber officinale,,
386,(-)-beta-Caryophyllene epoxide,Curcuma xanthorrhiza,1742210,C15H24O,220.18271539,C=C1CCC2OC2(C)CCC2C1CC2(C)C,C[C@@]12CC[C@@H]3[C@H](CC3(C)C)C(=C)CC[C@H]1O2,0.10186581,0.18897535,0.11875454,0.1365319,0,Inactive (0/3),0.6666667,0.5232558,0.57575756,1,1,1,True,False,(-)-beta-Caryophyllene epoxide,1742210,Curcuma xanthorrhiza | Zingiber officinale,,
387,allo-Aromadendrene,Zingiber officinale,42608158,C15H24,204.18780077,C=C1CCC2C(C3C(C)CCC13)C2(C)C,C[C@@H]1CC[C@H]2[C@@H]1C3C(C3(C)C)CCC2=C,0.038724422,0.31417006,0.05512363,0.13600604,0,Inactive (0/3),0.625,0.35185185,0.43137255,1,1,1,True,False,allo-Aromadendrene,42608158,Zingiber officinale,,
388,"2,4-Decadienal",Zingiber officinale,5283349,C10H16O,152.12011513,CCCCCC=CC=CC=O,CCCCC/C=C/C=C/C=O,0.103744276,0.26999718,0.0329893,0.13557692,0,Inactive (0/3),0.5,0.37254903,0.33333334,1,1,1,True,False,"2,4-Decadienal",5283349,Zingiber officinale,,
389,(E)-beta-Ocimene,Curcuma xanthorrhiza,5281553,C10H16,136.12520051,C=CC(C)=CCC=C(C)C,CC(=CC/C=C(\C)/C=C)C,0.03466446,0.28601018,0.08508149,0.13525204,0,Inactive (0/3),0.5555556,0.3255814,0.26086956,1,1,0,False,True,(E)-beta-Ocimene | cis-beta-Ocimene | cis-ocimene | (E)-Ocimene,5281553 | 5320250,Curcuma xanthorrhiza | Zingiber officinale,,
390,Germacrene B,Zingiber officinale,5281519,C15H24,204.18780077,CC1=CCC(=C(C)C)CCC(C)=CCC1,C/C/1=C\CC/C(=C/CC(=C(C)C)CC1)/C,0.041377466,0.30926034,0.054406475,0.13501476,0,Inactive (0/3),0.5,0.30379745,0.375,1,1,1,True,False,Germacrene B,5281519,Zingiber officinale,,
391,Pulegone,Melissa officinalis,442495,C10H16O,152.12011513,CC(C)=C1CCC(C)CC1=O,C[C@@H]1CCC(=C(C)C)C(=O)C1,0.0931607,0.29123312,0.020003716,0.13479918,0,Inactive (0/3),0.71428573,0.41935483,0.5483871,1,1,1,True,False,Pulegone,442495,Melissa officinalis,,
392,"1,3,5-Tris(methylene)cycloheptane",Zingiber officinale,562636,C10H14,134.10955045,C=C1CCC(=C)CC(=C)C1,C=C1CCC(=C)CC(=C)C1,0.023733271,0.3243806,0.055140268,0.13441806,0,Inactive (0/3),0.33333334,0.27906978,0.34375,1,0,1,False,False,"1,3,5-Tris(methylene)cycloheptane",562636,Zingiber officinale,,
393,Lycopene,Zingiber officinale,446925,C40H56,536.43820179,CC(C)=CCCC(C)=CC=CC(C)=CC=CC(C)=CC=CC=C(C)C=CC=C(C)C=CC=C(C)CCC=C(C)C,CC(=CCC/C(=C/C=C/C(=C/C=C/C(=C/C=C/C=C(/C=C/C=C(/C=C/C=C(/CCC=C(C)C)\C)\C)\C)/C)/C)/C)C,0.041377466,0.31907102,0.040790737,0.1337464,0,Inactive (0/3),0.5,0.29787233,0.32,1,0,1,False,False,Lycopene,446925,Zingiber officinale,,
394,2-Methyl undecane,Zingiber officinale,23459,C12H26,170.20345083,CCCCCCCCCC(C)C,CCCCCCCCCC(C)C,0.02113669,0.36036938,0.015993163,0.13249974,0,Inactive (0/3),0.6,0.4722222,0.5,1,1,1,True,False,2-Methyl undecane,23459,Zingiber officinale,,
395,2-Methyl nonane,Zingiber officinale,13379,C10H22,142.1721507,CCCCCCCC(C)C,CCCCCCCC(C)C,0.02113669,0.36036938,0.01571641,0.1324075,0,Inactive (0/3),0.6,0.4722222,0.51428574,1,1,1,True,False,2-Methyl nonane,13379,Zingiber officinale,,
396,Cryptone,Zingiber officinale,92780,C9H14O,138.10446507,CC(C)C1C=CC(=O)CC1,CC(C)C1CCC(=O)C=C1,0.1171492,0.24453829,0.033751506,0.131813,0,Inactive (0/3),0.75,0.4526316,0.47692308,1,1,1,True,False,Cryptone,92780,Zingiber officinale,,
397,Camphene,Zingiber officinale,6616,C10H16,136.12520051,C=C1C2CCC(C2)C1(C)C,CC1(C2CCC(C2)C1=C)C,0.038724422,0.31359938,0.03971634,0.13068004,0,Inactive (0/3),0.625,0.375,0.5,1,1,1,True,False,Camphene,6616,Zingiber officinale,,
398,beta-Funebrene,Zingiber officinale,11106485,C15H24,204.18780077,C=C1CCC23CC1C(C)(C)C2CCC3C,C[C@@H]1CC[C@@H]2[C@]13CCC(=C)[C@H](C3)C2(C)C,0.038724422,0.30226487,0.048615225,0.12986816,0,Inactive (0/3),0.625,0.4181818,0.5102041,1,1,1,True,False,beta-Funebrene,11106485,Zingiber officinale,,
399,alpha-Terpinolene,Curcuma xanthorrhiza,11463,C10H16,136.12520051,CC1=CCC(=C(C)C)CC1,CC1=CCC(=C(C)C)CC1,0.041377466,0.29230037,0.054207608,0.12929516,0,Inactive (0/3),0.5,0.33766234,0.40625,1,1,1,True,False,alpha-Terpinolene,11463,Curcuma xanthorrhiza | Zingiber officinale,,
400,Longifolene,Zingiber officinale,1796220,C15H24,204.18780077,C=C1C2CCC3C2C(C)(C)CCCC13C,C[C@]12CCCC([C@@H]3[C@H]1CC[C@@H]3C2=C)(C)C,0.038724422,0.30655482,0.042278275,0.12918584,0,Inactive (0/3),0.625,0.36206895,0.4878049,1,1,1,True,False,Longifolene,1796220,Zingiber officinale,,
401,1-Hexadecene,Zingiber officinale,12395,C16H32,224.25040102,C=CCCCCCCCCCCCCCC,CCCCCCCCCCCCCCC=C,0.025018105,0.32896072,0.029203542,0.12772745,0,Inactive (0/3),0.44444445,0.33333334,0.33333334,1,1,1,True,False,1-Hexadecene,12395,Zingiber officinale,,
402,Perillene,Zingiber officinale,68316,C10H14O,150.10446507,CC(C)=CCCc1ccoc1,CC(=CCCC1=COC=C1)C,0.12353437,0.21238895,0.047220748,0.1277147,0,Inactive (0/3),0.6666667,0.6859504,0.25925925,1,1,0,False,False,Perillene,68316,Zingiber officinale,,
403,Bisabolene,Zingiber officinale,62346,C15H24,204.18780077,CC(C)=CCCC(C)=C1CC=C(C)CC1,CC1=CCC(=C(C)CCC=C(C)C)CC1,0.041377466,0.29230037,0.049294926,0.12765759,0,Inactive (0/3),0.5,0.33766234,0.3939394,1,1,1,True,False,Bisabolene,62346,Zingiber officinale,,
404,"2,6-Dimethylocta-2,6-diene",Zingiber officinale,137614,C10H18,138.14085057,CC=C(C)CCC=C(C)C,CC=C(C)CCC=C(C)C,0.041377466,0.2966306,0.04142415,0.1264774,0,Inactive (0/3),0.5,0.30232558,0.3030303,1,1,1,True,False,"2,6-Dimethylocta-2,6-diene",137614,Zingiber officinale,,
405,(R)-Citronellal,Melissa officinalis,7794,C10H18O,154.1357652,CC(C)=CCCC(C)CC=O,C[C@H](CCC=C(C)C)CC=O,0.1171492,0.22882317,0.03270752,0.12622662,0,Inactive (0/3),0.75,0.39130434,0.40983605,1,1,1,True,True,(R)-Citronellal | Citronellal | Rhodinal,7794 | 75427,Melissa officinalis | Zingiber officinale,,
406,"1,8-Cineol",Curcuma xanthorrhiza,2758,C10H18O,154.1357652,CC12CCC(CC1)C(C)(C)O2,CC1(C2CCC(O1)(CC2)C)C,0.07813526,0.21548437,0.08385966,0.12582643,0,Inactive (0/3),0.6666667,0.4852941,0.48101267,1,1,1,True,False,"1,8-Cineol",2758,Curcuma xanthorrhiza | Zingiber officinale,,
407,Humulene epoxide,Curcuma xanthorrhiza,5352470,C15H24O,220.18271539,CC1=CCCC2(C)OC2CC(C)(C)C=CC1,C/C/1=C\CCC2(C(O2)CC(/C=C/C1)(C)C)C,0.14908005,0.17037241,0.054808702,0.12475372,0,Inactive (0/3),0.875,0.49411765,0.52238804,1,1,1,True,False,Humulene epoxide,5352470,Curcuma xanthorrhiza,,
408,Viridiflorene,Zingiber officinale,10910653,C15H24,204.18780077,CC1=C2CCC(C)C2C2C(CC1)C2(C)C,C[C@@H]1CCC2=C(CC[C@@H]3[C@H]([C@H]12)C3(C)C)C,0.07932532,0.24583648,0.04409687,0.12308622,0,Inactive (0/3),0.71428573,0.35185185,0.4117647,1,1,1,True,False,Viridiflorene,10910653,Zingiber officinale,,
409,beta-Himachalene,Zingiber officinale,11586487,C15H24,204.18780077,CC1=CC2C(=C(C)CCCC2(C)C)CC1,CC1=C[C@H]2C(=C(CCCC2(C)C)C)CC1,0.10554279,0.24300903,0.020160696,0.122904174,0,Inactive (0/3),0.75,0.425,0.44186047,1,1,1,True,False,beta-Himachalene,11586487,Zingiber officinale,,
410,trans-beta-Guaiene,Zingiber officinale,92173696,C15H24,204.18780077,CC(C)=C1CCC(C)C2=C(C1)C(C)CC2,C[C@H]1CCC(=C(C)C)CC2=C1CC[C@H]2C,0.027653553,0.30588257,0.03451575,0.122683965,0,Inactive (0/3),0.5714286,0.36734694,0.48387095,1,1,1,True,False,trans-beta-Guaiene,92173696,Zingiber officinale,,
411,alpha-Ocimene,Zingiber officinale,5320249,C10H16,136.12520051,C=CC(C)=CCCC(=C)C,CC(=C)CC/C=C(\C)/C=C,0.03466446,0.28443462,0.04464947,0.12124952,0,Inactive (0/3),0.5555556,0.31111112,0.32258064,1,1,1,True,False,alpha-Ocimene,5320249,Zingiber officinale,,
412,DMNT,Zingiber officinale,6427110,C11H18,150.14085057,C=CC=C(C)CCC=C(C)C,CC(=CCC/C(=C/C=C)/C)C,0.03466446,0.28443462,0.041731883,0.12027699,0,Inactive (0/3),0.5555556,0.31111112,0.29411766,1,1,0,False,False,DMNT,6427110,Zingiber officinale,,
413,alpha-Farnesene,Zingiber officinale,5281516,C15H24,204.18780077,C=CC(C)=CCC=C(C)CCC=C(C)C,CC(=CCC/C(=C/C/C=C(\C)/C=C)/C)C,0.03466446,0.28443462,0.041731883,0.12027699,0,Inactive (0/3),0.5555556,0.31111112,0.29411766,1,1,0,False,False,alpha-Farnesene,5281516,Zingiber officinale,,
414,beta-Myrcene,Curcuma xanthorrhiza,31253,C10H16,136.12520051,C=CC(=C)CCC=C(C)C,CC(=CCCC(=C)C=C)C,0.03466447,0.28362158,0.041731883,0.12000597,0,Inactive (0/3),0.5555556,0.3181818,0.29411766,1,1,0,False,False,beta-Myrcene,31253,Curcuma xanthorrhiza | Forsythia suspensa | Melissa officinalis | Zingiber officinale,,
415,(E)-beta-Farnesene,Zingiber officinale,5281517,C15H24,204.18780077,C=CC(=C)CCC=C(C)CCC=C(C)C,CC(=CCC/C(=C/CCC(=C)C=C)/C)C,0.03466446,0.28362158,0.041731883,0.12000597,0,Inactive (0/3),0.5555556,0.3181818,0.29411766,1,1,0,False,True,(E)-beta-Farnesene | cis-beta-Farnesene,5281517 | 5317319,Zingiber officinale,,
416,alpha-Cubebene,Zingiber officinale,442359,C15H24,204.18780077,CC1=CCC23C(C)CCC(C(C)C)C2C13,C[C@@H]1CC[C@H]([C@H]2[C@]13[C@@H]2C(=CC3)C)C(C)C,0.10554279,0.2096961,0.044225466,0.11982145,0,Inactive (0/3),0.75,0.4,0.4528302,1,1,1,True,False,alpha-Cubebene,442359,Zingiber officinale,,
417,3-Carene,Melissa officinalis,26049,C10H16,136.12520051,CC1=CCC2C(C1)C2(C)C,CC1=CCC2C(C1)C2(C)C,0.10554279,0.21318802,0.04034217,0.11969099,0,Inactive (0/3),0.75,0.425,0.43243244,1,1,1,True,True,3-Carene | (+)-Carene | Carene,26049 | 442461,Melissa officinalis | Zingiber officinale,,
418,gamma-Terpinene,Zingiber officinale,7461,C10H16,136.12520051,CC1=CCC(C(C)C)=CC1,CC1=CCC(=CC1)C(C)C,0.037076198,0.2774584,0.04320013,0.11924491,0,Inactive (0/3),0.625,0.35064936,0.5,1,1,1,True,False,gamma-Terpinene,7461,Zingiber officinale,,
419,4-Carene,Zingiber officinale,530422,C10H16,136.12520051,CC1C=CC2C(C1)C2(C)C,CC1CC2C(C2(C)C)C=C1,0.10833163,0.21051437,0.03843422,0.119093396,0,Inactive (0/3),0.6666667,0.4125,0.4090909,1,1,1,True,False,4-Carene,530422,Zingiber officinale,,
420,"2,3-Trimethylenenorbornane",Zingiber officinale,17795,C10H16,136.12520051,C1CC2C3CCC(C3)C2C1,C1CC2C3CCC(C3)C2C1,0.015020241,0.30828252,0.031959936,0.1184209,0,Inactive (0/3),0.5,0.4,0.6551724,1,1,1,True,False,"2,3-Trimethylenenorbornane",17795,Zingiber officinale,,
421,delta-Selinene,Zingiber officinale,520383,C15H24,204.18780077,CC1=C2C=C(C(C)C)CCC2(C)CCC1,CC1=C2C=C(CCC2(CCC1)C)C(C)C,0.10554279,0.22869547,0.019546896,0.117928386,0,Inactive (0/3),0.75,0.41975307,0.39583334,1,1,1,True,False,delta-Selinene,520383,Zingiber officinale,,
422,alpha-Guaiene,Zingiber officinale,5317844,C15H24,204.18780077,C=C(C)C1CCC(C)C2=C(C1)C(C)CC2,C[C@H]1CC[C@H](CC2=C1CC[C@@H]2C)C(=C)C,0.024377769,0.2933505,0.03451575,0.117414676,0,Inactive (0/3),0.5555556,0.3529412,0.48387095,1,1,1,True,False,alpha-Guaiene,5317844,Zingiber officinale,,
423,beta-Carotene,Zingiber officinale,5280489,C40H56,536.43820179,CC(C=CC=C(C)C=CC1=C(C)CCCC1(C)C)=CC=CC=C(C)C=CC=C(C)C=CC1=C(C)CCCC1(C)C,CC1=C(C(CCC1)(C)C)/C=C/C(=C/C=C/C(=C/C=C/C=C(/C=C/C=C(/C=C/C2=C(CCCC2(C)C)C)\C)\C)/C)/C,0.090495944,0.24262887,0.018737283,0.11728737,0,Inactive (0/3),0.625,0.40963855,0.36842105,1,1,1,True,False,beta-Carotene,5280489,Zingiber officinale,,
424,Sesquithujene,Zingiber officinale,25147318,C15H24,204.18780077,CC(C)=CCCC(C)C12CC=C(C)C1C2,CC1=CC[C@]2([C@@H]1C2)[C@H](C)CCC=C(C)C,0.10554279,0.21936733,0.026684225,0.11719811,0,Inactive (0/3),0.75,0.3902439,0.4181818,1,1,1,True,False,Sesquithujene,25147318,Zingiber officinale,,
425,Isoledene,Zingiber officinale,530426,C15H24,204.18780077,CC1CCC2C(C3=C1CCC3C)C2(C)C,CC1CCC2C(C2(C)C)C3=C1CCC3C,0.07932532,0.24797125,0.024158057,0.117151536,0,Inactive (0/3),0.71428573,0.35849056,0.4,1,1,1,True,False,Isoledene,530426,Zingiber officinale,,
426,alpha-Bisabolene,Zingiber officinale,86597,C15H24,204.18780077,CC(C)=CCC=C(C)C1CC=C(C)CC1,CC1=CCC(CC1)C(=CCC=C(C)C)C,0.037076198,0.28121823,0.032805204,0.11703321,0,Inactive (0/3),0.625,0.38961038,0.5,1,1,1,True,False,alpha-Bisabolene,86597,Zingiber officinale,,
427,p-Menth-4(8)-ene,Zingiber officinale,517975,C10H18,138.14085057,CC(C)=C1CCC(C)CC1,CC1CCC(=C(C)C)CC1,0.027653553,0.29698518,0.024382377,0.11634037,0,Inactive (0/3),0.5714286,0.4,0.5483871,1,1,1,True,False,p-Menth-4(8)-ene,517975,Zingiber officinale,,
428,beta-Bisabolene,Zingiber officinale,10104370,C15H24,204.18780077,C=C(CCC=C(C)C)C1CC=C(C)CC1,CC1=CC[C@H](CC1)C(=C)CCC=C(C)C,0.029746175,0.2852495,0.031670235,0.11555531,0,Inactive (0/3),0.6666667,0.3846154,0.46875,1,1,1,True,False,beta-Bisabolene,10104370,Zingiber officinale,,
429,beta-Curcumene,Curcuma xanthorrhiza,6428461,C15H24,204.18780077,CC(C)=CCCC(C)C1=CCC(C)=CC1,CC1=CCC(=CC1)C(C)CCC=C(C)C,0.0370762,0.28121823,0.025977788,0.11475741,0,Inactive (0/3),0.625,0.38961038,0.5,1,1,1,True,False,beta-Curcumene,6428461,Curcuma xanthorrhiza | Zingiber officinale,,
430,Limonene,Curcuma xanthorrhiza,22311,C10H16,136.12520051,C=C(C)C1CC=C(C)CC1,CC1=CCC(CC1)C(=C)C,0.029746173,0.28121823,0.032805204,0.11458987,0,Inactive (0/3),0.6666667,0.38961038,0.5,1,1,1,True,True,Limonene | (+)-Limonene,22311 | 440917,Curcuma xanthorrhiza | Forsythia suspensa | Zingiber officinale,,
431,2-Carene,Zingiber officinale,79044,C10H16,136.12520051,CC1=CC2C(CC1)C2(C)C,CC1=CC2C(C2(C)C)CC1,0.10554279,0.21318802,0.02363224,0.11412102,0,Inactive (0/3),0.75,0.425,0.41025642,1,1,1,True,False,2-Carene,79044,Zingiber officinale,,
432,(R)-(+)-Verbenone,Zingiber officinale,65724,C10H14O,150.10446507,CC1=CC(=O)C2CC1C2(C)C,CC1=CC(=O)[C@@H]2C[C@H]1C2(C)C,0.15820915,0.14773962,0.036086533,0.114011765,0,Inactive (0/3),0.7777778,0.44827586,0.5135135,1,1,1,True,False,(R)-(+)-Verbenone,65724,Zingiber officinale,,
433,alpha-Gurjunene,Zingiber officinale,15560276,C15H24,204.18780077,CC1=C2C(CC1)C(C)CCC1C2C1(C)C,C[C@@H]1CC[C@@H]2[C@@H](C2(C)C)C3=C(CC[C@H]13)C,0.07932532,0.22266386,0.038747538,0.11357891,0,Inactive (0/3),0.71428573,0.35849056,0.40384614,1,1,1,True,False,alpha-Gurjunene,15560276,Zingiber officinale,,
434,beta-Terpinen,Zingiber officinale,66841,C10H16,136.12520051,C=C1CC=C(C(C)C)CC1,CC(C)C1=CCC(=C)CC1,0.029746173,0.2786413,0.031285003,0.11322417,0,Inactive (0/3),0.6666667,0.3846154,0.46666667,1,1,1,True,False,beta-Terpinen,66841,Zingiber officinale,,
435,alpha-Terpinene,Zingiber officinale,7462,C10H16,136.12520051,CC1=CC=C(C(C)C)CC1,CC1=CC=C(CC1)C(C)C,0.037076198,0.27070767,0.030402897,0.11272892,0,Inactive (0/3),0.625,0.37974682,0.5,1,1,1,True,False,alpha-Terpinene,7462,Zingiber officinale,,
436,alpha-Panasinsene,Zingiber officinale,578929,C15H24,204.18780077,CC1=CCCC2(C)CCC3C(C)(C)CC132,CC1=CCCC2(C13CC(C3CC2)(C)C)C,0.10554279,0.19018117,0.03836557,0.11136317,0,Inactive (0/3),0.75,0.4390244,0.42553192,1,1,1,True,False,alpha-Panasinsene,578929,Zingiber officinale,,
437,gamma-Curcumene,Zingiber officinale,12304273,C15H24,204.18780077,CC(C)=CCCC(C)C1=CC=C(C)CC1,CC1=CC=C(CC1)[C@H](C)CCC=C(C)C,0.037076198,0.26796582,0.027565414,0.11086915,0,Inactive (0/3),0.625,0.3875,0.46875,1,1,1,True,False,gamma-Curcumene,12304273,Zingiber officinale,,
438,"Selina-3,7-diene",Zingiber officinale,6429221,C15H24,204.18780077,CC1=CCCC2(C)CC=C(C(C)C)CC12,CC1=CCC[C@]2(C1CC(=CC2)C(C)C)C,0.105542794,0.19350627,0.030934425,0.10999449,0,Inactive (0/3),0.75,0.443038,0.44680852,1,1,1,True,False,"Selina-3,7-diene",6429221,Zingiber officinale,,
439,Calarene,Zingiber officinale,28481,C15H24,204.18780077,CC1CCC=C2CCC3C(C3(C)C)C21C,CC1CCC=C2C1(C3C(C3(C)C)CC2)C,0.105542794,0.19092518,0.025105413,0.10719112,0,Inactive (0/3),0.75,0.4390244,0.46153846,1,1,1,True,False,Calarene,28481,Zingiber officinale,,
440,(-)-cis-beta-Elemene,Zingiber officinale,641756,C15H24,204.18780077,C=CC1(C)CCC(C(=C)C)CC1C(=C)C,CC(=C)[C@@H]1CC[C@]([C@@H](C1)C(=C)C)(C)C=C,0.051403124,0.23360246,0.031005599,0.10533706,0,Inactive (0/3),0.6666667,0.43396226,0.5,1,1,1,True,True,(-)-cis-beta-Elemene | beta-Elemene | (-)-beta-Elemene,641756 | 6918391,Zingiber officinale,,
441,beta-Cubebene,Zingiber officinale,93081,C15H24,204.18780077,C=C1CCC23C(C)CCC(C(C)C)C2C13,C[C@@H]1CC[C@H]([C@H]2[C@]13[C@@H]2C(=C)CC3)C(C)C,0.038724422,0.21547276,0.05321144,0.10246954,0,Inactive (0/3),0.625,0.4107143,0.46153846,1,1,1,True,False,beta-Cubebene,93081,Zingiber officinale,,
442,alpha-Phellandrene,Zingiber officinale,7460,C10H16,136.12520051,CC1=CCC(C(C)C)C=C1,CC1=CCC(C=C1)C(C)C,0.0370762,0.2120547,0.057071343,0.10206741,0,Inactive (0/3),0.625,0.3625,0.45833334,1,1,1,True,False,alpha-Phellandrene,7460,Zingiber officinale,,
443,delta-Elemene,Zingiber officinale,12309449,C15H24,204.18780077,C=CC1(C)CCC(C(C)C)=CC1C(=C)C,CC(C)C1=C[C@@H]([C@@](CC1)(C)C=C)C(=C)C,0.051403124,0.21782535,0.030881856,0.10003678,0,Inactive (0/3),0.6666667,0.43037975,0.41666666,1,1,1,True,False,delta-Elemene,12309449,Zingiber officinale,,
444,(-)-gamma-Elemene,Zingiber officinale,94254,C15H24,204.18780077,C=CC1(C)CCC(=C(C)C)CC1C(=C)C,CC(=C1CC[C@]([C@H](C1)C(=C)C)(C)C=C)C,0.051403124,0.22063537,0.026123613,0.09938737,0,Inactive (0/3),0.6666667,0.425,0.5,1,1,1,True,True,(-)-gamma-Elemene | Elixene,94254 | 12309452,Zingiber officinale,,
445,beta-Cadinene,Zingiber officinale,10657,C15H24,204.18780077,CC1=CCC2C(C)=CCC(C(C)C)C2C1,CC1=CC[C@@H]2[C@@H](C1)[C@@H](CC=C2C)C(C)C,0.037076198,0.19090174,0.06820154,0.09872649,0,Inactive (0/3),0.625,0.42307693,0.46875,1,1,1,True,False,beta-Cadinene,10657,Zingiber officinale,,
446,4(10)-Thujene,Zingiber officinale,18818,C10H16,136.12520051,C=C1CCC2(C(C)C)CC12,CC(C)C12CCC(=C)C1C2,0.038724422,0.22677654,0.028650645,0.098050535,0,Inactive (0/3),0.625,0.37254903,0.4375,1,1,1,True,False,4(10)-Thujene,18818,Zingiber officinale,,
447,alpha-Pinene,Curcuma xanthorrhiza,6654,C10H16,136.12520051,CC1=CCC2CC1C2(C)C,CC1=CCC2CC1C2(C)C,0.10554279,0.14364995,0.044406403,0.09786638,0,Inactive (0/3),0.75,0.46753246,0.45238096,1,1,1,True,True,"alpha-Pinene | 1S,5S-(-)-alpha-Pinene",6654 | 440968,Curcuma xanthorrhiza | Forsythia suspensa | Zingiber officinale,,
448,alpha-Zingiberene,Zingiber officinale,11127403,C15H24,204.18780077,CC(C)=CCCC(C)C1C=CC(C)=CC1,CC1=CC[C@H](C=C1)[C@H](C)CCC=C(C)C,0.037076198,0.22041215,0.03412431,0.097204216,0,Inactive (0/3),0.625,0.3875,0.47058824,1,1,1,True,False,alpha-Zingiberene,11127403,Zingiber officinale,,
449,Germacrene D,Melissa officinalis,5317570,C15H24,204.18780077,C=C1C=CC(C(C)C)CCC(C)=CCC1,C/C/1=C\CCC(=C)/C=C/[C@@H](CC1)C(C)C,0.029746173,0.22234432,0.037704084,0.096598186,0,Inactive (0/3),0.6666667,0.36585367,0.5,1,1,1,True,False,Germacrene D | D-germacrene,5317570,Melissa officinalis | Zingiber officinale,,
450,Valencene,Zingiber officinale,9855795,C15H24,204.18780077,C=C(C)C1CCC2=CCCC(C)C2(C)C1,C[C@@H]1CCC=C2[C@]1(C[C@@H](CC2)C(=C)C)C,0.051403124,0.20258154,0.032244068,0.09540957,0,Inactive (0/3),0.6666667,0.4556962,0.5217391,1,1,1,True,False,Valencene,9855795,Zingiber officinale,,
451,(-)-alpha-Selinene,Zingiber officinale,10123,C15H24,204.18780077,C=C(C)C1CCC2(C)CCC=C(C)C2C1,CC1=CCCC2(C1CC(CC2)C(=C)C)C,0.051403124,0.20125358,0.030240996,0.094299234,0,Inactive (0/3),0.6666667,0.44444445,0.4864865,1,1,1,True,False,(-)-alpha-Selinene,10123,Zingiber officinale,,
452,2-(Ethylthio)propane,Zingiber officinale,21228,C5H12S,104.06597111,CCSC(C)C,CCSC(C)C,0.010410616,0.24482198,0.026550204,0.0939276,0,Inactive (0/3),0.5714286,0.30769232,0.3611111,1,1,1,True,False,2-(Ethylthio)propane,21228,Zingiber officinale,,
453,Cadinene,Zingiber officinale,3032853,C15H28,208.21910089,CC1C=CC2C(C)CCC(C(C)C)C2C1,C[C@H]1CC[C@H]([C@H]2[C@H]1C=C[C@@H](C2)C)C(C)C,0.03655385,0.20384146,0.039458785,0.0932847,0,Inactive (0/3),0.5,0.40425533,0.51428574,1,1,1,True,False,Cadinene,3032853,Zingiber officinale,,
454,Methyl allyl sulfide,Zingiber officinale,66282,C4H8S,88.03467099,C=CCSC,CSCC=C,0.01621551,0.22058588,0.041898753,0.092900045,0,Inactive (0/3),0.4,0.2857143,0.34375,1,0,1,False,False,Methyl allyl sulfide,66282,Zingiber officinale,,
455,"Cadina-1,4-diene",Zingiber officinale,6427091,C15H24,204.18780077,CC1=CC2C(=CC1)C(C)CCC2C(C)C,C[C@H]1CCC(C2C1=CCC(=C2)C)C(C)C,0.037076198,0.20232508,0.038395356,0.09259888,0,Inactive (0/3),0.625,0.41975307,0.5294118,1,1,1,True,False,"Cadina-1,4-diene",6427091,Zingiber officinale,,
456,beta-Sesquiphellandrene,Zingiber officinale,519764,C15H24,204.18780077,C=C1C=CC(C(C)CCC=C(C)C)CC1,C[C@@H](CCC=C(C)C)[C@H]1CCC(=C)C=C1,0.029746173,0.21205097,0.0359459,0.09258101,0,Inactive (0/3),0.6666667,0.39506173,0.5,1,1,1,True,True,beta-Sesquiphellandrene | Sesquiphellandrene,519764 | 12315492,Zingiber officinale,,
457,beta-Phellandrene,Forsythia suspensa,11142,C10H16,136.12520051,C=C1C=CC(C(C)C)CC1,CC(C)C1CCC(=C)C=C1,0.029746173,0.20888135,0.03846562,0.09236438,0,Inactive (0/3),0.6666667,0.4,0.5,1,1,1,True,False,beta-Phellandrene,11142,Forsythia suspensa | Zingiber officinale,,
458,alpha-Longipinene,Zingiber officinale,12311396,C15H24,204.18780077,CC1=CCC2C3C1C2(C)CCCC3(C)C,CC1=CC[C@@H]2[C@@H]3[C@H]1[C@]2(CCCC3(C)C)C,0.10554279,0.14055105,0.02897782,0.09169055,0,Inactive (0/3),0.75,0.45,0.41666666,1,1,1,True,False,alpha-Longipinene,12311396,Zingiber officinale,,
459,beta-Eudesmene,Zingiber officinale,442393,C15H24,204.18780077,C=C(C)C1CCC2(C)CCCC(=C)C2C1,CC(=C)[C@@H]1CC[C@]2(CCCC(=C)[C@@H]2C1)C,0.038724422,0.21340968,0.020905878,0.09101332,0,Inactive (0/3),0.625,0.49019608,0.5,1,1,1,True,False,beta-Eudesmene,442393,Zingiber officinale,,
460,trans-alpha-Bergamotene,Zingiber officinale,86608,C15H24,204.18780077,CC(C)=CCCC1(C)C2CC=C(C)C1C2,CC1=CC[C@H]2C[C@@H]1[C@]2(C)CCC=C(C)C,0.105542794,0.14341636,0.024080258,0.09101313,0,Inactive (0/3),0.75,0.46153846,0.42105263,1,1,1,True,True,trans-alpha-Bergamotene | cis-alpha-Bergamotene | alpha-Bergamotene,86608 | 6429302 | 6429303,Zingiber officinale,,
461,"trans-Cadina-1(6),4-diene",Zingiber officinale,10798255,C15H24,204.18780077,CC1=CC2=C(CC1)C(C)CCC2C(C)C,C[C@H]1CC[C@@H](C2=C1CCC(=C2)C)C(C)C,0.037076198,0.18857788,0.046224423,0.09062616,0,Inactive (0/3),0.625,0.4074074,0.47058824,1,1,1,True,False,"trans-Cadina-1(6),4-diene",10798255,Zingiber officinale,,
462,Zonarene,Zingiber officinale,6428488,C15H24,204.18780077,CC1=CC2=C(C(C)C)CCC(C)C2CC1,C[C@H]1CCC(=C2C1CCC(=C2)C)C(C)C,0.037076198,0.18857788,0.0460111,0.09055505,0,Inactive (0/3),0.625,0.4074074,0.4848485,1,1,1,True,False,Zonarene,6428488,Zingiber officinale,,
463,alpha-Muurolene,Zingiber officinale,101708,C15H24,204.18780077,CC1=CC2C(CC1)C(C)=CCC2C(C)C,CC1=C[C@@H]2[C@H](CC1)C(=CC[C@H]2C(C)C)C,0.037076198,0.19345984,0.039902434,0.090146154,0,Inactive (0/3),0.625,0.4177215,0.4848485,1,1,1,True,True,"alpha-Muurolene | 1,5-Cadinadiene",101708 | 12306047,Zingiber officinale,,
464,delta-Cadinene,Zingiber officinale,441005,C15H24,204.18780077,CC1=CC2C(=C(C)CCC2C(C)C)CC1,CC1=C[C@H]2[C@@H](CCC(=C2CC1)C)C(C)C,0.037076198,0.19345984,0.039902434,0.090146154,0,Inactive (0/3),0.625,0.4177215,0.4848485,1,1,1,True,False,delta-Cadinene,441005,Zingiber officinale,,
465,gamma-Cadinene,Zingiber officinale,6432404,C15H24,204.18780077,C=C1CCC(C(C)C)C2C=C(C)CCC12,CC1=C[C@@H]2[C@@H](CC1)C(=C)CC[C@H]2C(C)C,0.029746173,0.2035594,0.033413257,0.08890628,0,Inactive (0/3),0.6666667,0.425,0.54545456,1,1,1,True,True,gamma-Cadinene | gamma-Muurolene | gamma-Amorphene,6432404 | 12313019 | 12313020,Zingiber officinale,,
466,alpha-Copaene,Zingiber officinale,70678558,C15H24,204.18780077,CC1=CCC2C3C(C(C)C)CCC2(C)C13,CC1=CC[C@H]2[C@H]3C1[C@]2(CC[C@H]3C(C)C)C,0.10554279,0.12630084,0.034353565,0.0887324,0,Inactive (0/3),0.75,0.4691358,0.46,1,1,1,True,False,alpha-Copaene,70678558,Zingiber officinale,,
467,1-Epibicyclosesquiphellandrene,Zingiber officinale,10976597,C15H24,204.18780077,C=C1C=C2C(C(C)C)CCC(C)C2CC1,C[C@@H]1CC[C@H](C2=CC(=C)CC[C@@H]12)C(C)C,0.029746173,0.19637612,0.038283862,0.088135384,0,Inactive (0/3),0.6666667,0.42553192,0.51428574,1,1,1,True,True,"1-Epibicyclosesquiphellandrene | trans-Muurola-4(14),5-diene",10976597 | 91747125,Zingiber officinale,,
468,2-Isopropyl-5-methyl-9-methylene-bicyclo[4.4.0]dec-1-ene,Zingiber officinale,595137,C15H24,204.18780077,C=C1CCC2C(=C(C(C)C)CCC2C)C1,CC1CCC(=C2C1CCC(=C)C2)C(C)C,0.024377769,0.20073153,0.038283862,0.08779772,0,Inactive (0/3),0.5555556,0.42857143,0.51428574,1,1,1,True,False,2-Isopropyl-5-methyl-9-methylene-bicyclo[4.4.0]dec-1-ene,595137,Zingiber officinale,,
469,"Selina-4(14),7(11)-diene",Zingiber officinale,10655819,C15H24,204.18780077,C=C1CCCC2(C)CCC(=C(C)C)CC12,CC(=C1CC[C@]2(CCCC(=C)[C@@H]2C1)C)C,0.038724422,0.19904524,0.017780187,0.085183285,0,Inactive (0/3),0.625,0.4528302,0.5,1,1,1,True,False,"Selina-4(14),7(11)-diene",10655819,Zingiber officinale,,
470,beta-Caryophyllene,Curcuma xanthorrhiza,5281515,C15H24,204.18780077,C=C1CCC=C(C)CCC2C1CC2(C)C,C/C/1=C\CCC(=C)[C@H]2CC([C@@H]2CC1)(C)C,0.051403124,0.15631141,0.035588983,0.08110117,0,Inactive (0/3),0.6666667,0.425,0.47619048,1,1,1,True,True,beta-Caryophyllene | Isocaryophyllene,5281515 | 5281522,Curcuma xanthorrhiza | Melissa officinalis | Zingiber officinale,,
471,Curzerenone,Curcuma xanthorrhiza,3081930,C15H18O2,230.13067982,C=CC1(C)Cc2occ(C)c2C(=O)C1C(=C)C,CC1=COC2=C1C(=O)[C@@H]([C@@](C2)(C)C=C)C(=C)C,0.045772567,0.13378035,0.040409956,0.073320955,0,Inactive (0/3),0.71428573,0.71875,0.3617021,1,1,1,True,False,Curzerenone,3081930,Curcuma xanthorrhiza,,
472,m-Diethylbenzene,Zingiber officinale,8864,C10H14,134.10955045,CCc1cccc(CC)c1,CCC1=CC(=CC=C1)CC,0.019733671,0.11681583,0.08068686,0.072412126,0,Inactive (0/3),0.6666667,0.60674155,0.36842105,1,1,1,True,False,m-Diethylbenzene,8864,Zingiber officinale,,
473,Bergamotene,Zingiber officinale,521569,C15H24,204.18780077,C=C1CCC2CC1C2(C)CCC=C(C)C,CC(=CCCC1(C2CCC(=C)C1C2)C)C,0.051403128,0.14261474,0.020640368,0.071552746,0,Inactive (0/3),0.6666667,0.4556962,0.4864865,1,1,1,True,False,Bergamotene,521569,Zingiber officinale,,
474,ar-Curcumen-15-al,Zingiber officinale,10846393,C15H20O,216.15141526,CC(C)=CCCC(C)c1ccc(C=O)cc1,CC(CCC=C(C)C)C1=CC=C(C=C1)C=O,0.08171974,0.10945716,0.022947984,0.07137496,0,Inactive (0/3),0.8,0.74747473,0.3409091,1,1,1,True,False,ar-Curcumen-15-al,10846393,Zingiber officinale,,
475,Benzeneacetaldehyde,Zingiber officinale,998,C8H8O,120.05751488,O=CCc1ccccc1,C1=CC=C(C=C1)CC=O,0.042920623,0.11440989,0.05533515,0.07088855,0,Inactive (0/3),0.625,0.68085104,0.2857143,1,1,0,False,False,Benzeneacetaldehyde,998,Zingiber officinale,,
476,beta-Pinene,Curcuma xanthorrhiza,14896,C10H16,136.12520051,C=C1CCC2CC1C2(C)C,CC1(C2CCC(=C)C1C2)C,0.038724422,0.15041448,0.022876414,0.070671774,0,Inactive (0/3),0.625,0.42857143,0.4864865,1,1,1,True,True,beta-Pinene | (-)-beta-Pinene,14896 | 440967,Curcuma xanthorrhiza | Forsythia suspensa | Zingiber officinale,,
477,beta-Copaene,Zingiber officinale,25244198,C15H24,204.18780077,C=C1CCC2C3C(C(C)C)CCC2(C)C13,CC(C)[C@@H]1CC[C@]2([C@@H]3[C@H]1C2C(=C)CC3)C,0.038724422,0.13028353,0.035046477,0.068018146,0,Inactive (0/3),0.625,0.4716981,0.47916666,1,1,1,True,True,beta-Copaene | beta-Ylangene,25244198 | 57339298,Zingiber officinale,,
478,Alnustone,Curcuma xanthorrhiza,5317598,C19H18O,262.1357652,O=C(C=CC=Cc1ccccc1)CCc1ccccc1,C1=CC=C(C=C1)CCC(=O)/C=C/C=C/C2=CC=CC=C2,0.069431886,0.110739924,0.02178021,0.06731734,0,Inactive (0/3),0.75,0.6875,0.3043478,1,1,1,True,False,Alnustone,5317598,Curcuma xanthorrhiza,,
479,2-Pentadecen-4-yne,Zingiber officinale,556388,C15H26,206.20345083,CC=CC#CCCCCCCCCCC,CCCCCCCCCCC#CC=CC,0.014343476,0.15691186,0.017804053,0.0630198,0,Inactive (0/3),0.4,0.30555555,0.31111112,1,1,1,True,False,2-Pentadecen-4-yne,556388,Zingiber officinale,,
480,2-Phenylpropane,Zingiber officinale,7406,C9H12,120.09390038,CC(C)c1ccccc1,CC(C)C1=CC=CC=C1,0.030781569,0.10170787,0.047435693,0.059975043,0,Inactive (0/3),0.6666667,0.5851064,0.4117647,1,1,1,True,False,2-Phenylpropane,7406,Zingiber officinale,,
481,alpha-Cymene,Zingiber officinale,10870,C10H14,134.10955045,CC(C)Cc1ccccc1,CC(C)CC1=CC=CC=C1,0.018125637,0.12262077,0.036781676,0.059176028,0,Inactive (0/3),0.8333333,0.5777778,0.5217391,1,1,1,True,False,alpha-Cymene,10870,Zingiber officinale,,
482,beta-Cymene,Zingiber officinale,10812,C10H14,134.10955045,Cc1cccc(C(C)C)c1,CC1=CC(=CC=C1)C(C)C,0.030781569,0.09962494,0.044782568,0.058396358,0,Inactive (0/3),0.6666667,0.60638297,0.4117647,1,1,1,True,False,beta-Cymene,10812,Zingiber officinale,,
483,p-Cymene,Curcuma xanthorrhiza,7463,C10H14,134.10955045,Cc1ccc(C(C)C)cc1,CC1=CC=C(C=C1)C(C)C,0.030781569,0.09759124,0.03387927,0.05408403,0,Inactive (0/3),0.6666667,0.60638297,0.5,1,1,1,True,False,p-Cymene,7463,Curcuma xanthorrhiza | Forsythia suspensa | Zingiber officinale,,
484,gamma-Coniceine,Melissa officinalis,442632,C8H15N,125.12044949,CCCC1=NCCCC1,CCCC1=NCCCC1,0.041986473,0.09629652,0.01673049,0.05167116,0,Inactive (0/3),0.6666667,0.42857143,0.4,1,1,1,True,False,gamma-Coniceine,442632,Melissa officinalis,,
485,o-Diethylbenzene,Zingiber officinale,8657,C10H14,134.10955045,CCc1ccccc1CC,CCC1=CC=CC=C1CC,0.019733671,0.10412074,0.030763144,0.051539183,0,Inactive (0/3),0.6666667,0.5851064,0.3125,1,1,1,True,False,o-Diethylbenzene,8657,Zingiber officinale,,
486,Conhydrinone,Melissa officinalis,426124,C8H15NO,141.11536411,CCC(=O)C1CCCCN1,CCC(=O)C1CCCCN1,0.045095805,0.099931724,0.004819474,0.049949,0,Inactive (0/3),0.85714287,0.61904764,0.47368422,1,1,1,True,False,Conhydrinone,426124,Melissa officinalis,,
487,(R)-(-)-alpha-Curcumene,Zingiber officinale,92139,C15H22,202.1721507,CC(C)=CCCC(C)c1ccc(C)cc1,CC1=CC=C(C=C1)[C@H](C)CCC=C(C)C,0.030611819,0.09759124,0.014914625,0.0477059,0,Inactive (0/3),0.875,0.60638297,0.3243243,1,1,1,True,True,(R)-(-)-alpha-Curcumene | alpha-Curcumene,92139 | 442360,Zingiber officinale,,
488,5-Methoxytryptamine,Forsythia suspensa,1833,C11H14N2O,190.11061308,COc1ccc2[nH]cc(CCN)c2c1,COC1=CC2=C(C=C1)NC=C2CCN,0.050081022,0.07447827,0.016173344,0.04691088,0,Inactive (0/3),0.6666667,0.8,0.39130434,1,1,1,True,False,5-Methoxytryptamine,1833,Forsythia suspensa,,
489,(S)-(+)-Curcumene,Zingiber officinale,157009761,C15H22,202.1721507,C=CCCC(C)c1ccc(C)cc1,CC1=CC=C(C=C1)[C@@H](C)CCC=C,0.024454692,0.09759124,0.016087048,0.04604433,0,Inactive (0/3),0.6666667,0.60638297,0.3243243,1,1,1,True,False,(S)-(+)-Curcumene,157009761,Zingiber officinale,,
490,alpha-Calacorene,Zingiber officinale,12302243,C15H20,200.15650064,CC1=CCC(C(C)C)c2cc(C)ccc21,CC1=CC[C@H](C2=C1C=CC(=C2)C)C(C)C,0.030611819,0.08385555,0.021663973,0.045377117,0,Inactive (0/3),0.875,0.67021275,0.39285713,1,1,1,True,False,alpha-Calacorene,12302243,Zingiber officinale,,
491,(+)-Cuparene,Zingiber officinale,86895,C15H22,202.1721507,Cc1ccc(C2(C)CCCC2(C)C)cc1,CC1=CC=C(C=C1)[C@@]2(CCCC2(C)C)C,0.026025338,0.08676829,0.008890975,0.040561534,0,Inactive (0/3),0.71428573,0.5979381,0.34146342,1,1,1,True,False,(+)-Cuparene,86895,Zingiber officinale,,
492,trans-Calamenene,Zingiber officinale,6429022,C15H22,202.1721507,Cc1ccc2c(c1)C(C(C)C)CCC2C,C[C@H]1CC[C@@H](C2=C1C=CC(=C2)C)C(C)C,0.018125637,0.08385555,0.012047858,0.03800968,0,Inactive (0/3),0.8333333,0.67021275,0.44444445,1,1,1,True,False,trans-Calamenene,6429022,Zingiber officinale,,
